2026-09-17 10:03:47,745 [INFO] Activator:177 - 


2026-09-17 10:03:47,745 [INFO] Activator:178 - !SESSION log4j initialized
2026-09-17 10:05:18,409 [INFO] McuFinderGlobals:39 - Set McuFinder mode to 2 (CubeIDE integrated)
2026-09-17 10:05:18,528 [INFO] ApplicationProperties:181 - Using Application install path: D:\STM32CubeIDE_1.7.0\STM32CubeIDE\plugins\com.st.stm32cube.common.mx_6.3.0.202107141111
2026-09-17 10:05:18,544 [INFO] DbMcusXml:74 - Set database path to: D:\STM32CubeIDE_1.7.0\STM32CubeIDE\plugins\com.st.stm32cube.common.mx_6.3.0.202107141111\\db\/mcu/
2026-09-17 10:05:18,544 [INFO] DbBoardsPdsc:56 - Set plugin database path to: D:\STM32CubeIDE_1.7.0\STM32CubeIDE\plugins\com.st.stm32cube.common.mx_6.3.0.202107141111\\db\/plugins/boardmanager/
2026-09-17 10:05:18,544 [INFO] DbMcus:258 - Set plugin images path to: D:\STM32CubeIDE_1.7.0\STM32CubeIDE\plugins\com.st.stm32cube.common.mx_6.3.0.202107141111\\db\/plugins/mcufinder/images/
2026-09-17 10:05:18,544 [INFO] DbBoards:264 - Set plugin images path to: D:\STM32CubeIDE_1.7.0\STM32CubeIDE\plugins\com.st.stm32cube.common.mx_6.3.0.202107141111\\db\/plugins/mcufinder/images/
2026-09-17 10:05:18,544 [INFO] DbExamples:333 - Set plugin images path to: D:\STM32CubeIDE_1.7.0\STM32CubeIDE\plugins\com.st.stm32cube.common.mx_6.3.0.202107141111\\db\/plugins/mcufinder/images/
2026-09-17 10:05:18,544 [INFO] DbMcusAds:119 - Set database path to: C:\Users\Hius\.stmcufinder\plugins\mcufinder//mcu/
2026-09-17 10:05:18,544 [INFO] DbMcusDocs:110 - Set database path to: C:\Users\Hius\.stmcufinder\plugins\mcufinder//mcu/
2026-09-17 10:05:18,544 [INFO] DbMcusJson:64 - Set database path to: C:\Users\Hius\.stmcufinder\plugins\mcufinder//mcu/
2026-09-17 10:05:18,544 [INFO] DbBoardsDocs:110 - Set database path to: C:\Users\Hius\.stmcufinder\plugins\mcufinder//mcu/
2026-09-17 10:05:18,560 [INFO] DbBoardsJson:57 - Set database path to: C:\Users\Hius\.stmcufinder\plugins\mcufinder//mcu/
2026-09-17 10:05:18,576 [INFO] CrossReferenceDbSqlite:196 - Set database path to: C:\Users\Hius\.stmcufinder\plugins\mcufinder//mcu/cs/
2026-09-17 10:05:18,576 [INFO] DbExamplesSqlite:767 - Set database path to: C:\Users\Hius\.stmcufinder\plugins\mcufinder//mcu/
2026-09-17 10:05:18,623 [INFO] RulesReader:57 - Compatibility file has been processed (242 Rules)
2026-09-17 10:05:18,671 [INFO] DbMcusXml:74 - Set database path to: D:\STM32CubeIDE_1.7.0\STM32CubeIDE\plugins\com.st.stm32cube.common.mx_6.3.0.202107141111\\db\/mcu/
2026-09-17 10:05:18,671 [INFO] DbBoardsPdsc:56 - Set plugin database path to: D:\STM32CubeIDE_1.7.0\STM32CubeIDE\plugins\com.st.stm32cube.common.mx_6.3.0.202107141111\\db\/plugins/boardmanager/
2026-09-17 10:05:18,671 [INFO] DbMcus:258 - Set plugin images path to: D:\STM32CubeIDE_1.7.0\STM32CubeIDE\plugins\com.st.stm32cube.common.mx_6.3.0.202107141111\\db\/plugins/mcufinder/images/
2026-09-17 10:05:18,671 [INFO] DbBoards:264 - Set plugin images path to: D:\STM32CubeIDE_1.7.0\STM32CubeIDE\plugins\com.st.stm32cube.common.mx_6.3.0.202107141111\\db\/plugins/mcufinder/images/
2026-09-17 10:05:18,671 [INFO] DbExamples:333 - Set plugin images path to: D:\STM32CubeIDE_1.7.0\STM32CubeIDE\plugins\com.st.stm32cube.common.mx_6.3.0.202107141111\\db\/plugins/mcufinder/images/
2026-09-17 10:05:18,671 [WARN] DbFile:35 - Overriding database path with different value: C:\Users\Hius\.stmcufinder\plugins\mcufinder/ => C:\Users\Hius\.stmcufinder\plugins\mcufinder
2026-09-17 10:05:18,671 [INFO] DbMcusAds:119 - Set database path to: C:\Users\Hius\.stmcufinder\plugins\mcufinder//mcu/
2026-09-17 10:05:18,671 [WARN] DbFile:35 - Overriding database path with different value: C:\Users\Hius\.stmcufinder\plugins\mcufinder/ => C:\Users\Hius\.stmcufinder\plugins\mcufinder
2026-09-17 10:05:18,671 [INFO] DbMcusDocs:110 - Set database path to: C:\Users\Hius\.stmcufinder\plugins\mcufinder//mcu/
2026-09-17 10:05:18,671 [WARN] DbFile:35 - Overriding database path with different value: C:\Users\Hius\.stmcufinder\plugins\mcufinder/ => C:\Users\Hius\.stmcufinder\plugins\mcufinder
2026-09-17 10:05:18,671 [INFO] DbMcusJson:64 - Set database path to: C:\Users\Hius\.stmcufinder\plugins\mcufinder//mcu/
2026-09-17 10:05:18,671 [WARN] DbFile:35 - Overriding database path with different value: C:\Users\Hius\.stmcufinder\plugins\mcufinder/ => C:\Users\Hius\.stmcufinder\plugins\mcufinder
2026-09-17 10:05:18,671 [INFO] DbBoardsDocs:110 - Set database path to: C:\Users\Hius\.stmcufinder\plugins\mcufinder//mcu/
2026-09-17 10:05:18,671 [WARN] DbFile:35 - Overriding database path with different value: C:\Users\Hius\.stmcufinder\plugins\mcufinder/ => C:\Users\Hius\.stmcufinder\plugins\mcufinder
2026-09-17 10:05:18,671 [INFO] DbBoardsJson:57 - Set database path to: C:\Users\Hius\.stmcufinder\plugins\mcufinder//mcu/
2026-09-17 10:05:18,671 [WARN] DbFile:35 - Overriding database path with different value: C:\Users\Hius\.stmcufinder\plugins\mcufinder/ => C:\Users\Hius\.stmcufinder\plugins\mcufinder
2026-09-17 10:05:18,671 [WARN] DbFile:35 - Overriding database path with different value: C:\Users\Hius\.stmcufinder\plugins\mcufinder/ => C:\Users\Hius\.stmcufinder\plugins\mcufinder
2026-09-17 10:05:18,671 [INFO] CrossReferenceDbSqlite:196 - Set database path to: C:\Users\Hius\.stmcufinder\plugins\mcufinder//mcu/cs/
2026-09-17 10:05:18,671 [WARN] DbFile:35 - Overriding database path with different value: C:\Users\Hius\.stmcufinder\plugins\mcufinder/ => C:\Users\Hius\.stmcufinder\plugins\mcufinder
2026-09-17 10:05:18,671 [INFO] DbExamplesSqlite:767 - Set database path to: C:\Users\Hius\.stmcufinder\plugins\mcufinder//mcu/
2026-09-17 10:05:18,703 [INFO] MainPanel:214 - HeapMemory: 285212672
2026-09-17 10:05:18,734 [INFO] DbMcusXml:74 - Set database path to: D:\STM32CubeIDE_1.7.0\STM32CubeIDE\plugins\com.st.stm32cube.common.mx_6.3.0.202107141111\\db\/mcu/
2026-09-17 10:05:18,734 [INFO] DbBoardsPdsc:56 - Set plugin database path to: D:\STM32CubeIDE_1.7.0\STM32CubeIDE\plugins\com.st.stm32cube.common.mx_6.3.0.202107141111\\db\/plugins/boardmanager/
2026-09-17 10:05:18,734 [INFO] DbMcus:258 - Set plugin images path to: D:\STM32CubeIDE_1.7.0\STM32CubeIDE\plugins\com.st.stm32cube.common.mx_6.3.0.202107141111\\db\/plugins/mcufinder/images/
2026-09-17 10:05:18,734 [INFO] DbBoards:264 - Set plugin images path to: D:\STM32CubeIDE_1.7.0\STM32CubeIDE\plugins\com.st.stm32cube.common.mx_6.3.0.202107141111\\db\/plugins/mcufinder/images/
2026-09-17 10:05:18,734 [INFO] DbExamples:333 - Set plugin images path to: D:\STM32CubeIDE_1.7.0\STM32CubeIDE\plugins\com.st.stm32cube.common.mx_6.3.0.202107141111\\db\/plugins/mcufinder/images/
2026-09-17 10:05:18,734 [WARN] DbFile:35 - Overriding database path with different value: C:\Users\Hius\.stmcufinder\plugins\mcufinder/ => C:\Users\Hius\.stmcufinder\plugins\mcufinder
2026-09-17 10:05:18,734 [INFO] DbMcusAds:119 - Set database path to: C:\Users\Hius\.stmcufinder\plugins\mcufinder//mcu/
2026-09-17 10:05:18,734 [WARN] DbFile:35 - Overriding database path with different value: C:\Users\Hius\.stmcufinder\plugins\mcufinder/ => C:\Users\Hius\.stmcufinder\plugins\mcufinder
2026-09-17 10:05:18,734 [INFO] DbMcusDocs:110 - Set database path to: C:\Users\Hius\.stmcufinder\plugins\mcufinder//mcu/
2026-09-17 10:05:18,734 [WARN] DbFile:35 - Overriding database path with different value: C:\Users\Hius\.stmcufinder\plugins\mcufinder/ => C:\Users\Hius\.stmcufinder\plugins\mcufinder
2026-09-17 10:05:18,734 [INFO] DbMcusJson:64 - Set database path to: C:\Users\Hius\.stmcufinder\plugins\mcufinder//mcu/
2026-09-17 10:05:18,734 [WARN] DbFile:35 - Overriding database path with different value: C:\Users\Hius\.stmcufinder\plugins\mcufinder/ => C:\Users\Hius\.stmcufinder\plugins\mcufinder
2026-09-17 10:05:18,734 [INFO] DbBoardsDocs:110 - Set database path to: C:\Users\Hius\.stmcufinder\plugins\mcufinder//mcu/
2026-09-17 10:05:18,734 [WARN] DbFile:35 - Overriding database path with different value: C:\Users\Hius\.stmcufinder\plugins\mcufinder/ => C:\Users\Hius\.stmcufinder\plugins\mcufinder
2026-09-17 10:05:18,734 [INFO] DbBoardsJson:57 - Set database path to: C:\Users\Hius\.stmcufinder\plugins\mcufinder//mcu/
2026-09-17 10:05:18,734 [WARN] DbFile:35 - Overriding database path with different value: C:\Users\Hius\.stmcufinder\plugins\mcufinder/ => C:\Users\Hius\.stmcufinder\plugins\mcufinder
2026-09-17 10:05:18,734 [WARN] DbFile:35 - Overriding database path with different value: C:\Users\Hius\.stmcufinder\plugins\mcufinder/ => C:\Users\Hius\.stmcufinder\plugins\mcufinder
2026-09-17 10:05:18,734 [INFO] CrossReferenceDbSqlite:196 - Set database path to: C:\Users\Hius\.stmcufinder\plugins\mcufinder//mcu/cs/
2026-09-17 10:05:18,734 [WARN] DbFile:35 - Overriding database path with different value: C:\Users\Hius\.stmcufinder\plugins\mcufinder/ => C:\Users\Hius\.stmcufinder\plugins\mcufinder
2026-09-17 10:05:18,734 [INFO] DbExamplesSqlite:767 - Set database path to: C:\Users\Hius\.stmcufinder\plugins\mcufinder//mcu/
2026-09-17 10:05:18,750 [INFO] ApplicationProperties:181 - Using Application install path: D:\STM32CubeIDE_1.7.0\STM32CubeIDE\plugins\com.st.stm32cube.common.mx_6.3.0.202107141111
2026-09-17 10:05:18,750 [INFO] PluginManage:188 - Search for loadable plugins [exclusion list=, ]
2026-09-17 10:05:18,750 [INFO] PluginManage:302 - Check plugin analytics
2026-09-17 10:05:18,845 [INFO] AnalyticsPlugin:257 - Accepted Software Licenses: 
2026-09-17 10:05:18,845 [INFO] AnalyticsPlugin:259 - Accepted CMSIS Pack Licenses: 
2026-09-17 10:05:18,845 [INFO] AnalyticsPlugin:261 - Accepted Firmware Licenses: 
2026-09-17 10:05:18,845 [INFO] PluginManage:352 - Loaded plugin analytics (category:tool,tabindex:-1)
2026-09-17 10:05:18,845 [INFO] PluginManage:302 - Check plugin clock
2026-09-17 10:05:18,845 [INFO] PluginManage:352 - Loaded plugin clock (category:base,tabindex:2)
2026-09-17 10:05:18,845 [INFO] PluginManage:302 - Check plugin ddr
2026-09-17 10:05:18,845 [INFO] PluginManage:352 - Loaded plugin ddr (category:tool,tabindex:6)
2026-09-17 10:05:18,845 [INFO] PluginManage:302 - Check plugin filemanager
2026-09-17 10:05:18,909 [INFO] PluginManage:352 - Loaded plugin filemanager (category:base,tabindex:10)
2026-09-17 10:05:18,909 [INFO] PluginManage:302 - Check plugin ipmanager
2026-09-17 10:05:18,924 [INFO] PluginManage:352 - Loaded plugin ipmanager (category:base,tabindex:5)
2026-09-17 10:05:18,924 [INFO] PluginManage:302 - Check plugin pinoutandconfiguration
2026-09-17 10:05:18,924 [INFO] PluginManage:352 - Loaded plugin pinoutandconfiguration (category:base,tabindex:1)
2026-09-17 10:05:18,924 [INFO] PluginManage:302 - Check plugin pinoutconfig
2026-09-17 10:05:18,940 [INFO] PluginManage:352 - Loaded plugin pinoutconfig (category:base,tabindex:0)
2026-09-17 10:05:18,940 [INFO] PluginManage:302 - Check plugin power
2026-09-17 10:05:18,940 [INFO] PluginManage:352 - Loaded plugin power (category:power,tabindex:4)
2026-09-17 10:05:18,940 [INFO] PluginManage:302 - Check plugin projectmanager
2026-09-17 10:05:18,958 [INFO] PluginManage:352 - Loaded plugin projectmanager (category:projectmanager,tabindex:3)
2026-09-17 10:05:18,958 [INFO] PluginManage:302 - Check plugin thirdparty
2026-09-17 10:05:19,020 [INFO] PluginManage:352 - Loaded plugin thirdparty (category:base,tabindex:-1)
2026-09-17 10:05:19,020 [WARN] IntegrityCheckThread:78 - waiting for thirdparty lock release [integrity check]
2026-09-17 10:05:19,020 [INFO] PluginManage:302 - Check plugin tools
2026-09-17 10:05:19,020 [INFO] IntegrityCheckThread:80 - entering critical section [integrity check]
2026-09-17 10:05:19,020 [INFO] ThirdPartyUpdaterWithRetryManager:66 - Updater plugin not ready yet. [1/15]
2026-09-17 10:05:19,020 [INFO] PluginManage:352 - Loaded plugin tools (category:base,tabindex:7)
2026-09-17 10:05:19,020 [INFO] PluginManage:302 - Check plugin tutovideos
2026-09-17 10:05:19,116 [INFO] PluginManage:352 - Loaded plugin tutovideos (category:base,tabindex:-1)
2026-09-17 10:05:19,116 [INFO] PluginManage:302 - Check plugin updater
2026-09-17 10:05:19,134 [INFO] PluginManage:352 - Loaded plugin updater (category:base,tabindex:12)
2026-09-17 10:05:19,134 [INFO] PluginManage:275 - PluginManage : Loaded plugins [13]
2026-09-17 10:05:19,226 [INFO] PinOutPanel:1463 - setPackage(No Configuration,No Configuration)
2026-09-17 10:05:19,289 [INFO] IPUIPlugin:74 - create IPUIPlugin
2026-09-17 10:05:19,289 [INFO] PluginManager:213 - loadIPPluginJar : add adc
2026-09-17 10:05:19,289 [INFO] IPUIPlugin:74 - create IPUIPlugin
2026-09-17 10:05:19,289 [INFO] PluginManager:213 - loadIPPluginJar : add aes
2026-09-17 10:05:19,289 [INFO] IPUIPlugin:74 - create IPUIPlugin
2026-09-17 10:05:19,289 [INFO] PluginManager:213 - loadIPPluginJar : add can
2026-09-17 10:05:19,289 [INFO] IPUIPlugin:74 - create IPUIPlugin
2026-09-17 10:05:19,289 [INFO] PluginManager:213 - loadIPPluginJar : add comp
2026-09-17 10:05:19,289 [INFO] IPUIPlugin:74 - create IPUIPlugin
2026-09-17 10:05:19,289 [INFO] PluginManager:213 - loadIPPluginJar : add cryp
2026-09-17 10:05:19,289 [INFO] IPUIPlugin:74 - create IPUIPlugin
2026-09-17 10:05:19,289 [INFO] PluginManager:213 - loadIPPluginJar : add dfsdm
2026-09-17 10:05:19,305 [INFO] IPUIPlugin:74 - create IPUIPlugin
2026-09-17 10:05:19,305 [INFO] PluginManager:213 - loadIPPluginJar : add dma
2026-09-17 10:05:19,305 [INFO] IPUIPlugin:74 - create IPUIPlugin
2026-09-17 10:05:19,305 [INFO] PluginManager:213 - loadIPPluginJar : add dma3
2026-09-17 10:05:19,305 [INFO] IPUIPlugin:74 - create IPUIPlugin
2026-09-17 10:05:19,305 [INFO] PluginManager:213 - loadIPPluginJar : add fatfs
2026-09-17 10:05:19,305 [INFO] IPUIPlugin:74 - create IPUIPlugin
2026-09-17 10:05:19,305 [INFO] PluginManager:213 - loadIPPluginJar : add fmc
2026-09-17 10:05:19,305 [INFO] IPUIPlugin:74 - create IPUIPlugin
2026-09-17 10:05:19,305 [INFO] PluginManager:213 - loadIPPluginJar : add freertos
2026-09-17 10:05:19,305 [INFO] IPUIPlugin:74 - create IPUIPlugin
2026-09-17 10:05:19,305 [INFO] PluginManager:213 - loadIPPluginJar : add genericplugin
2026-09-17 10:05:19,305 [INFO] IPUIPlugin:74 - create IPUIPlugin
2026-09-17 10:05:19,305 [INFO] PluginManager:213 - loadIPPluginJar : add gfxmmu
2026-09-17 10:05:19,305 [INFO] IPUIPlugin:74 - create IPUIPlugin
2026-09-17 10:05:19,305 [INFO] PluginManager:213 - loadIPPluginJar : add gic
2026-09-17 10:05:19,305 [INFO] IPUIPlugin:74 - create IPUIPlugin
2026-09-17 10:05:19,305 [INFO] PluginManager:213 - loadIPPluginJar : add gpio
2026-09-17 10:05:19,305 [INFO] IPUIPlugin:74 - create IPUIPlugin
2026-09-17 10:05:19,305 [INFO] PluginManager:213 - loadIPPluginJar : add gtzc
2026-09-17 10:05:19,305 [INFO] IPUIPlugin:74 - create IPUIPlugin
2026-09-17 10:05:19,305 [INFO] PluginManager:213 - loadIPPluginJar : add hash
2026-09-17 10:05:19,321 [INFO] IPUIPlugin:74 - create IPUIPlugin
2026-09-17 10:05:19,321 [INFO] PluginManager:213 - loadIPPluginJar : add i2c
2026-09-17 10:05:19,321 [INFO] IPUIPlugin:74 - create IPUIPlugin
2026-09-17 10:05:19,321 [INFO] PluginManager:213 - loadIPPluginJar : add i2s
2026-09-17 10:05:19,321 [INFO] IPUIPlugin:74 - create IPUIPlugin
2026-09-17 10:05:19,321 [INFO] PluginManager:213 - loadIPPluginJar : add ipddr
2026-09-17 10:05:19,321 [INFO] IPUIPlugin:74 - create IPUIPlugin
2026-09-17 10:05:19,321 [INFO] PluginManager:213 - loadIPPluginJar : add linkedlist
2026-09-17 10:05:19,321 [INFO] IPUIPlugin:74 - create IPUIPlugin
2026-09-17 10:05:19,321 [INFO] PluginManager:213 - loadIPPluginJar : add lorawan
2026-09-17 10:05:19,321 [INFO] IPUIPlugin:74 - create IPUIPlugin
2026-09-17 10:05:19,321 [INFO] PluginManager:213 - loadIPPluginJar : add ltdc
2026-09-17 10:05:19,321 [INFO] IPUIPlugin:74 - create IPUIPlugin
2026-09-17 10:05:19,321 [INFO] PluginManager:213 - loadIPPluginJar : add mdma
2026-09-17 10:05:19,321 [INFO] IPUIPlugin:74 - create IPUIPlugin
2026-09-17 10:05:19,321 [INFO] PluginManager:213 - loadIPPluginJar : add nvic
2026-09-17 10:05:19,321 [INFO] IPUIPlugin:74 - create IPUIPlugin
2026-09-17 10:05:19,321 [INFO] PluginManager:213 - loadIPPluginJar : add opamp
2026-09-17 10:05:19,321 [INFO] IPUIPlugin:74 - create IPUIPlugin
2026-09-17 10:05:19,321 [INFO] PluginManager:213 - loadIPPluginJar : add openamp
2026-09-17 10:05:19,321 [INFO] IPUIPlugin:74 - create IPUIPlugin
2026-09-17 10:05:19,337 [INFO] PluginManager:213 - loadIPPluginJar : add pdm2pcm
2026-09-17 10:05:19,337 [INFO] IPUIPlugin:74 - create IPUIPlugin
2026-09-17 10:05:19,337 [INFO] PluginManager:213 - loadIPPluginJar : add plateformsettings
2026-09-17 10:05:19,337 [INFO] IPUIPlugin:74 - create IPUIPlugin
2026-09-17 10:05:19,337 [INFO] PluginManager:213 - loadIPPluginJar : add quadspi
2026-09-17 10:05:19,337 [INFO] IPUIPlugin:74 - create IPUIPlugin
2026-09-17 10:05:19,337 [INFO] PluginManager:213 - loadIPPluginJar : add resmgrutility
2026-09-17 10:05:19,337 [INFO] IPUIPlugin:74 - create IPUIPlugin
2026-09-17 10:05:19,337 [INFO] PluginManager:213 - loadIPPluginJar : add sai
2026-09-17 10:05:19,349 [INFO] IPUIPlugin:74 - create IPUIPlugin
2026-09-17 10:05:19,349 [INFO] PluginManager:213 - loadIPPluginJar : add spi
2026-09-17 10:05:19,353 [INFO] IPUIPlugin:74 - create IPUIPlugin
2026-09-17 10:05:19,353 [INFO] PluginManager:213 - loadIPPluginJar : add stm32_wpan
2026-09-17 10:05:19,353 [INFO] IPUIPlugin:74 - create IPUIPlugin
2026-09-17 10:05:19,353 [INFO] PluginManager:213 - loadIPPluginJar : add tim
2026-09-17 10:05:19,353 [INFO] IPUIPlugin:74 - create IPUIPlugin
2026-09-17 10:05:19,353 [INFO] PluginManager:213 - loadIPPluginJar : add touchsensing
2026-09-17 10:05:19,353 [INFO] IPUIPlugin:74 - create IPUIPlugin
2026-09-17 10:05:19,353 [INFO] PluginManager:213 - loadIPPluginJar : add tracer_emb
2026-09-17 10:05:19,353 [INFO] IPUIPlugin:74 - create IPUIPlugin
2026-09-17 10:05:19,353 [INFO] PluginManager:213 - loadIPPluginJar : add ts
2026-09-17 10:05:19,353 [INFO] IPUIPlugin:74 - create IPUIPlugin
2026-09-17 10:05:19,353 [INFO] PluginManager:213 - loadIPPluginJar : add tsc
2026-09-17 10:05:19,353 [INFO] IPUIPlugin:74 - create IPUIPlugin
2026-09-17 10:05:19,353 [INFO] PluginManager:213 - loadIPPluginJar : add ucpd
2026-09-17 10:05:19,353 [INFO] IPUIPlugin:74 - create IPUIPlugin
2026-09-17 10:05:19,353 [INFO] PluginManager:213 - loadIPPluginJar : add usart
2026-09-17 10:05:19,353 [INFO] IPUIPlugin:74 - create IPUIPlugin
2026-09-17 10:05:19,353 [INFO] PluginManager:213 - loadIPPluginJar : add usbx
2026-09-17 10:05:19,572 [FATAL] Updater:294 - Updater called before beeing initialized
2026-09-17 10:05:19,631 [FATAL] Updater:294 - Updater called before beeing initialized
2026-09-17 10:05:19,633 [INFO] DbMcusAds:47 - JSON generation date=Tue May 11 22:32:49 ICT 2021 (1620747169502)
2026-09-17 10:05:19,633 [FATAL] Updater:294 - Updater called before beeing initialized
2026-09-17 10:05:19,653 [WARN] DetailPanel:314 - Failed to get advertising image, set to default
2026-09-17 10:05:19,717 [FATAL] Updater:294 - Updater called before beeing initialized
2026-09-17 10:05:19,719 [FATAL] Updater:294 - Updater called before beeing initialized
2026-09-17 10:05:19,719 [FATAL] Updater:294 - Updater called before beeing initialized
2026-09-17 10:05:19,719 [WARN] DetailPanel:314 - Failed to get advertising image, set to default
2026-09-17 10:05:19,721 [FATAL] Updater:294 - Updater called before beeing initialized
2026-09-17 10:05:19,749 [ERROR] Updater:1075 - MainUpdater not yet initialized. External WinMGr cannot be set.
2026-09-17 10:05:19,749 [INFO] Updater:1012 - Updater Version found : 6.3.0
2026-09-17 10:05:19,755 [INFO] ApplicationProperties:181 - Using Application install path: D:\STM32CubeIDE_1.7.0\STM32CubeIDE\plugins\com.st.stm32cube.common.mx_6.3.0.202107141111
2026-09-17 10:05:19,979 [INFO] MainUpdater:2671 - connection check result : 10
2026-09-17 10:05:19,979 [INFO] MainUpdater:265 - Updater Check For Update Now.
2026-09-17 10:05:19,979 [INFO] MicroXplorer:478 - Change Database Version : DB.6.0.30
2026-09-17 10:05:20,123 [INFO] CheckServerUpdateThread:112 - End of CheckServer Thread
2026-09-17 10:05:20,203 [INFO] MainUpdater:2671 - connection check result : 10
2026-09-17 10:05:20,205 [INFO] McuFinderGlobals:52 - Set McuFinderConnectedMode to true
2026-09-17 10:05:20,393 [INFO] ServerAccessManage:362 - Download File mcusAds.json._tmp_
2026-09-17 10:05:20,512 [INFO] LoadUrlFilesThread:145 - End of LoadUrlFiles Thread
2026-09-17 10:05:22,027 [WARN] MainUpdater:1122 - Updater busy. Cannot search thirdparties
2026-09-17 10:05:22,027 [INFO] ThirdPartyUpdaterWithRetryManager:92 - Updater plugin is busy. [1/15]
2026-09-17 10:05:25,029 [WARN] MainUpdater:1122 - Updater busy. Cannot search thirdparties
2026-09-17 10:05:25,029 [INFO] ThirdPartyUpdaterWithRetryManager:92 - Updater plugin is busy. [2/15]
2026-09-17 10:05:28,038 [WARN] MainUpdater:1122 - Updater busy. Cannot search thirdparties
2026-09-17 10:05:28,038 [INFO] ThirdPartyUpdaterWithRetryManager:92 - Updater plugin is busy. [3/15]
2026-09-17 10:05:31,047 [WARN] MainUpdater:1122 - Updater busy. Cannot search thirdparties
2026-09-17 10:05:31,047 [INFO] ThirdPartyUpdaterWithRetryManager:92 - Updater plugin is busy. [4/15]
2026-09-17 10:05:34,057 [WARN] MainUpdater:1122 - Updater busy. Cannot search thirdparties
2026-09-17 10:05:34,057 [INFO] ThirdPartyUpdaterWithRetryManager:92 - Updater plugin is busy. [5/15]
2026-09-17 10:05:37,071 [WARN] MainUpdater:1122 - Updater busy. Cannot search thirdparties
2026-09-17 10:05:37,071 [INFO] ThirdPartyUpdaterWithRetryManager:92 - Updater plugin is busy. [6/15]
2026-09-17 10:05:40,087 [WARN] MainUpdater:1122 - Updater busy. Cannot search thirdparties
2026-09-17 10:05:40,087 [INFO] ThirdPartyUpdaterWithRetryManager:92 - Updater plugin is busy. [7/15]
2026-09-17 10:05:40,756 [ERROR] ServerAccessManage:1016 - HTTP unexpected response (522) for https://stmcufinder.com/API/getFiles.php?
2026-09-17 10:05:40,772 [ERROR] ServerAccessManage:531 - Error during Access to HTTP Server. : mcusDocs.json._tmp_.
2026-09-17 10:05:43,088 [WARN] MainUpdater:1122 - Updater busy. Cannot search thirdparties
2026-09-17 10:05:43,088 [INFO] ThirdPartyUpdaterWithRetryManager:92 - Updater plugin is busy. [8/15]
2026-09-17 10:05:46,097 [WARN] MainUpdater:1122 - Updater busy. Cannot search thirdparties
2026-09-17 10:05:46,097 [INFO] ThirdPartyUpdaterWithRetryManager:92 - Updater plugin is busy. [9/15]
2026-09-17 10:05:48,288 [INFO] LoadUrlFilesThread:145 - End of LoadUrlFiles Thread
2026-09-17 10:05:49,150 [INFO] DbMcusAds:47 - JSON generation date=Wed Jul 15 16:44:54 ICT 2026 (1784108694001)
2026-09-17 10:05:49,164 [INFO] DbMcusDocs:143 - JSON generation date=Mon Jun 07 15:53:21 ICT 2021 (1623056001)
2026-09-17 10:05:49,164 [INFO] DbMcusXml:100 - Load MCU database from D:\STM32CubeIDE_1.7.0\STM32CubeIDE\plugins\com.st.stm32cube.common.mx_6.3.0.202107141111\\db\/mcu/families.xml
2026-09-17 10:05:49,227 [WARN] PackLoader:238 - Cannot read IP mode file for STMicroelectronics.X-CUBE-AZRTOS-H7.3.5.0
2026-09-17 10:05:49,243 [WARN] PackLoader:238 - Cannot read IP mode file for STMicroelectronics.FP-ATR-ASTRA1.2.0.3
2026-09-17 10:05:49,243 [ERROR] Engine:463 - C:\Users\Hius\.stm32cubemx\thirdparties\pdsc\STMicroelectronics.X-CUBE-SMBUS.2.1.1.pdsc: PDSC version is not supported
2026-09-17 10:05:49,259 [WARN] PackLoader:238 - Cannot read IP mode file for STMicroelectronics.X-CUBE-AZRTOS-F7.1.1.0
2026-09-17 10:05:49,275 [ERROR] Engine:463 - C:\Users\Hius\.stm32cubemx\thirdparties\pdsc\STMicroelectronics.X-CUBE-FREERTOS.1.6.0.pdsc: PDSC version is not supported
2026-09-17 10:05:49,275 [ERROR] Engine:463 - C:\Users\Hius\.stm32cubemx\thirdparties\pdsc\STMicroelectronics.FP-SNS-MOTENV1.5.1.0.pdsc: PDSC version is not supported
2026-09-17 10:05:49,293 [WARN] PackLoader:238 - Cannot read IP mode file for STMicroelectronics.X-CUBE-AZRTOS-H7RS.1.3.0
2026-09-17 10:05:49,293 [ERROR] Engine:463 - C:\Users\Hius\.stm32cubemx\thirdparties\pdsc\WES.I-CUBE-Cesium.1.4.0.pdsc: PDSC version is not supported
2026-09-17 10:05:49,293 [ERROR] Engine:463 - C:\Users\Hius\.stm32cubemx\thirdparties\pdsc\STMicroelectronics.X-CUBE-DISPLAY.3.0.0.pdsc: PDSC version is not supported
2026-09-17 10:05:49,293 [WARN] PackLoader:238 - Cannot read IP mode file for STMicroelectronics.X-CUBE-GNSS1.7.1.1
2026-09-17 10:05:49,293 [ERROR] Engine:463 - C:\Users\Hius\.stm32cubemx\thirdparties\pdsc\STMicroelectronics.FP-SNS-MOTENVWB1.1.5.0.pdsc: PDSC version is not supported
2026-09-17 10:05:49,306 [WARN] PackLoader:238 - Cannot read IP mode file for STMicroelectronics.X-CUBE-NFC10.1.0.0
2026-09-17 10:05:49,306 [ERROR] Engine:463 - C:\Users\Hius\.stm32cubemx\thirdparties\pdsc\STMicroelectronics.X-CUBE-ST60.1.1.0.pdsc: PDSC version is not supported
2026-09-17 10:05:49,322 [ERROR] Engine:463 - C:\Users\Hius\.stm32cubemx\thirdparties\pdsc\emotas.I-CUBE-CANOPEN.1.3.0.pdsc: PDSC version is not supported
2026-09-17 10:05:49,322 [WARN] PackLoader:238 - Cannot read IP mode file for wolfSSL.I-CUBE-wolfSSL.5.9.2
2026-09-17 10:05:49,322 [ERROR] Engine:463 - C:\Users\Hius\.stm32cubemx\thirdparties\pdsc\STMicroelectronics.X-CUBE-WBA.1.1.0.pdsc: PDSC version is not supported
2026-09-17 10:05:49,322 [ERROR] Engine:463 - C:\Users\Hius\.stm32cubemx\thirdparties\pdsc\STMicroelectronics.FP-SNS-STBOX1.2.1.0.pdsc: PDSC version is not supported
2026-09-17 10:05:49,322 [ERROR] Engine:463 - C:\Users\Hius\.stm32cubemx\thirdparties\pdsc\STMicroelectronics.FP-SNS-SMARTAG2.1.2.0.pdsc: PDSC version is not supported
2026-09-17 10:05:49,322 [ERROR] Engine:463 - C:\Users\Hius\.stm32cubemx\thirdparties\pdsc\STMicroelectronics.FP-SNS-FLIGHT1.5.1.0.pdsc: PDSC version is not supported
2026-09-17 10:05:49,334 [INFO] LogOutputStream:76 - [STDOUT_REDIRECT] 1 : Invalid condition id : UX_CORESTACK_Condition cause : null
2026-09-17 10:05:49,338 [INFO] LogOutputStream:76 - [STDOUT_REDIRECT] 1 : Invalid condition id : UX_CORESTACK_Condition cause : null
2026-09-17 10:05:49,338 [INFO] LogOutputStream:76 - [STDOUT_REDIRECT] 1 : Invalid condition id : UX_CORESTACK_Condition cause : null
2026-09-17 10:05:49,338 [INFO] LogOutputStream:76 - [STDOUT_REDIRECT] 1 : Invalid condition id : UX_CORESTACK_Condition cause : null
2026-09-17 10:05:49,338 [INFO] LogOutputStream:76 - [STDOUT_REDIRECT] 1 : Invalid condition id : UX_CORESTACK_Condition cause : null
2026-09-17 10:05:49,338 [WARN] PackLoader:238 - Cannot read IP mode file for STMicroelectronics.X-CUBE-AZRTOS-WL.2.0.0
2026-09-17 10:05:49,338 [WARN] PackLoader:238 - Cannot read IP mode file for STMicroelectronics.X-CUBE-BLE2.3.3.0
2026-09-17 10:05:49,338 [ERROR] Engine:463 - C:\Users\Hius\.stm32cubemx\thirdparties\pdsc\Avnet-IOTCONNECT.X-CUBE-iotc-st67-sdk.1.0.0.pdsc: PDSC version is not supported
2026-09-17 10:05:49,338 [ERROR] Engine:463 - C:\Users\Hius\.stm32cubemx\thirdparties\pdsc\Infineon.AIROC-Wi-Fi-Bluetooth-STM32.1.8.0.pdsc: PDSC version is not supported
2026-09-17 10:05:49,359 [WARN] PackLoader:238 - Cannot read IP mode file for STMicroelectronics.X-CUBE-NFC9.1.0.0
2026-09-17 10:05:49,364 [WARN] PackLoader:238 - Cannot read IP mode file for STMicroelectronics.X-CUBE-BLE1.7.1.0
2026-09-17 10:05:49,370 [WARN] PackLoader:238 - Cannot read IP mode file for wolfSSL.I-CUBE-wolfMQTT.1.19.2
2026-09-17 10:05:49,377 [WARN] PackLoader:238 - Cannot read IP mode file for STMicroelectronics.X-CUBE-EEPRMA1.5.2.0
2026-09-17 10:05:49,386 [WARN] PackLoader:238 - Cannot read IP mode file for STMicroelectronics.X-CUBE-AZRTOS-G0.1.1.0
2026-09-17 10:05:49,397 [WARN] PackLoader:238 - Cannot read IP mode file for STMicroelectronics.X-CUBE-NFC4.3.0.0
2026-09-17 10:05:49,399 [ERROR] Engine:463 - C:\Users\Hius\.stm32cubemx\thirdparties\pdsc\EmbeddedOffice.I-CUBE-FS-RTOS.1.0.1.pdsc: PDSC version is not supported
2026-09-17 10:05:49,401 [WARN] PackLoader:238 - Cannot read IP mode file for wolfSSL.I-CUBE-wolfTPM.3.8.0
2026-09-17 10:05:49,402 [ERROR] Engine:463 - C:\Users\Hius\.stm32cubemx\thirdparties\pdsc\STMicroelectronics.X-CUBE-TCPP.4.2.0.pdsc: PDSC version is not supported
2026-09-17 10:05:49,402 [ERROR] Engine:463 - C:\Users\Hius\.stm32cubemx\thirdparties\pdsc\RealThread.X-CUBE-RT-Thread_Nano.4.1.1.pdsc: PDSC version is not supported
2026-09-17 10:05:49,407 [WARN] PackLoader:238 - Cannot read IP mode file for STMicroelectronics.FP-ATR-SIGFOX1.3.2.0
2026-09-17 10:05:49,418 [ERROR] Engine:463 - C:\Users\Hius\.stm32cubemx\thirdparties\pdsc\ITTIA_DB.I-CUBE-ITTIADB.8.9.0.pdsc: PDSC version is not supported
2026-09-17 10:05:49,418 [ERROR] Engine:463 - C:\Users\Hius\.stm32cubemx\thirdparties\pdsc\Cesanta.I-CUBE-Mongoose.7.21.7.pdsc: PDSC version is not supported
2026-09-17 10:05:49,418 [WARN] PackLoader:238 - Cannot read IP mode file for STMicroelectronics.X-CUBE-NFC6.3.2.0
2026-09-17 10:05:49,418 [WARN] PackLoader:238 - Cannot read IP mode file for STMicroelectronics.X-CUBE-AI.10.2.1
2026-09-17 10:05:49,450 [WARN] PackLoader:238 - Cannot read IP mode file for SEGGER.I-CUBE-embOS.1.3.1
2026-09-17 10:05:49,482 [ERROR] Engine:463 - C:\Users\Hius\.stm32cubemx\thirdparties\pdsc\STMicroelectronics.FP-SNS-STAIOTCFT.2.0.0.pdsc: PDSC version is not supported
2026-09-17 10:05:49,491 [WARN] PackLoader:238 - Cannot read IP mode file for STMicroelectronics.X-CUBE-NFC13.1.0.0
2026-09-17 10:05:49,491 [WARN] PackLoader:238 - Cannot read IP mode file for STMicroelectronics.X-CUBE-PM33A1.1.0.0
2026-09-17 10:05:49,505 [WARN] PackLoader:238 - Cannot read IP mode file for STMicroelectronics.X-CUBE-AZRTOS-F4.1.1.0
2026-09-17 10:05:49,509 [WARN] PackLoader:238 - Cannot read IP mode file for STMicroelectronics.X-CUBE-ISPU.2.1.0
2026-09-17 10:05:49,514 [ERROR] Engine:463 - C:\Users\Hius\.stm32cubemx\thirdparties\pdsc\STMicroelectronics.X-CUBE-IPS.3.2.0.pdsc: PDSC version is not supported
2026-09-17 10:05:49,514 [ERROR] Engine:463 - C:\Users\Hius\.stm32cubemx\thirdparties\pdsc\STMicroelectronics.eDS-WB_DPC_TT-BIDIR.2.1.1.pdsc: PDSC version is not supported
2026-09-17 10:05:49,514 [WARN] PackLoader:238 - Cannot read IP mode file for STMicroelectronics.X-CUBE-NFC12.1.0.0
2026-09-17 10:05:49,530 [WARN] PackLoader:238 - Cannot read IP mode file for STMicroelectronics.X-CUBE-AZRTOS-L5.2.0.0
2026-09-17 10:05:49,546 [WARN] PackLoader:238 - Cannot read IP mode file for STMicroelectronics.X-CUBE-ALGOBUILD.1.5.0
2026-09-17 10:05:49,546 [ERROR] Engine:463 - C:\Users\Hius\.stm32cubemx\thirdparties\pdsc\STMicroelectronics.eDS-WB_DPC_VIENNA.1.2.0.pdsc: PDSC version is not supported
2026-09-17 10:05:49,586 [WARN] PackLoader:238 - Cannot read IP mode file for STMicroelectronics.X-CUBE-MEMS1.13.0.0
2026-09-17 10:05:49,595 [INFO] DbMcusJson:93 - JSON generation date=Mon Jun 07 15:53:21 ICT 2021 (1623056001)
2026-09-17 10:05:49,666 [ERROR] Engine:463 - C:\Users\Hius\.stm32cubemx\thirdparties\pdsc\STMicroelectronics.eDS-WB_DPC_3PH2L-BIDIR.1.1.1.pdsc: PDSC version is not supported
2026-09-17 10:05:49,673 [ERROR] Engine:463 - C:\Users\Hius\.stm32cubemx\thirdparties\pdsc\STMicroelectronics.X-CUBE-ST67W61.1.3.0.pdsc: PDSC version is not supported
2026-09-17 10:05:49,673 [WARN] PackLoader:238 - Cannot read IP mode file for STMicroelectronics.X-CUBE-TOUCHGFX.4.26.1
2026-09-17 10:05:49,673 [ERROR] Engine:463 - C:\Users\Hius\.stm32cubemx\thirdparties\pdsc\STMicroelectronics.X-CUBE-DPower.1.3.0.pdsc: PDSC version is not supported
2026-09-17 10:05:49,673 [WARN] ConditionMgr:437 - getConditionDescription Invalid condition id : LAN8742 Phy interface Condition cause : null
2026-09-17 10:05:49,673 [WARN] PackLoader:238 - Cannot read IP mode file for STMicroelectronics.X-CUBE-AZRTOS-L4.2.0.0
2026-09-17 10:05:49,673 [WARN] ConditionMgr:1038 - genDependencies : Invalid condition id : LAN8742 Phy interface Condition cause : null
2026-09-17 10:05:49,689 [WARN] ConditionMgr:1038 - genDependencies : Invalid condition id : LAN8742 Phy interface Condition cause : null
2026-09-17 10:05:49,689 [WARN] ConditionMgr:1038 - genDependencies : Invalid condition id : LAN8742 Phy interface Condition cause : null
2026-09-17 10:05:49,689 [WARN] PackLoader:238 - Cannot read IP mode file for STMicroelectronics.X-CUBE-SFXS2LP1.4.0.0
2026-09-17 10:05:49,689 [WARN] PackLoader:238 - Cannot read IP mode file for STMicroelectronics.X-CUBE-WB05N.2.1.0
2026-09-17 10:05:49,708 [WARN] ConditionMgr:437 - getConditionDescription Invalid condition id : UX DEVICE CLASS RTOS Condition cause : null
2026-09-17 10:05:49,708 [WARN] ConditionMgr:437 - getConditionDescription Invalid condition id : UX DEVICE CLASS RTOS Condition cause : null
2026-09-17 10:05:49,710 [WARN] PackLoader:238 - Cannot read IP mode file for STMicroelectronics.X-CUBE-AZRTOS-WB.2.0.0
2026-09-17 10:05:49,710 [WARN] ConditionMgr:1038 - genDependencies : Invalid condition id : UX DEVICE CLASS RTOS Condition cause : null
2026-09-17 10:05:49,710 [WARN] ConditionMgr:1038 - genDependencies : Invalid condition id : UX DEVICE CLASS RTOS Condition cause : null
2026-09-17 10:05:49,710 [WARN] ConditionMgr:1038 - genDependencies : Invalid condition id : UX DEVICE CLASS RTOS Condition cause : null
2026-09-17 10:05:49,710 [WARN] ConditionMgr:1038 - genDependencies : Invalid condition id : UX DEVICE CLASS RTOS Condition cause : null
2026-09-17 10:05:49,710 [WARN] ConditionMgr:1038 - genDependencies : Invalid condition id : UX DEVICE CLASS RTOS Condition cause : null
2026-09-17 10:05:49,710 [ERROR] Engine:463 - C:\Users\Hius\.stm32cubemx\thirdparties\pdsc\quantropi.X-CUBE-qispace-sdk-base.2.1.0.pdsc: PDSC version is not supported
2026-09-17 10:05:49,720 [WARN] PackLoader:238 - Cannot read IP mode file for STMicroelectronics.X-CUBE-STSE01.2.0.0
2026-09-17 10:05:49,729 [WARN] PackLoader:238 - Cannot read IP mode file for STMicroelectronics.X-CUBE-SUBG2.5.0.0
2026-09-17 10:05:49,736 [WARN] PackLoader:238 - Cannot read IP mode file for STMicroelectronics.X-CUBE-AZRTOS-G4.2.0.0
2026-09-17 10:05:49,749 [WARN] PackLoader:238 - Cannot read IP mode file for wolfSSL.I-CUBE-wolfSSH.1.4.20
2026-09-17 10:05:49,753 [WARN] PackLoader:238 - Cannot read IP mode file for STMicroelectronics.X-CUBE-NFC7.2.0.0
2026-09-17 10:05:49,753 [ERROR] Engine:463 - C:\Users\Hius\.stm32cubemx\thirdparties\pdsc\STMicroelectronics.X-CUBE-BLEMGR.4.2.0.pdsc: PDSC version is not supported
2026-09-17 10:05:49,753 [ERROR] Engine:463 - C:\Users\Hius\.stm32cubemx\thirdparties\pdsc\STMicroelectronics.X-CUBE-ALS.1.0.2.pdsc: PDSC version is not supported
2026-09-17 10:05:49,753 [ERROR] Engine:463 - C:\Users\Hius\.stm32cubemx\thirdparties\pdsc\STMicroelectronics.X-CUBE-TOF1.3.4.3.pdsc: PDSC version is not supported
2026-09-17 10:05:49,753 [INFO] ThirdParty:915 - Integrity check success = true
2026-09-17 10:05:49,753 [INFO] IntegrityCheckThread:94 - exiting critical section [integrity check]
2026-09-17 10:05:49,753 [INFO] IntegrityCheckThread:97 - End integrity checks thread
2026-09-17 10:05:49,926 [INFO] DbMcus:175 - Found 1951 MCUs (1903 are supported by CubeMX, 1903 are visible in CubeMX)
2026-09-17 10:05:49,926 [INFO] ApiDb:251 - Load user favorites file C:\Users\Hius/.stm32cubeide/favorites.mcus.txt: 0 item(s)
2026-09-17 10:05:49,926 [INFO] ApiDb:255 - User favorites MCUs=[]
2026-09-17 10:05:49,926 [INFO] DbMcus:187 - Set 0 / 0 favorites MCUs
2026-09-17 10:05:50,224 [INFO] DbMcusDocs:79 - Found 669 MCUs documents
2026-09-17 10:05:50,225 [INFO] ApiDb:276 - Save user favorites file C:\Users\Hius/.stm32cubeide/favorites.mcus.txt: 0 item(s)
2026-09-17 10:05:50,225 [INFO] ApiDb:280 - User favorites MCUs=[]
2026-09-17 10:05:50,226 [INFO] DbMcusXml:100 - Load MCU database from D:\STM32CubeIDE_1.7.0\STM32CubeIDE\plugins\com.st.stm32cube.common.mx_6.3.0.202107141111\\db\/mcu/families.xml
2026-09-17 10:05:50,581 [INFO] DbMcusJson:93 - JSON generation date=Mon Jun 07 15:53:21 ICT 2021 (1623056001)
2026-09-17 10:05:50,860 [INFO] DbMcus:175 - Found 1951 MCUs (1903 are supported by CubeMX, 1903 are visible in CubeMX)
2026-09-17 10:05:50,860 [INFO] ApiDb:251 - Load user favorites file C:\Users\Hius/.stm32cubeide/favorites.mcus.txt: 0 item(s)
2026-09-17 10:05:50,860 [INFO] ApiDb:255 - User favorites MCUs=[]
2026-09-17 10:05:50,860 [INFO] DbMcus:187 - Set 0 / 0 favorites MCUs
2026-09-17 10:05:50,892 [INFO] DbBoardsDocs:143 - JSON generation date=Tue Jun 01 12:52:40 ICT 2021 (1622526760)
2026-09-17 10:05:50,909 [INFO] DbBoardsPdsc:90 - Found 25 items
2026-09-17 10:05:50,920 [INFO] DbBoardsPdsc:90 - Found 9 items
2026-09-17 10:05:50,923 [INFO] DbBoardsPdsc:90 - Found 33 items
2026-09-17 10:05:50,942 [INFO] DbBoardsPdsc:90 - Found 1 items
2026-09-17 10:05:50,955 [INFO] DbBoardsPdsc:90 - Found 48 items
2026-09-17 10:05:50,955 [INFO] DbBoardsPdsc:90 - Found 43 items
2026-09-17 10:05:50,971 [INFO] DbBoardsPdsc:90 - Found 2 items
2026-09-17 10:05:50,987 [INFO] DbBoardsPdsc:90 - Found 5 items
2026-09-17 10:05:50,987 [WARN] DbBoardsPdsc:254 - Board STM32H7B3I-DK: unknown feature type=Audio, name=, username=Audio stereo codec with Headphone Amp (CS42L51-CNZ), n=1
2026-09-17 10:05:50,987 [WARN] DbBoardsPdsc:254 - Board STM32H735G-DK: unknown feature type=Audio, name=, username=Audio stereo codec with Headphone Amp (WM8994ECS/R), n=1
2026-09-17 10:05:50,987 [WARN] DbBoardsPdsc:254 - Board STM32H7B3I-EVAL: unknown feature type=Audio, name=, username=Multi-Channel Audio Codec (CS42L51-CNZ), n=1
2026-09-17 10:05:50,987 [WARN] DbBoardsPdsc:254 - Board STM32H7B3I-EVAL: unknown feature type=Meter, name=, username=Power-metering and Temperature-monitoring with sigma-delta modulators, n=1
2026-09-17 10:05:50,987 [WARN] DbBoardsPdsc:254 - Board STM32H7B3I-EVAL: unknown feature type=Motor, name=, username=Motor Control, n=1
2026-09-17 10:05:50,987 [WARN] DbBoardsPdsc:254 - Board STM32U575I-EV: unknown feature type=joystick, name=, username=4-direction joystick with selection button, n=1
2026-09-17 10:05:51,003 [INFO] DbBoardsJson:86 - JSON generation date=Tue Jun 01 12:52:40 ICT 2021 (1622526760)
2026-09-17 10:05:51,019 [INFO] DbBoards:117 - Found 166 boards (163 are supported by CubeMX)
2026-09-17 10:05:51,019 [INFO] DbBoardsDocs:143 - JSON generation date=Tue Jun 01 12:52:40 ICT 2021 (1622526760)
2026-09-17 10:05:51,019 [INFO] DbBoardsDocs:79 - Found 193 boards documents
2026-09-17 10:05:51,019 [WARN] DbBoards:127 - board B-L462E-CELL1 has no document id list !
2026-09-17 10:05:51,019 [WARN] DbBoards:127 - board B-L475E-IOT01A2 has no document id list !
2026-09-17 10:05:51,019 [WARN] DbBoards:127 - board B-U585I-IOT02A has no document id list !
2026-09-17 10:05:51,035 [WARN] DbBoards:127 - board NUCLEO-G0B1RE has no document id list !
2026-09-17 10:05:51,035 [WARN] DbBoards:127 - board NUCLEO-H743ZI has no document id list !
2026-09-17 10:05:51,035 [WARN] DbBoards:127 - board NUCLEO-L4A6ZG has no document id list !
2026-09-17 10:05:51,035 [WARN] DbBoards:127 - board NUCLEO-U575ZI-Q has no document id list !
2026-09-17 10:05:51,035 [WARN] DbBoards:127 - board NUCLEO-WB15CC has no document id list !
2026-09-17 10:05:51,035 [WARN] DbBoards:127 - board NUCLEO-WB55RG has no document id list !
2026-09-17 10:05:51,035 [WARN] DbBoards:127 - board NUCLEO-WL55JC2 has no document id list !
2026-09-17 10:05:51,035 [WARN] DbBoards:127 - board P-NUCLEO-WB55-Nucleo has no document id list !
2026-09-17 10:05:51,035 [WARN] DbBoards:127 - board P-NUCLEO-WB55-USBDongle has no document id list !
2026-09-17 10:05:51,035 [WARN] DbBoards:127 - board STEVAL-BFA001V1B has no document id list !
2026-09-17 10:05:51,035 [WARN] DbBoards:127 - board STEVAL-BFA001V2B has no document id list !
2026-09-17 10:05:51,035 [WARN] DbBoards:127 - board STEVAL-IDP005V1 has no document id list !
2026-09-17 10:05:51,035 [WARN] DbBoards:127 - board STEVAL-IDP005V2 has no document id list !
2026-09-17 10:05:51,035 [WARN] DbBoards:127 - board STEVAL-MKSBOX1V1 has no document id list !
2026-09-17 10:05:51,035 [WARN] DbBoards:127 - board STEVAL-STWINKT1 has no document id list !
2026-09-17 10:05:51,035 [WARN] DbBoards:127 - board STEVAL-STWINKT1B has no document id list !
2026-09-17 10:05:51,035 [WARN] DbBoards:127 - board STM32F401C-DISCO has no document id list !
2026-09-17 10:05:51,035 [WARN] DbBoards:127 - board STM32F769I-DISC1 has no document id list !
2026-09-17 10:05:51,035 [WARN] DbBoards:127 - board STM32G0C1E-EV has no document id list !
2026-09-17 10:05:51,035 [WARN] DbBoards:127 - board STM32G474E-EVAL1 has no document id list !
2026-09-17 10:05:51,035 [WARN] DbBoards:127 - board STM32H743I-EVAL2 has no document id list !
2026-09-17 10:05:51,035 [WARN] DbBoards:127 - board STM32H747I-DISC1 has no document id list !
2026-09-17 10:05:51,035 [WARN] DbBoards:127 - board STM32H753I-EVAL2 has no document id list !
2026-09-17 10:05:51,035 [WARN] DbBoards:127 - board STM32L-DISCOVERY has no document id list !
2026-09-17 10:05:51,035 [WARN] DbBoards:127 - board STM32MP157A-DK1 has no document id list !
2026-09-17 10:05:51,035 [WARN] DbBoards:127 - board STM32MP157D-DK1 has no document id list !
2026-09-17 10:05:51,035 [WARN] DbBoards:127 - board STM32MP157D-EV1 has no document id list !
2026-09-17 10:05:51,035 [WARN] DbBoards:127 - board STM32MP157F-DK2 has no document id list !
2026-09-17 10:05:51,035 [WARN] DbBoards:127 - board STM32MP157F-EV1 has no document id list !
2026-09-17 10:05:51,035 [WARN] DbBoards:127 - board STM32U575I-EV has no document id list !
2026-09-17 10:05:51,035 [WARN] DbBoards:127 - board STM32WB5MM-DK has no document id list !
2026-09-17 10:05:52,173 [INFO] MainUpdater:2671 - connection check result : 10
2026-09-17 10:05:52,432 [INFO] ApiDb:242 - User favorites file not found: C:\Users\Hius/.stm32cubeide/favorites.boards.txt
2026-09-17 10:05:52,432 [INFO] DbBoards:206 - Set 0 / 0 favorites Boards
2026-09-17 10:05:52,447 [INFO] DbBoardsDocs:79 - Found 386 boards documents
2026-09-17 10:05:52,447 [INFO] ApiDb:276 - Save user favorites file C:\Users\Hius/.stm32cubeide/favorites.boards.txt: 0 item(s)
2026-09-17 10:05:52,447 [INFO] ApiDb:280 - User favorites Boards=[]
2026-09-17 10:05:52,447 [INFO] DbBoardsPdsc:90 - Found 25 items
2026-09-17 10:05:52,447 [INFO] DbBoardsPdsc:90 - Found 9 items
2026-09-17 10:05:52,447 [INFO] DbBoardsPdsc:90 - Found 33 items
2026-09-17 10:05:52,447 [INFO] DbBoardsPdsc:90 - Found 1 items
2026-09-17 10:05:52,447 [INFO] DbBoardsPdsc:90 - Found 48 items
2026-09-17 10:05:52,467 [INFO] DbBoardsPdsc:90 - Found 43 items
2026-09-17 10:05:52,467 [INFO] DbBoardsPdsc:90 - Found 2 items
2026-09-17 10:05:52,467 [INFO] DbBoardsPdsc:90 - Found 5 items
2026-09-17 10:05:52,467 [WARN] DbBoardsPdsc:254 - Board STM32H7B3I-DK: unknown feature type=Audio, name=, username=Audio stereo codec with Headphone Amp (CS42L51-CNZ), n=1
2026-09-17 10:05:52,467 [WARN] DbBoardsPdsc:254 - Board STM32H735G-DK: unknown feature type=Audio, name=, username=Audio stereo codec with Headphone Amp (WM8994ECS/R), n=1
2026-09-17 10:05:52,467 [WARN] DbBoardsPdsc:254 - Board STM32H7B3I-EVAL: unknown feature type=Audio, name=, username=Multi-Channel Audio Codec (CS42L51-CNZ), n=1
2026-09-17 10:05:52,467 [WARN] DbBoardsPdsc:254 - Board STM32H7B3I-EVAL: unknown feature type=Meter, name=, username=Power-metering and Temperature-monitoring with sigma-delta modulators, n=1
2026-09-17 10:05:52,467 [WARN] DbBoardsPdsc:254 - Board STM32H7B3I-EVAL: unknown feature type=Motor, name=, username=Motor Control, n=1
2026-09-17 10:05:52,467 [WARN] DbBoardsPdsc:254 - Board STM32U575I-EV: unknown feature type=joystick, name=, username=4-direction joystick with selection button, n=1
2026-09-17 10:05:52,479 [INFO] DbBoardsJson:86 - JSON generation date=Tue Jun 01 12:52:40 ICT 2021 (1622526760)
2026-09-17 10:05:52,479 [INFO] DbBoards:117 - Found 166 boards (163 are supported by CubeMX)
2026-09-17 10:05:52,479 [WARN] DbBoards:127 - board B-L462E-CELL1 has no document id list !
2026-09-17 10:05:52,479 [WARN] DbBoards:127 - board B-L475E-IOT01A2 has no document id list !
2026-09-17 10:05:52,479 [WARN] DbBoards:127 - board B-U585I-IOT02A has no document id list !
2026-09-17 10:05:52,479 [WARN] DbBoards:127 - board NUCLEO-G0B1RE has no document id list !
2026-09-17 10:05:52,479 [WARN] DbBoards:127 - board NUCLEO-H743ZI has no document id list !
2026-09-17 10:05:52,479 [WARN] DbBoards:127 - board NUCLEO-L4A6ZG has no document id list !
2026-09-17 10:05:52,479 [WARN] DbBoards:127 - board NUCLEO-U575ZI-Q has no document id list !
2026-09-17 10:05:52,479 [WARN] DbBoards:127 - board NUCLEO-WB15CC has no document id list !
2026-09-17 10:05:52,479 [WARN] DbBoards:127 - board NUCLEO-WB55RG has no document id list !
2026-09-17 10:05:52,479 [WARN] DbBoards:127 - board NUCLEO-WL55JC2 has no document id list !
2026-09-17 10:05:52,479 [WARN] DbBoards:127 - board P-NUCLEO-WB55-Nucleo has no document id list !
2026-09-17 10:05:52,479 [WARN] DbBoards:127 - board P-NUCLEO-WB55-USBDongle has no document id list !
2026-09-17 10:05:52,479 [WARN] DbBoards:127 - board STEVAL-BFA001V1B has no document id list !
2026-09-17 10:05:52,479 [WARN] DbBoards:127 - board STEVAL-BFA001V2B has no document id list !
2026-09-17 10:05:52,479 [WARN] DbBoards:127 - board STEVAL-IDP005V1 has no document id list !
2026-09-17 10:05:52,479 [WARN] DbBoards:127 - board STEVAL-IDP005V2 has no document id list !
2026-09-17 10:05:52,479 [WARN] DbBoards:127 - board STEVAL-MKSBOX1V1 has no document id list !
2026-09-17 10:05:52,479 [WARN] DbBoards:127 - board STEVAL-STWINKT1 has no document id list !
2026-09-17 10:05:52,479 [WARN] DbBoards:127 - board STEVAL-STWINKT1B has no document id list !
2026-09-17 10:05:52,479 [WARN] DbBoards:127 - board STM32F401C-DISCO has no document id list !
2026-09-17 10:05:52,479 [WARN] DbBoards:127 - board STM32F769I-DISC1 has no document id list !
2026-09-17 10:05:52,479 [WARN] DbBoards:127 - board STM32G0C1E-EV has no document id list !
2026-09-17 10:05:52,479 [WARN] DbBoards:127 - board STM32G474E-EVAL1 has no document id list !
2026-09-17 10:05:52,479 [WARN] DbBoards:127 - board STM32H743I-EVAL2 has no document id list !
2026-09-17 10:05:52,479 [WARN] DbBoards:127 - board STM32H747I-DISC1 has no document id list !
2026-09-17 10:05:52,479 [WARN] DbBoards:127 - board STM32H753I-EVAL2 has no document id list !
2026-09-17 10:05:52,479 [WARN] DbBoards:127 - board STM32L-DISCOVERY has no document id list !
2026-09-17 10:05:52,479 [WARN] DbBoards:127 - board STM32MP157A-DK1 has no document id list !
2026-09-17 10:05:52,479 [WARN] DbBoards:127 - board STM32MP157D-DK1 has no document id list !
2026-09-17 10:05:52,479 [WARN] DbBoards:127 - board STM32MP157D-EV1 has no document id list !
2026-09-17 10:05:52,479 [WARN] DbBoards:127 - board STM32MP157F-DK2 has no document id list !
2026-09-17 10:05:52,479 [WARN] DbBoards:127 - board STM32MP157F-EV1 has no document id list !
2026-09-17 10:05:52,479 [WARN] DbBoards:127 - board STM32U575I-EV has no document id list !
2026-09-17 10:05:52,479 [WARN] DbBoards:127 - board STM32WB5MM-DK has no document id list !
2026-09-17 10:05:53,130 [INFO] ApiDb:251 - Load user favorites file C:\Users\Hius/.stm32cubeide/favorites.boards.txt: 0 item(s)
2026-09-17 10:05:53,130 [INFO] ApiDb:255 - User favorites Boards=[]
2026-09-17 10:05:53,130 [INFO] DbBoards:206 - Set 0 / 0 favorites Boards
2026-09-17 10:05:53,130 [ERROR] TargetSelectorAdapter:232 - Unable to refresh data
2026-09-17 10:05:53,130 [INFO] McuFinderGlobals:52 - Set McuFinderConnectedMode to true
2026-09-17 10:05:53,193 [INFO] McuFinderGlobals:52 - Set McuFinderConnectedMode to false
2026-09-17 10:05:53,258 [INFO] CrossSelectorPresenter:1330 - Cross Selector saved comparison directory: C:\Users\Hius\.stmcufinder\plugins\mcufinder\mcu\cs_comparisons_mx
2026-09-17 10:05:53,258 [INFO] MultiScanPanel:197 - Auto-refresh data requested => check proxy status ongoing
2026-09-17 10:05:53,258 [INFO] MultiScanPanel:201 - Proxy status is invalid
2026-09-17 10:05:53,258 [INFO] FinderPluginLoader:87 - Searching for filters in installed packs
2026-09-17 10:05:53,351 [INFO] ServerAccessManage:362 - Download File mcusAds.json._tmp_
2026-09-17 10:05:53,479 [INFO] LoadUrlFilesThread:145 - End of LoadUrlFiles Thread
2026-09-17 10:05:53,526 [WARN] DetailPanel:314 - Failed to get advertising image, set to default
2026-09-17 10:06:14,149 [ERROR] ServerAccessManage:1016 - HTTP unexpected response (522) for https://stmcufinder.com/API/getFiles.php?
2026-09-17 10:06:14,149 [ERROR] ServerAccessManage:531 - Error during Access to HTTP Server. : mcusDocs.json._tmp_.
2026-09-17 10:06:56,141 [INFO] LoadUrlFilesThread:145 - End of LoadUrlFiles Thread
2026-09-17 10:06:57,574 [INFO] DbMcusAds:47 - JSON generation date=Wed Jul 15 16:44:54 ICT 2026 (1784108694001)
2026-09-17 10:06:57,591 [INFO] DbMcusDocs:143 - JSON generation date=Mon Jun 07 15:53:21 ICT 2021 (1623056001)
2026-09-17 10:06:57,869 [INFO] DbMcusDocs:79 - Found 669 MCUs documents
2026-09-17 10:06:57,869 [INFO] ApiDb:276 - Save user favorites file C:\Users\Hius/.stm32cubeide/favorites.mcus.txt: 0 item(s)
2026-09-17 10:06:57,869 [INFO] ApiDb:280 - User favorites MCUs=[]
2026-09-17 10:06:57,869 [INFO] DbMcusXml:100 - Load MCU database from D:\STM32CubeIDE_1.7.0\STM32CubeIDE\plugins\com.st.stm32cube.common.mx_6.3.0.202107141111\\db\/mcu/families.xml
2026-09-17 10:06:58,491 [INFO] DbMcusJson:93 - JSON generation date=Mon Jun 07 15:53:21 ICT 2021 (1623056001)
2026-09-17 10:06:59,123 [INFO] DbMcus:175 - Found 1951 MCUs (1903 are supported by CubeMX, 1903 are visible in CubeMX)
2026-09-17 10:06:59,123 [INFO] ApiDb:251 - Load user favorites file C:\Users\Hius/.stm32cubeide/favorites.mcus.txt: 0 item(s)
2026-09-17 10:06:59,123 [INFO] ApiDb:255 - User favorites MCUs=[]
2026-09-17 10:06:59,123 [INFO] DbMcus:187 - Set 0 / 0 favorites MCUs
2026-09-17 10:06:59,606 [INFO] DbBoardsDocs:143 - JSON generation date=Tue Jun 01 12:52:40 ICT 2021 (1622526760)
2026-09-17 10:06:59,622 [INFO] DbBoardsDocs:79 - Found 193 boards documents
2026-09-17 10:06:59,622 [INFO] ApiDb:276 - Save user favorites file C:\Users\Hius/.stm32cubeide/favorites.boards.txt: 0 item(s)
2026-09-17 10:06:59,622 [INFO] ApiDb:280 - User favorites Boards=[]
2026-09-17 10:06:59,639 [INFO] DbBoardsPdsc:90 - Found 25 items
2026-09-17 10:06:59,639 [INFO] DbBoardsPdsc:90 - Found 9 items
2026-09-17 10:06:59,639 [INFO] DbBoardsPdsc:90 - Found 33 items
2026-09-17 10:06:59,639 [INFO] DbBoardsPdsc:90 - Found 1 items
2026-09-17 10:06:59,639 [INFO] DbBoardsPdsc:90 - Found 48 items
2026-09-17 10:06:59,656 [INFO] DbBoardsPdsc:90 - Found 43 items
2026-09-17 10:06:59,662 [INFO] DbBoardsPdsc:90 - Found 2 items
2026-09-17 10:06:59,671 [INFO] DbBoardsPdsc:90 - Found 5 items
2026-09-17 10:06:59,672 [WARN] DbBoardsPdsc:254 - Board STM32H7B3I-DK: unknown feature type=Audio, name=, username=Audio stereo codec with Headphone Amp (CS42L51-CNZ), n=1
2026-09-17 10:06:59,672 [WARN] DbBoardsPdsc:254 - Board STM32H735G-DK: unknown feature type=Audio, name=, username=Audio stereo codec with Headphone Amp (WM8994ECS/R), n=1
2026-09-17 10:06:59,672 [WARN] DbBoardsPdsc:254 - Board STM32H7B3I-EVAL: unknown feature type=Audio, name=, username=Multi-Channel Audio Codec (CS42L51-CNZ), n=1
2026-09-17 10:06:59,672 [WARN] DbBoardsPdsc:254 - Board STM32H7B3I-EVAL: unknown feature type=Meter, name=, username=Power-metering and Temperature-monitoring with sigma-delta modulators, n=1
2026-09-17 10:06:59,672 [WARN] DbBoardsPdsc:254 - Board STM32H7B3I-EVAL: unknown feature type=Motor, name=, username=Motor Control, n=1
2026-09-17 10:06:59,672 [WARN] DbBoardsPdsc:254 - Board STM32U575I-EV: unknown feature type=joystick, name=, username=4-direction joystick with selection button, n=1
2026-09-17 10:06:59,689 [INFO] DbBoardsJson:86 - JSON generation date=Tue Jun 01 12:52:40 ICT 2021 (1622526760)
2026-09-17 10:06:59,689 [INFO] DbBoards:117 - Found 166 boards (163 are supported by CubeMX)
2026-09-17 10:06:59,689 [WARN] DbBoards:127 - board B-L462E-CELL1 has no document id list !
2026-09-17 10:06:59,689 [WARN] DbBoards:127 - board B-L475E-IOT01A2 has no document id list !
2026-09-17 10:06:59,689 [WARN] DbBoards:127 - board B-U585I-IOT02A has no document id list !
2026-09-17 10:06:59,689 [WARN] DbBoards:127 - board NUCLEO-G0B1RE has no document id list !
2026-09-17 10:06:59,689 [WARN] DbBoards:127 - board NUCLEO-H743ZI has no document id list !
2026-09-17 10:06:59,689 [WARN] DbBoards:127 - board NUCLEO-L4A6ZG has no document id list !
2026-09-17 10:06:59,689 [WARN] DbBoards:127 - board NUCLEO-U575ZI-Q has no document id list !
2026-09-17 10:06:59,689 [WARN] DbBoards:127 - board NUCLEO-WB15CC has no document id list !
2026-09-17 10:06:59,689 [WARN] DbBoards:127 - board NUCLEO-WB55RG has no document id list !
2026-09-17 10:06:59,689 [WARN] DbBoards:127 - board NUCLEO-WL55JC2 has no document id list !
2026-09-17 10:06:59,689 [WARN] DbBoards:127 - board P-NUCLEO-WB55-Nucleo has no document id list !
2026-09-17 10:06:59,689 [WARN] DbBoards:127 - board P-NUCLEO-WB55-USBDongle has no document id list !
2026-09-17 10:06:59,689 [WARN] DbBoards:127 - board STEVAL-BFA001V1B has no document id list !
2026-09-17 10:06:59,689 [WARN] DbBoards:127 - board STEVAL-BFA001V2B has no document id list !
2026-09-17 10:06:59,689 [WARN] DbBoards:127 - board STEVAL-IDP005V1 has no document id list !
2026-09-17 10:06:59,689 [WARN] DbBoards:127 - board STEVAL-IDP005V2 has no document id list !
2026-09-17 10:06:59,689 [WARN] DbBoards:127 - board STEVAL-MKSBOX1V1 has no document id list !
2026-09-17 10:06:59,689 [WARN] DbBoards:127 - board STEVAL-STWINKT1 has no document id list !
2026-09-17 10:06:59,689 [WARN] DbBoards:127 - board STEVAL-STWINKT1B has no document id list !
2026-09-17 10:06:59,689 [WARN] DbBoards:127 - board STM32F401C-DISCO has no document id list !
2026-09-17 10:06:59,689 [WARN] DbBoards:127 - board STM32F769I-DISC1 has no document id list !
2026-09-17 10:06:59,689 [WARN] DbBoards:127 - board STM32G0C1E-EV has no document id list !
2026-09-17 10:06:59,689 [WARN] DbBoards:127 - board STM32G474E-EVAL1 has no document id list !
2026-09-17 10:06:59,689 [WARN] DbBoards:127 - board STM32H743I-EVAL2 has no document id list !
2026-09-17 10:06:59,689 [WARN] DbBoards:127 - board STM32H747I-DISC1 has no document id list !
2026-09-17 10:06:59,689 [WARN] DbBoards:127 - board STM32H753I-EVAL2 has no document id list !
2026-09-17 10:06:59,689 [WARN] DbBoards:127 - board STM32L-DISCOVERY has no document id list !
2026-09-17 10:06:59,689 [WARN] DbBoards:127 - board STM32MP157A-DK1 has no document id list !
2026-09-17 10:06:59,689 [WARN] DbBoards:127 - board STM32MP157D-DK1 has no document id list !
2026-09-17 10:06:59,689 [WARN] DbBoards:127 - board STM32MP157D-EV1 has no document id list !
2026-09-17 10:06:59,689 [WARN] DbBoards:127 - board STM32MP157F-DK2 has no document id list !
2026-09-17 10:06:59,689 [WARN] DbBoards:127 - board STM32MP157F-EV1 has no document id list !
2026-09-17 10:06:59,689 [WARN] DbBoards:127 - board STM32U575I-EV has no document id list !
2026-09-17 10:06:59,689 [WARN] DbBoards:127 - board STM32WB5MM-DK has no document id list !
2026-09-17 10:07:01,127 [INFO] ApiDb:251 - Load user favorites file C:\Users\Hius/.stm32cubeide/favorites.boards.txt: 0 item(s)
2026-09-17 10:07:01,127 [INFO] ApiDb:255 - User favorites Boards=[]
2026-09-17 10:07:01,127 [INFO] DbBoards:206 - Set 0 / 0 favorites Boards
2026-09-17 10:07:01,357 [ERROR] TargetSelectorAdapter:232 - Unable to refresh data
2026-09-17 10:07:01,392 [INFO] McuFinderGlobals:52 - Set McuFinderConnectedMode to false
2026-09-17 10:07:01,442 [INFO] CrossSelectorPresenter:1330 - Cross Selector saved comparison directory: C:\Users\Hius\.stmcufinder\plugins\mcufinder\mcu\cs_comparisons_mx
2026-09-17 10:07:01,450 [INFO] MultiScanPanel:197 - Auto-refresh data requested => check proxy status ongoing
2026-09-17 10:07:01,450 [INFO] MultiScanPanel:201 - Proxy status is invalid
2026-09-17 10:07:01,450 [INFO] FinderPluginLoader:87 - Searching for filters in installed packs
2026-09-17 10:07:01,707 [WARN] DetailPanel:314 - Failed to get advertising image, set to default
2026-09-17 10:10:54,777 [INFO] MainUpdater:2671 - connection check result : 10
2026-09-17 10:10:54,777 [INFO] MainUpdater:2671 - connection check result : 10
2026-09-17 10:10:54,808 [INFO] MicroXplorer:448 - Change Database Path : 
2026-09-17 10:10:54,808 [INFO] MicroXplorer:478 - Change Database Version : DB.6.0.30
2026-09-17 10:10:54,808 [WARN] ThirdParty:813 - waiting for thirdparty lock release [close project]
2026-09-17 10:10:54,808 [INFO] ThirdParty:815 - entering critical section [close project]
2026-09-17 10:10:54,808 [INFO] ThirdParty:825 - exiting critical section [close project]
2026-09-17 10:10:54,808 [INFO] PinOutPanel:1463 - setPackage(No Configuration,No Configuration)
2026-09-17 10:10:54,808 [INFO] UtilMem:74 - Begin LoadConfig() Used Memory: 1025809912 Bytes (1073741824)
2026-09-17 10:10:54,808 [INFO] MicroXplorer:448 - Change Database Path : 
2026-09-17 10:10:54,808 [INFO] MicroXplorer:478 - Change Database Version : DB.6.0.30
2026-09-17 10:10:54,824 [INFO] OpenFileManager:313 - Change cursor
2026-09-17 10:10:55,424 [INFO] Context:592 - Trying to add GPIOservice into a context  which must be forbidden
2026-09-17 10:10:55,519 [INFO] ImportTextPane:167 - (OptionalMessage_ERROR) Unable to find key (Mcu.ThirdPartyNb) in loaded IOC file
2026-09-17 10:10:55,519 [INFO] ImportTextPane:167 - (OptionalMessage_ERROR) Unable to find key (Mcu.PinsNb) in loaded IOC file
2026-09-17 10:10:55,519 [INFO] ImportTextPane:167 - (OptionalMessage_ERROR) Unable to find key (Mcu.IPNb) in loaded IOC file
2026-09-17 10:10:55,551 [WARN] ApiManager:304 - Cannot register API 'Board Extension:PM33A1' from pack STMicroelectronics.X-CUBE-PM33A1.1.0.0: no header file found
2026-09-17 10:10:55,551 [WARN] ApiManager:304 - Cannot register API 'Board Extension:NFC09A1' from pack STMicroelectronics.X-CUBE-NFC9.1.0.0: no header file found
2026-09-17 10:10:55,551 [WARN] ApiManager:304 - Cannot register API 'Wireless:BlueNRG-MS' from pack STMicroelectronics.X-CUBE-BLE1.7.1.0: no header file found
2026-09-17 10:10:55,566 [WARN] ApiManager:304 - Cannot register API 'Board Extension:EEPRMA2' from pack STMicroelectronics.X-CUBE-EEPRMA1.5.2.0: no header file found
2026-09-17 10:10:55,566 [WARN] ApiManager:304 - Cannot register API 'Board Extension:PGEEZ1' from pack STMicroelectronics.X-CUBE-EEPRMA1.5.2.0: no header file found
2026-09-17 10:10:55,566 [WARN] ApiManager:304 - Cannot register API 'Board Extension:EEICA1' from pack STMicroelectronics.X-CUBE-EEPRMA1.5.2.0: no header file found
2026-09-17 10:10:55,566 [WARN] ApiManager:304 - Cannot register API 'Board Part:M24' from pack STMicroelectronics.X-CUBE-EEPRMA1.5.2.0: no header file found
2026-09-17 10:10:55,566 [WARN] ApiManager:304 - Cannot register API 'Board Part:M95' from pack STMicroelectronics.X-CUBE-EEPRMA1.5.2.0: no header file found
2026-09-17 10:10:55,566 [WARN] ApiManager:304 - Cannot register API 'Board Part:M95P32' from pack STMicroelectronics.X-CUBE-EEPRMA1.5.2.0: no header file found
2026-09-17 10:10:55,566 [WARN] ApiManager:304 - Cannot register API 'Board Part:M24256E-F' from pack STMicroelectronics.X-CUBE-EEPRMA1.5.2.0: no header file found
2026-09-17 10:10:55,566 [WARN] ApiManager:304 - Cannot register API 'Board Part:M24M01E-F' from pack STMicroelectronics.X-CUBE-EEPRMA1.5.2.0: no header file found
2026-09-17 10:10:55,566 [WARN] ApiManager:304 - Cannot register API 'PGEEZ1:SPI' from pack STMicroelectronics.X-CUBE-EEPRMA1.5.2.0: no header file found
2026-09-17 10:10:55,566 [WARN] ApiManager:304 - Cannot register API 'PGEEZ1:QDSPI' from pack STMicroelectronics.X-CUBE-EEPRMA1.5.2.0: no header file found
2026-09-17 10:10:55,567 [WARN] ApiManager:304 - Cannot register API 'Board Extension:NFC12A1' from pack STMicroelectronics.X-CUBE-NFC12.1.0.0: no header file found
2026-09-17 10:10:55,567 [WARN] ApiManager:304 - Cannot register API 'Board Extension:SAFEA1' from pack STMicroelectronics.X-CUBE-STSE01.2.0.0: no header file found
2026-09-17 10:10:55,567 [WARN] ApiManager:304 - Cannot register API 'Board Extension:ESE01A1' from pack STMicroelectronics.X-CUBE-STSE01.2.0.0: no header file found
2026-09-17 10:10:55,567 [WARN] ApiManager:304 - Cannot register API 'Board Extension:ESE02A1' from pack STMicroelectronics.X-CUBE-STSE01.2.0.0: no header file found
2026-09-17 10:10:55,567 [WARN] ApiManager:304 - Cannot register API 'Board Part:STSAFEA110' from pack STMicroelectronics.X-CUBE-STSE01.2.0.0: no header file found
2026-09-17 10:10:55,567 [WARN] ApiManager:304 - Cannot register API 'Board Part:STSAFEA120' from pack STMicroelectronics.X-CUBE-STSE01.2.0.0: no header file found
2026-09-17 10:10:55,567 [WARN] ApiManager:304 - Cannot register API 'Board Part:STSAFEL010' from pack STMicroelectronics.X-CUBE-STSE01.2.0.0: no header file found
2026-09-17 10:10:55,567 [WARN] ApiManager:304 - Cannot register API 'Security:STM32_Cryptographic' from pack STMicroelectronics.X-CUBE-STSE01.2.0.0: no header file found
2026-09-17 10:10:55,567 [WARN] ApiManager:304 - Cannot register API 'Security:STSELib' from pack STMicroelectronics.X-CUBE-STSE01.2.0.0: no header file found
2026-09-17 10:10:55,567 [INFO] RtosManager:484 - Registered RTOS mode: class=CMSIS, group=RTOS, mode=CMSIS_V1, owner=FREERTOS
2026-09-17 10:10:55,567 [INFO] RtosManager:484 - Registered RTOS mode: class=CMSIS, group=RTOS2, mode=CMSIS_V2, owner=FREERTOS
2026-09-17 10:10:55,567 [INFO] RtosManager:484 - Registered RTOS mode: class=RTOS, group=Core, mode=CMSIS_V1, owner=FREERTOS
2026-09-17 10:10:55,567 [INFO] RtosManager:484 - Registered RTOS mode: class=RTOS, group=Core, mode=CMSIS_V2, owner=FREERTOS
2026-09-17 10:10:55,567 [WARN] ModelIntegratedComponent:181 - Missing modes for component STMicroelectronics:FreeRTOS:0.0.1:STMicroelectronics:RTOS:FreeRTOS:Core:::10.2.0:
2026-09-17 10:10:55,567 [WARN] ApiManager:304 - Cannot register API 'Board Extension:NFC04A1' from pack STMicroelectronics.X-CUBE-NFC4.3.0.0: no header file found
2026-09-17 10:10:55,567 [WARN] ApiManager:304 - Cannot register API 'Board Extension:S2868A1' from pack STMicroelectronics.X-CUBE-SUBG2.5.0.0: no header file found
2026-09-17 10:10:55,567 [WARN] ApiManager:304 - Cannot register API 'Board Extension:S2868A2' from pack STMicroelectronics.X-CUBE-SUBG2.5.0.0: no header file found
2026-09-17 10:10:55,567 [WARN] ApiManager:304 - Cannot register API 'Board Extension:S2915A1' from pack STMicroelectronics.X-CUBE-SUBG2.5.0.0: no header file found
2026-09-17 10:10:55,662 [WARN] ApiManager:304 - Cannot register API 'Board Extension:IKS02A1' from pack STMicroelectronics.X-CUBE-MEMS1.13.0.0: no header file found
2026-09-17 10:10:55,662 [WARN] ApiManager:304 - Cannot register API 'Board Extension:IKS4A1' from pack STMicroelectronics.X-CUBE-MEMS1.13.0.0: no header file found
2026-09-17 10:10:55,662 [WARN] ApiManager:304 - Cannot register API 'Board Extension:IKS5A1' from pack STMicroelectronics.X-CUBE-MEMS1.13.0.0: no header file found
2026-09-17 10:10:55,662 [WARN] ApiManager:304 - Cannot register API 'Board Extension:NFC07A1' from pack STMicroelectronics.X-CUBE-NFC7.2.0.0: no header file found
2026-09-17 10:10:55,662 [WARN] ApiManager:304 - Cannot register API 'Board Extension:GNSS1A1' from pack STMicroelectronics.X-CUBE-GNSS1.7.1.1: no header file found
2026-09-17 10:10:55,662 [WARN] ApiManager:304 - Cannot register API 'Board Support:Custom' from pack STMicroelectronics.X-CUBE-GNSS1.7.1.1: no header file found
2026-09-17 10:10:55,662 [WARN] ApiManager:304 - Cannot register API 'Data Exchange:lib_gnss' from pack STMicroelectronics.X-CUBE-GNSS1.7.1.1: no header file found
2026-09-17 10:10:55,662 [WARN] ApiManager:304 - Cannot register API 'Board Extension:NFC10A1' from pack STMicroelectronics.X-CUBE-NFC10.1.0.0: no header file found
2026-09-17 10:10:55,662 [WARN] ModelIntegratedComponent:60 - No mode defined for component null
2026-09-17 10:10:55,662 [WARN] ModelIntegratedComponent:60 - No mode defined for component null
2026-09-17 10:10:55,662 [WARN] ModelIntegratedComponent:60 - No mode defined for component null
2026-09-17 10:10:55,662 [WARN] ModelIntegratedComponent:60 - No mode defined for component null
2026-09-17 10:10:55,662 [WARN] ModelIntegratedComponent:60 - No mode defined for component null
2026-09-17 10:10:55,662 [WARN] ModelIntegratedComponent:60 - No mode defined for component null
2026-09-17 10:10:55,662 [WARN] ModelIntegratedComponent:60 - No mode defined for component null
2026-09-17 10:10:55,662 [WARN] ModelIntegratedComponent:60 - No mode defined for component null
2026-09-17 10:10:55,662 [WARN] ModelIntegratedComponent:60 - No mode defined for component null
2026-09-17 10:10:55,662 [WARN] ModelIntegratedComponent:60 - No mode defined for component null
2026-09-17 10:10:55,662 [WARN] ModelIntegratedComponent:60 - No mode defined for component null
2026-09-17 10:10:55,662 [WARN] ModelIntegratedComponent:60 - No mode defined for component null
2026-09-17 10:10:55,662 [WARN] ModelIntegratedComponent:60 - No mode defined for component null
2026-09-17 10:10:55,662 [WARN] ModelIntegratedComponent:60 - No mode defined for component null
2026-09-17 10:10:55,662 [WARN] ModelIntegratedComponent:60 - No mode defined for component null
2026-09-17 10:10:55,662 [WARN] ModelIntegratedComponent:60 - No mode defined for component null
2026-09-17 10:10:55,662 [WARN] ModelIntegratedComponent:60 - No mode defined for component null
2026-09-17 10:10:55,662 [WARN] ModelIntegratedComponent:60 - No mode defined for component null
2026-09-17 10:10:55,662 [WARN] ModelIntegratedComponent:60 - No mode defined for component null
2026-09-17 10:10:55,662 [WARN] ModelIntegratedComponent:60 - No mode defined for component null
2026-09-17 10:10:55,662 [WARN] ModelIntegratedComponent:60 - No mode defined for component null
2026-09-17 10:10:55,662 [WARN] ModelIntegratedComponent:60 - No mode defined for component null
2026-09-17 10:10:55,662 [WARN] ModelIntegratedComponent:60 - No mode defined for component null
2026-09-17 10:10:55,662 [WARN] ModelIntegratedComponent:60 - No mode defined for component null
2026-09-17 10:10:55,662 [WARN] ModelIntegratedComponent:60 - No mode defined for component null
2026-09-17 10:10:55,662 [WARN] ModelIntegratedComponent:60 - No mode defined for component null
2026-09-17 10:10:55,662 [WARN] ModelIntegratedComponent:60 - No mode defined for component null
2026-09-17 10:10:55,662 [WARN] ModelIntegratedComponent:60 - No mode defined for component null
2026-09-17 10:10:55,662 [WARN] ModelIntegratedComponent:60 - No mode defined for component null
2026-09-17 10:10:55,662 [WARN] ModelIntegratedComponent:60 - No mode defined for component null
2026-09-17 10:10:55,662 [WARN] ModelIntegratedComponent:60 - No mode defined for component null
2026-09-17 10:10:55,662 [WARN] ApiManager:304 - Cannot register API 'Board Extension:NFC06A1' from pack STMicroelectronics.X-CUBE-NFC6.3.2.0: no header file found
2026-09-17 10:10:55,662 [WARN] ApiManager:304 - Cannot register API 'Board Extension:NFC08A1' from pack STMicroelectronics.X-CUBE-NFC6.3.2.0: no header file found
2026-09-17 10:10:55,662 [WARN] ApiManager:304 - Cannot register API 'Board Extension:S2868A1' from pack STMicroelectronics.X-CUBE-SFXS2LP1.4.0.0: no header file found
2026-09-17 10:10:55,662 [WARN] ApiManager:304 - Cannot register API 'Board Extension:S2868A2' from pack STMicroelectronics.X-CUBE-SFXS2LP1.4.0.0: no header file found
2026-09-17 10:10:55,662 [WARN] ApiManager:304 - Cannot register API 'Board Extension:S2915A1' from pack STMicroelectronics.X-CUBE-SFXS2LP1.4.0.0: no header file found
2026-09-17 10:10:55,662 [WARN] ApiManager:304 - Cannot register API 'Wireless:BlueNRG-2' from pack STMicroelectronics.X-CUBE-BLE2.3.3.0: no header file found
2026-09-17 10:10:55,662 [WARN] ApiManager:304 - Cannot register API 'Board Extension:NFC13A1' from pack STMicroelectronics.X-CUBE-NFC13.1.0.0: no header file found
2026-09-17 10:10:55,662 [WARN] ApiManager:304 - Cannot register API 'Wireless:STM32WB05N' from pack STMicroelectronics.X-CUBE-WB05N.2.1.0: no header file found
2026-09-17 10:10:56,569 [INFO] UtilMem:74 - End LoadConfig() Used Memory: 954564096 Bytes (1073741824)
2026-09-17 10:10:56,569 [WARN] ThirdParty:779 - waiting for thirdparty lock release [change project]
2026-09-17 10:10:56,569 [INFO] ThirdParty:781 - entering critical section [change project]
2026-09-17 10:10:56,569 [INFO] ThirdParty:967 - CMSIS Pack Vendor :STMicroelectronics X-CUBE-AZRTOS-H7 3.5.0
2026-09-17 10:10:56,569 [INFO] ThirdParty:967 - CMSIS Pack Vendor :STMicroelectronics X-CUBE-PM33A1 1.0.0
2026-09-17 10:10:56,569 [INFO] ThirdParty:967 - CMSIS Pack Vendor :STMicroelectronics X-CUBE-NFC9 1.0.0
2026-09-17 10:10:56,569 [INFO] ThirdParty:967 - CMSIS Pack Vendor :STMicroelectronics USB_HOST 2.0.0
2026-09-17 10:10:56,569 [INFO] ThirdParty:967 - CMSIS Pack Vendor :STMicroelectronics FP-ATR-ASTRA1 2.0.3
2026-09-17 10:10:56,569 [INFO] ThirdParty:967 - CMSIS Pack Vendor :STMicroelectronics X-CUBE-AZRTOS-F4 1.1.0
2026-09-17 10:10:56,569 [INFO] ThirdParty:967 - CMSIS Pack Vendor :STMicroelectronics X-CUBE-BLE1 7.1.0
2026-09-17 10:10:56,569 [INFO] ThirdParty:967 - CMSIS Pack Vendor :wolfSSL I-CUBE-wolfMQTT 1.19.2
2026-09-17 10:10:56,569 [INFO] ThirdParty:967 - CMSIS Pack Vendor :STMicroelectronics USB_DEVICE 3.0.0
2026-09-17 10:10:56,569 [INFO] ThirdParty:967 - CMSIS Pack Vendor :STMicroelectronics X-CUBE-ISPU 2.1.0
2026-09-17 10:10:56,569 [INFO] ThirdParty:967 - CMSIS Pack Vendor :STMicroelectronics X-CUBE-EEPRMA1 5.2.0
2026-09-17 10:10:56,569 [INFO] ThirdParty:967 - CMSIS Pack Vendor :STMicroelectronics X-CUBE-AZRTOS-WB 2.0.0
2026-09-17 10:10:56,569 [INFO] ThirdParty:967 - CMSIS Pack Vendor :STMicroelectronics X-CUBE-NFC12 1.0.0
2026-09-17 10:10:56,569 [INFO] ThirdParty:967 - CMSIS Pack Vendor :STMicroelectronics X-CUBE-AZRTOS-F7 1.1.0
2026-09-17 10:10:56,569 [INFO] ThirdParty:967 - CMSIS Pack Vendor :STMicroelectronics X-CUBE-AZRTOS-L5 2.0.0
2026-09-17 10:10:56,569 [INFO] ThirdParty:967 - CMSIS Pack Vendor :STMicroelectronics USB_DEVICE 2.0.0
2026-09-17 10:10:56,569 [INFO] ThirdParty:967 - CMSIS Pack Vendor :STMicroelectronics X-CUBE-STSE01 2.0.0
2026-09-17 10:10:56,569 [INFO] ThirdParty:967 - CMSIS Pack Vendor :STMicroelectronics X-CUBE-ALGOBUILD 1.5.0
2026-09-17 10:10:56,569 [INFO] ThirdParty:967 - CMSIS Pack Vendor :STMicroelectronics FreeRTOS 0.0.1
2026-09-17 10:10:56,569 [INFO] ThirdParty:967 - CMSIS Pack Vendor :STMicroelectronics X-CUBE-AZRTOS-H7RS 1.3.0
2026-09-17 10:10:56,569 [INFO] ThirdParty:967 - CMSIS Pack Vendor :STMicroelectronics X-CUBE-AZRTOS-G0 1.1.0
2026-09-17 10:10:56,569 [INFO] ThirdParty:967 - CMSIS Pack Vendor :STMicroelectronics X-CUBE-NFC4 3.0.0
2026-09-17 10:10:56,569 [INFO] ThirdParty:967 - CMSIS Pack Vendor :STMicroelectronics X-CUBE-SUBG2 5.0.0
2026-09-17 10:10:56,569 [INFO] ThirdParty:967 - CMSIS Pack Vendor :STMicroelectronics lwIP 2.0.3
2026-09-17 10:10:56,569 [INFO] ThirdParty:967 - CMSIS Pack Vendor :STMicroelectronics X-CUBE-MEMS1 13.0.0
2026-09-17 10:10:56,569 [INFO] ThirdParty:967 - CMSIS Pack Vendor :STMicroelectronics USB_HOST 1.0.0
2026-09-17 10:10:56,569 [INFO] ThirdParty:967 - CMSIS Pack Vendor :STMicroelectronics X-CUBE-AZRTOS-G4 2.0.0
2026-09-17 10:10:56,569 [INFO] ThirdParty:967 - CMSIS Pack Vendor :STMicroelectronics PDM2PCM 3.1.0
2026-09-17 10:10:56,569 [INFO] ThirdParty:967 - CMSIS Pack Vendor :STMicroelectronics PDM2PCM 3.3.0
2026-09-17 10:10:56,569 [INFO] ThirdParty:967 - CMSIS Pack Vendor :wolfSSL I-CUBE-wolfTPM 3.8.0
2026-09-17 10:10:56,569 [INFO] ThirdParty:967 - CMSIS Pack Vendor :wolfSSL I-CUBE-wolfSSH 1.4.20
2026-09-17 10:10:56,569 [INFO] ThirdParty:967 - CMSIS Pack Vendor :STMicroelectronics X-CUBE-NFC7 2.0.0
2026-09-17 10:10:56,569 [INFO] ThirdParty:967 - CMSIS Pack Vendor :STMicroelectronics X-CUBE-GNSS1 7.1.1
2026-09-17 10:10:56,569 [INFO] ThirdParty:967 - CMSIS Pack Vendor :STMicroelectronics FP-ATR-SIGFOX1 3.2.0
2026-09-17 10:10:56,569 [INFO] ThirdParty:967 - CMSIS Pack Vendor :STMicroelectronics X-CUBE-NFC10 1.0.0
2026-09-17 10:10:56,569 [INFO] ThirdParty:967 - CMSIS Pack Vendor :STMicroelectronics HAL Drivers 0.0.0
2026-09-17 10:10:56,569 [INFO] ThirdParty:967 - CMSIS Pack Vendor :STMicroelectronics MBEDTLS 2.16.2
2026-09-17 10:10:56,569 [INFO] ThirdParty:967 - CMSIS Pack Vendor :wolfSSL I-CUBE-wolfSSL 5.9.2
2026-09-17 10:10:56,569 [INFO] ThirdParty:967 - CMSIS Pack Vendor :STMicroelectronics MBEDTLS 2.14.1
2026-09-17 10:10:56,569 [INFO] ThirdParty:967 - CMSIS Pack Vendor :STMicroelectronics X-CUBE-TOUCHGFX 4.26.1
2026-09-17 10:10:56,569 [INFO] ThirdParty:967 - CMSIS Pack Vendor :STMicroelectronics X-CUBE-NFC6 3.2.0
2026-09-17 10:10:56,569 [INFO] ThirdParty:967 - CMSIS Pack Vendor :STMicroelectronics X-CUBE-AI 10.2.1
2026-09-17 10:10:56,569 [INFO] ThirdParty:967 - CMSIS Pack Vendor :STMicroelectronics X-CUBE-AZRTOS-WL 2.0.0
2026-09-17 10:10:56,569 [INFO] ThirdParty:967 - CMSIS Pack Vendor :SEGGER I-CUBE-embOS 1.3.1
2026-09-17 10:10:56,569 [INFO] ThirdParty:967 - CMSIS Pack Vendor :STMicroelectronics USB_DEVICE 1.0.0
2026-09-17 10:10:56,569 [INFO] ThirdParty:967 - CMSIS Pack Vendor :STMicroelectronics X-CUBE-AZRTOS-L4 2.0.0
2026-09-17 10:10:56,569 [INFO] ThirdParty:967 - CMSIS Pack Vendor :STMicroelectronics ThreadX 0.0.2
2026-09-17 10:10:56,569 [INFO] ThirdParty:967 - CMSIS Pack Vendor :STMicroelectronics lwIP 2.1.2
2026-09-17 10:10:56,569 [INFO] ThirdParty:967 - CMSIS Pack Vendor :STMicroelectronics X-CUBE-SFXS2LP1 4.0.0
2026-09-17 10:10:56,569 [INFO] ThirdParty:967 - CMSIS Pack Vendor :STMicroelectronics X-CUBE-BLE2 3.3.0
2026-09-17 10:10:56,569 [INFO] ThirdParty:967 - CMSIS Pack Vendor :STMicroelectronics X-CUBE-NFC13 1.0.0
2026-09-17 10:10:56,569 [INFO] ThirdParty:967 - CMSIS Pack Vendor :STMicroelectronics PDM2PCM 3.2.0
2026-09-17 10:10:56,569 [INFO] ThirdParty:967 - CMSIS Pack Vendor :STMicroelectronics X-CUBE-WB05N 2.1.0
2026-09-17 10:10:56,569 [INFO] ThirdParty:787 - exiting critical section [change project]
2026-09-17 10:10:56,712 [INFO] PinOutPanel:1463 - setPackage(No Configuration,No Configuration)
2026-09-17 10:10:56,712 [INFO] PinOutPanel:1463 - setPackage(STM32F103C6Ux,UFQFPN48)
2026-09-17 10:10:56,919 [INFO] UtilMem:74 - Before build in PCC Used Memory: 922607168 Bytes (1073741824)
2026-09-17 10:10:57,206 [INFO] UtilMem:74 - After build in PCC Used Memory: 947390416 Bytes (1073741824)
2026-09-17 10:10:57,222 [INFO] IPUIPlugin:74 - create IPUIPlugin
2026-09-17 10:10:57,222 [INFO] IPUIPlugin:74 - create IPUIPlugin
2026-09-17 10:10:57,222 [INFO] IPUIPlugin:74 - create IPUIPlugin
2026-09-17 10:10:57,222 [INFO] IPUIPlugin:74 - create IPUIPlugin
2026-09-17 10:10:57,222 [INFO] IPUIPlugin:74 - create IPUIPlugin
2026-09-17 10:10:57,222 [INFO] IPUIPlugin:74 - create IPUIPlugin
2026-09-17 10:10:57,222 [INFO] IPUIPlugin:74 - create IPUIPlugin
2026-09-17 10:10:57,222 [INFO] IPUIPlugin:74 - create IPUIPlugin
2026-09-17 10:10:57,222 [INFO] IPUIPlugin:74 - create IPUIPlugin
2026-09-17 10:10:57,222 [INFO] IPUIPlugin:74 - create IPUIPlugin
2026-09-17 10:10:57,222 [INFO] IPUIPlugin:74 - create IPUIPlugin
2026-09-17 10:10:57,222 [INFO] IPUIPlugin:74 - create IPUIPlugin
2026-09-17 10:10:57,222 [INFO] IPUIPlugin:74 - create IPUIPlugin
2026-09-17 10:10:57,222 [INFO] IPUIPlugin:74 - create IPUIPlugin
2026-09-17 10:10:57,222 [INFO] IPUIPlugin:74 - create IPUIPlugin
2026-09-17 10:10:57,222 [INFO] IPUIPlugin:74 - create IPUIPlugin
2026-09-17 10:10:57,222 [INFO] IPUIPlugin:74 - create IPUIPlugin
2026-09-17 10:10:57,222 [INFO] IPUIPlugin:74 - create IPUIPlugin
2026-09-17 10:10:57,222 [INFO] IPUIPlugin:74 - create IPUIPlugin
2026-09-17 10:10:57,222 [INFO] IPUIPlugin:74 - create IPUIPlugin
2026-09-17 10:10:57,222 [INFO] IPUIPlugin:74 - create IPUIPlugin
2026-09-17 10:10:57,222 [INFO] IPUIPlugin:74 - create IPUIPlugin
2026-09-17 10:10:57,222 [INFO] IPUIPlugin:74 - create IPUIPlugin
2026-09-17 10:10:57,302 [INFO] OpenFileManager:333 - Restore cursor
2026-09-17 10:10:57,464 [INFO] UtilMem:74 - End SaveConfig() Used Memory: 911533096 Bytes (1073741824)
2026-09-17 10:10:57,492 [INFO] UtilMem:74 - End SaveConfig() Used Memory: 925428584 Bytes (1073741824)
2026-09-17 10:10:57,650 [INFO] BlockDiagram:2740 - set Specific Code input for plugin: NVIC
2026-09-17 10:10:57,650 [INFO] BlockDiagram:2740 - set Specific Code input for plugin: SYS
2026-09-17 10:10:57,650 [INFO] BlockDiagram:2740 - set Specific Code input for plugin: RCC
2026-09-17 10:10:57,650 [INFO] CodeGenerator:663 - code generatio: config db path: D:\STM32CubeIDE_1.7.0\STM32CubeIDE\plugins\com.st.stm32cube.common.mx_6.3.0.202107141111\\db\
2026-09-17 10:10:57,809 [INFO] CodeEngine:239 - oldGeneratedFile, D:\Lab_VXL\Lab 1\Ex4\MXTmpFiles\license.tmp_save
2026-09-17 10:10:58,001 [INFO] CodeEngine:257 - Generated code: D:\Lab_VXL\Lab 1\Ex4\MXTmpFiles\license.tmp
2026-09-17 10:10:58,064 [INFO] CodeEngine:239 - oldGeneratedFile, D:\Lab_VXL\Lab 1\Ex4\Core\Src\stm32f1xx_it.c_save
2026-09-17 10:10:58,142 [INFO] CodeEngine:257 - Generated code: D:\Lab_VXL\Lab 1\Ex4\Core\Src\stm32f1xx_it.c
2026-09-17 10:10:58,142 [INFO] CodeEngine:239 - oldGeneratedFile, D:\Lab_VXL\Lab 1\Ex4\Core\Inc\stm32f1xx_it.h_save
2026-09-17 10:10:58,181 [INFO] CodeEngine:257 - Generated code: D:\Lab_VXL\Lab 1\Ex4\Core\Inc\stm32f1xx_it.h
2026-09-17 10:10:58,189 [INFO] CodeEngine:239 - oldGeneratedFile, D:\Lab_VXL\Lab 1\Ex4\Core\Src\stm32f1xx_hal_msp.c_save
2026-09-17 10:10:58,237 [INFO] CodeEngine:257 - Generated code: D:\Lab_VXL\Lab 1\Ex4\Core\Src\stm32f1xx_hal_msp.c
2026-09-17 10:10:58,237 [INFO] CodeEngine:239 - oldGeneratedFile, D:\Lab_VXL\Lab 1\Ex4\MXTmpFiles\system.tmp_save
2026-09-17 10:10:58,284 [INFO] CodeEngine:257 - Generated code: D:\Lab_VXL\Lab 1\Ex4\MXTmpFiles\system.tmp
2026-09-17 10:10:58,284 [INFO] CodeEngine:239 - oldGeneratedFile, D:\Lab_VXL\Lab 1\Ex4\Core\Inc\stm32f1xx_hal_conf.h_save
2026-09-17 10:10:58,332 [INFO] CodeEngine:257 - Generated code: D:\Lab_VXL\Lab 1\Ex4\Core\Inc\stm32f1xx_hal_conf.h
2026-09-17 10:10:58,348 [INFO] CodeEngine:239 - oldGeneratedFile, D:\Lab_VXL\Lab 1\Ex4\Core\Inc\main.h_save
2026-09-17 10:10:58,412 [INFO] CodeEngine:257 - Generated code: D:\Lab_VXL\Lab 1\Ex4\Core\Inc\main.h
2026-09-17 10:10:58,412 [INFO] CodeEngine:239 - oldGeneratedFile, D:\Lab_VXL\Lab 1\Ex4\Core\Src\main.c_save
2026-09-17 10:10:58,476 [INFO] CodeEngine:257 - Generated code: D:\Lab_VXL\Lab 1\Ex4\Core\Src\main.c
2026-09-17 10:10:59,276 [INFO] ProjectBuilder:2578 - Time for Copy HAL[1] : 40mS.
2026-09-17 10:10:59,283 [INFO] ProjectBuilder:3622 - Project Generator version: 3.14.1
2026-09-17 10:10:59,496 [INFO] ConfigFileManager:1271 - The Die is : DIE412
2026-09-17 10:10:59,505 [INFO] ApiDbMcu:468 - Load IP Config File for FATFS
2026-09-17 10:10:59,521 [INFO] ApiDbMcu:468 - Load IP Config File for FREERTOS
2026-09-17 10:10:59,521 [INFO] ApiDbMcu:468 - Load IP Config File for USB_DEVICE
2026-09-17 10:11:03,409 [INFO] ProjectBuilder:3789 - Time for Generating toolchain IDE Files: 4126mS.
2026-09-17 10:11:03,409 [INFO] ProjectBuilder:2457 - Time for Copy CMSIS : 0mS.
2026-09-17 10:11:03,416 [INFO] ProjectBuilder:2457 - Time for Copy CMSIS : 0mS.
2026-09-17 10:11:05,817 [INFO] McuFinderGlobals:52 - Set McuFinderConnectedMode to true
2026-09-17 10:11:05,817 [INFO] ApiDb:276 - Save user favorites file C:\Users\Hius/.stm32cubeide/favorites.mcus.txt: 0 item(s)
2026-09-17 10:11:05,817 [INFO] ApiDb:280 - User favorites MCUs=[]
2026-09-17 10:21:06,602 [INFO] UtilMem:74 - End SaveConfig() Used Memory: 989911016 Bytes (1073741824)
2026-09-17 10:21:08,548 [INFO] UtilMem:74 - End SaveConfig() Used Memory: 959588328 Bytes (1073741824)
2026-09-17 10:21:12,640 [INFO] UtilMem:74 - End SaveConfig() Used Memory: 1023125856 Bytes (1073741824)
2026-09-17 10:21:12,899 [INFO] BlockDiagram:2740 - set Specific Code input for plugin: NVIC
2026-09-17 10:21:12,899 [INFO] BlockDiagram:2740 - set Specific Code input for plugin: SYS
2026-09-17 10:21:12,899 [INFO] BlockDiagram:2740 - set Specific Code input for plugin: GPIO
2026-09-17 10:21:12,899 [INFO] BlockDiagram:2740 - set Specific Code input for plugin: RCC
2026-09-17 10:21:12,899 [INFO] CodeGenerator:663 - code generatio: config db path: D:\STM32CubeIDE_1.7.0\STM32CubeIDE\plugins\com.st.stm32cube.common.mx_6.3.0.202107141111\\db\
2026-09-17 10:21:13,314 [INFO] CodeEngine:239 - oldGeneratedFile, D:\Lab_VXL\Lab 1\Ex4\MXTmpFiles\license.tmp_save
2026-09-17 10:21:13,371 [INFO] CodeEngine:257 - Generated code: D:\Lab_VXL\Lab 1\Ex4\MXTmpFiles\license.tmp
2026-09-17 10:21:13,403 [INFO] CodeEngine:239 - oldGeneratedFile, D:\Lab_VXL\Lab 1\Ex4\MXTmpFiles\gpio.tmp_save
2026-09-17 10:21:13,471 [INFO] CodeEngine:257 - Generated code: D:\Lab_VXL\Lab 1\Ex4\MXTmpFiles\gpio.tmp
2026-09-17 10:21:13,492 [INFO] CodeEngine:239 - oldGeneratedFile, D:\Lab_VXL\Lab 1\Ex4\Core\Src\stm32f1xx_it.c_save
2026-09-17 10:21:13,787 [INFO] CodeEngine:257 - Generated code: D:\Lab_VXL\Lab 1\Ex4\Core\Src\stm32f1xx_it.c
2026-09-17 10:21:13,789 [INFO] CodeEngine:239 - oldGeneratedFile, D:\Lab_VXL\Lab 1\Ex4\Core\Inc\stm32f1xx_it.h_save
2026-09-17 10:21:13,832 [INFO] CodeEngine:257 - Generated code: D:\Lab_VXL\Lab 1\Ex4\Core\Inc\stm32f1xx_it.h
2026-09-17 10:21:13,836 [INFO] CodeEngine:239 - oldGeneratedFile, D:\Lab_VXL\Lab 1\Ex4\Core\Src\stm32f1xx_hal_msp.c_save
2026-09-17 10:21:13,903 [INFO] CodeEngine:257 - Generated code: D:\Lab_VXL\Lab 1\Ex4\Core\Src\stm32f1xx_hal_msp.c
2026-09-17 10:21:13,903 [INFO] CodeEngine:239 - oldGeneratedFile, D:\Lab_VXL\Lab 1\Ex4\MXTmpFiles\system.tmp_save
2026-09-17 10:21:13,944 [INFO] CodeEngine:257 - Generated code: D:\Lab_VXL\Lab 1\Ex4\MXTmpFiles\system.tmp
2026-09-17 10:21:13,955 [INFO] CodeEngine:239 - oldGeneratedFile, D:\Lab_VXL\Lab 1\Ex4\Core\Inc\stm32f1xx_hal_conf.h_save
2026-09-17 10:21:14,040 [INFO] CodeEngine:257 - Generated code: D:\Lab_VXL\Lab 1\Ex4\Core\Inc\stm32f1xx_hal_conf.h
2026-09-17 10:21:14,087 [INFO] CodeEngine:239 - oldGeneratedFile, D:\Lab_VXL\Lab 1\Ex4\Core\Inc\main.h_save
2026-09-17 10:21:14,169 [INFO] CodeEngine:257 - Generated code: D:\Lab_VXL\Lab 1\Ex4\Core\Inc\main.h
2026-09-17 10:21:14,183 [INFO] CodeEngine:239 - oldGeneratedFile, D:\Lab_VXL\Lab 1\Ex4\Core\Src\main.c_save
2026-09-17 10:21:14,343 [INFO] CodeEngine:257 - Generated code: D:\Lab_VXL\Lab 1\Ex4\Core\Src\main.c
2026-09-17 10:21:15,649 [INFO] ProjectBuilder:2578 - Time for Copy HAL[1] : 65mS.
2026-09-17 10:21:15,653 [INFO] ProjectBuilder:3622 - Project Generator version: 3.14.1
2026-09-17 10:21:16,331 [INFO] ConfigFileManager:1271 - The Die is : DIE412
2026-09-17 10:21:18,949 [INFO] ProjectBuilder:3789 - Time for Generating toolchain IDE Files: 3296mS.
2026-09-17 10:21:18,949 [INFO] ProjectBuilder:2457 - Time for Copy CMSIS : 0mS.
2026-09-17 10:21:18,949 [INFO] ProjectBuilder:2457 - Time for Copy CMSIS : 0mS.
2026-09-17 10:26:16,119 [INFO] UtilMem:74 - End SaveConfig() Used Memory: 1009050128 Bytes (1073741824)
2026-09-17 10:26:17,224 [INFO] UtilMem:74 - End SaveConfig() Used Memory: 984378808 Bytes (1073741824)
2026-09-17 10:26:18,459 [INFO] UtilMem:74 - End SaveConfig() Used Memory: 1019744352 Bytes (1073741824)
2026-09-17 10:26:19,016 [INFO] BlockDiagram:2740 - set Specific Code input for plugin: NVIC
2026-09-17 10:26:19,016 [INFO] BlockDiagram:2740 - set Specific Code input for plugin: SYS
2026-09-17 10:26:19,016 [INFO] BlockDiagram:2740 - set Specific Code input for plugin: GPIO
2026-09-17 10:26:19,016 [INFO] BlockDiagram:2740 - set Specific Code input for plugin: RCC
2026-09-17 10:26:19,016 [INFO] CodeGenerator:663 - code generatio: config db path: D:\STM32CubeIDE_1.7.0\STM32CubeIDE\plugins\com.st.stm32cube.common.mx_6.3.0.202107141111\\db\
2026-09-17 10:26:19,172 [INFO] CodeEngine:239 - oldGeneratedFile, D:\Lab_VXL\Lab 1\Ex4\MXTmpFiles\license.tmp_save
2026-09-17 10:26:19,222 [INFO] CodeEngine:257 - Generated code: D:\Lab_VXL\Lab 1\Ex4\MXTmpFiles\license.tmp
2026-09-17 10:26:19,244 [INFO] CodeEngine:239 - oldGeneratedFile, D:\Lab_VXL\Lab 1\Ex4\MXTmpFiles\gpio.tmp_save
2026-09-17 10:26:19,297 [INFO] CodeEngine:257 - Generated code: D:\Lab_VXL\Lab 1\Ex4\MXTmpFiles\gpio.tmp
2026-09-17 10:26:19,323 [INFO] CodeEngine:239 - oldGeneratedFile, D:\Lab_VXL\Lab 1\Ex4\Core\Src\stm32f1xx_it.c_save
2026-09-17 10:26:19,383 [INFO] CodeEngine:257 - Generated code: D:\Lab_VXL\Lab 1\Ex4\Core\Src\stm32f1xx_it.c
2026-09-17 10:26:19,387 [INFO] CodeEngine:239 - oldGeneratedFile, D:\Lab_VXL\Lab 1\Ex4\Core\Inc\stm32f1xx_it.h_save
2026-09-17 10:26:19,429 [INFO] CodeEngine:257 - Generated code: D:\Lab_VXL\Lab 1\Ex4\Core\Inc\stm32f1xx_it.h
2026-09-17 10:26:19,445 [INFO] CodeEngine:239 - oldGeneratedFile, D:\Lab_VXL\Lab 1\Ex4\Core\Src\stm32f1xx_hal_msp.c_save
2026-09-17 10:26:19,701 [INFO] CodeEngine:257 - Generated code: D:\Lab_VXL\Lab 1\Ex4\Core\Src\stm32f1xx_hal_msp.c
2026-09-17 10:26:19,706 [INFO] CodeEngine:239 - oldGeneratedFile, D:\Lab_VXL\Lab 1\Ex4\MXTmpFiles\system.tmp_save
2026-09-17 10:26:19,758 [INFO] CodeEngine:257 - Generated code: D:\Lab_VXL\Lab 1\Ex4\MXTmpFiles\system.tmp
2026-09-17 10:26:19,769 [INFO] CodeEngine:239 - oldGeneratedFile, D:\Lab_VXL\Lab 1\Ex4\Core\Inc\stm32f1xx_hal_conf.h_save
2026-09-17 10:26:19,843 [INFO] CodeEngine:257 - Generated code: D:\Lab_VXL\Lab 1\Ex4\Core\Inc\stm32f1xx_hal_conf.h
2026-09-17 10:26:19,868 [INFO] CodeEngine:239 - oldGeneratedFile, D:\Lab_VXL\Lab 1\Ex4\Core\Inc\main.h_save
2026-09-17 10:26:19,920 [INFO] CodeEngine:257 - Generated code: D:\Lab_VXL\Lab 1\Ex4\Core\Inc\main.h
2026-09-17 10:26:19,934 [INFO] CodeEngine:239 - oldGeneratedFile, D:\Lab_VXL\Lab 1\Ex4\Core\Src\main.c_save
2026-09-17 10:26:20,033 [INFO] CodeEngine:257 - Generated code: D:\Lab_VXL\Lab 1\Ex4\Core\Src\main.c
2026-09-17 10:26:20,833 [INFO] ProjectBuilder:2578 - Time for Copy HAL[1] : 40mS.
2026-09-17 10:26:20,833 [INFO] ProjectBuilder:3622 - Project Generator version: 3.14.1
2026-09-17 10:26:21,260 [INFO] ConfigFileManager:1271 - The Die is : DIE412
2026-09-17 10:26:22,865 [INFO] ProjectBuilder:3789 - Time for Generating toolchain IDE Files: 2032mS.
2026-09-17 10:26:22,865 [INFO] ProjectBuilder:2457 - Time for Copy CMSIS : 0mS.
2026-09-17 10:26:22,865 [INFO] ProjectBuilder:2457 - Time for Copy CMSIS : 0mS.
2026-09-17 10:44:41,721 [INFO] Activator:177 - 


2026-09-17 10:44:41,723 [INFO] Activator:178 - !SESSION log4j initialized
2026-09-17 10:44:44,644 [ERROR] ApiDbMcu:1508 - Can't use Application install path:
2026-09-17 10:44:47,353 [WARN] RulesReader:59 - Compatibility file://mcu/compatibility.xml not found
2026-09-17 10:45:05,844 [INFO] McuFinderGlobals:39 - Set McuFinder mode to 2 (CubeIDE integrated)
2026-09-17 10:45:06,036 [INFO] ApplicationProperties:181 - Using Application install path: D:\STM32CubeIDE_1.7.0\STM32CubeIDE\plugins\com.st.stm32cube.common.mx_6.3.0.202107141111
2026-09-17 10:45:06,040 [INFO] DbMcusXml:74 - Set database path to: D:\STM32CubeIDE_1.7.0\STM32CubeIDE\plugins\com.st.stm32cube.common.mx_6.3.0.202107141111\\db\/mcu/
2026-09-17 10:45:06,040 [INFO] DbBoardsPdsc:56 - Set plugin database path to: D:\STM32CubeIDE_1.7.0\STM32CubeIDE\plugins\com.st.stm32cube.common.mx_6.3.0.202107141111\\db\/plugins/boardmanager/
2026-09-17 10:45:06,040 [INFO] DbMcus:258 - Set plugin images path to: D:\STM32CubeIDE_1.7.0\STM32CubeIDE\plugins\com.st.stm32cube.common.mx_6.3.0.202107141111\\db\/plugins/mcufinder/images/
2026-09-17 10:45:06,040 [INFO] DbBoards:264 - Set plugin images path to: D:\STM32CubeIDE_1.7.0\STM32CubeIDE\plugins\com.st.stm32cube.common.mx_6.3.0.202107141111\\db\/plugins/mcufinder/images/
2026-09-17 10:45:06,040 [INFO] DbExamples:333 - Set plugin images path to: D:\STM32CubeIDE_1.7.0\STM32CubeIDE\plugins\com.st.stm32cube.common.mx_6.3.0.202107141111\\db\/plugins/mcufinder/images/
2026-09-17 10:45:06,051 [INFO] DbMcusAds:119 - Set database path to: C:\Users\Hius\.stmcufinder\plugins\mcufinder//mcu/
2026-09-17 10:45:06,051 [INFO] DbMcusDocs:110 - Set database path to: C:\Users\Hius\.stmcufinder\plugins\mcufinder//mcu/
2026-09-17 10:45:06,056 [INFO] DbMcusJson:64 - Set database path to: C:\Users\Hius\.stmcufinder\plugins\mcufinder//mcu/
2026-09-17 10:45:06,056 [INFO] DbBoardsDocs:110 - Set database path to: C:\Users\Hius\.stmcufinder\plugins\mcufinder//mcu/
2026-09-17 10:45:06,056 [INFO] DbBoardsJson:57 - Set database path to: C:\Users\Hius\.stmcufinder\plugins\mcufinder//mcu/
2026-09-17 10:45:06,073 [INFO] CrossReferenceDbSqlite:196 - Set database path to: C:\Users\Hius\.stmcufinder\plugins\mcufinder//mcu/cs/
2026-09-17 10:45:06,073 [INFO] DbExamplesSqlite:767 - Set database path to: C:\Users\Hius\.stmcufinder\plugins\mcufinder//mcu/
2026-09-17 10:45:06,173 [INFO] DbMcusXml:74 - Set database path to: D:\STM32CubeIDE_1.7.0\STM32CubeIDE\plugins\com.st.stm32cube.common.mx_6.3.0.202107141111\\db\/mcu/
2026-09-17 10:45:06,173 [INFO] DbBoardsPdsc:56 - Set plugin database path to: D:\STM32CubeIDE_1.7.0\STM32CubeIDE\plugins\com.st.stm32cube.common.mx_6.3.0.202107141111\\db\/plugins/boardmanager/
2026-09-17 10:45:06,173 [INFO] DbMcus:258 - Set plugin images path to: D:\STM32CubeIDE_1.7.0\STM32CubeIDE\plugins\com.st.stm32cube.common.mx_6.3.0.202107141111\\db\/plugins/mcufinder/images/
2026-09-17 10:45:06,173 [INFO] DbBoards:264 - Set plugin images path to: D:\STM32CubeIDE_1.7.0\STM32CubeIDE\plugins\com.st.stm32cube.common.mx_6.3.0.202107141111\\db\/plugins/mcufinder/images/
2026-09-17 10:45:06,173 [INFO] DbExamples:333 - Set plugin images path to: D:\STM32CubeIDE_1.7.0\STM32CubeIDE\plugins\com.st.stm32cube.common.mx_6.3.0.202107141111\\db\/plugins/mcufinder/images/
2026-09-17 10:45:06,173 [WARN] DbFile:35 - Overriding database path with different value: C:\Users\Hius\.stmcufinder\plugins\mcufinder/ => C:\Users\Hius\.stmcufinder\plugins\mcufinder
2026-09-17 10:45:06,173 [INFO] DbMcusAds:119 - Set database path to: C:\Users\Hius\.stmcufinder\plugins\mcufinder//mcu/
2026-09-17 10:45:06,173 [WARN] DbFile:35 - Overriding database path with different value: C:\Users\Hius\.stmcufinder\plugins\mcufinder/ => C:\Users\Hius\.stmcufinder\plugins\mcufinder
2026-09-17 10:45:06,173 [INFO] DbMcusDocs:110 - Set database path to: C:\Users\Hius\.stmcufinder\plugins\mcufinder//mcu/
2026-09-17 10:45:06,173 [WARN] DbFile:35 - Overriding database path with different value: C:\Users\Hius\.stmcufinder\plugins\mcufinder/ => C:\Users\Hius\.stmcufinder\plugins\mcufinder
2026-09-17 10:45:06,173 [INFO] DbMcusJson:64 - Set database path to: C:\Users\Hius\.stmcufinder\plugins\mcufinder//mcu/
2026-09-17 10:45:06,173 [WARN] DbFile:35 - Overriding database path with different value: C:\Users\Hius\.stmcufinder\plugins\mcufinder/ => C:\Users\Hius\.stmcufinder\plugins\mcufinder
2026-09-17 10:45:06,173 [INFO] DbBoardsDocs:110 - Set database path to: C:\Users\Hius\.stmcufinder\plugins\mcufinder//mcu/
2026-09-17 10:45:06,173 [WARN] DbFile:35 - Overriding database path with different value: C:\Users\Hius\.stmcufinder\plugins\mcufinder/ => C:\Users\Hius\.stmcufinder\plugins\mcufinder
2026-09-17 10:45:06,173 [INFO] DbBoardsJson:57 - Set database path to: C:\Users\Hius\.stmcufinder\plugins\mcufinder//mcu/
2026-09-17 10:45:06,173 [WARN] DbFile:35 - Overriding database path with different value: C:\Users\Hius\.stmcufinder\plugins\mcufinder/ => C:\Users\Hius\.stmcufinder\plugins\mcufinder
2026-09-17 10:45:06,173 [WARN] DbFile:35 - Overriding database path with different value: C:\Users\Hius\.stmcufinder\plugins\mcufinder/ => C:\Users\Hius\.stmcufinder\plugins\mcufinder
2026-09-17 10:45:06,173 [INFO] CrossReferenceDbSqlite:196 - Set database path to: C:\Users\Hius\.stmcufinder\plugins\mcufinder//mcu/cs/
2026-09-17 10:45:06,173 [WARN] DbFile:35 - Overriding database path with different value: C:\Users\Hius\.stmcufinder\plugins\mcufinder/ => C:\Users\Hius\.stmcufinder\plugins\mcufinder
2026-09-17 10:45:06,173 [INFO] DbExamplesSqlite:767 - Set database path to: C:\Users\Hius\.stmcufinder\plugins\mcufinder//mcu/
2026-09-17 10:45:06,243 [INFO] MainPanel:214 - HeapMemory: 268435456
2026-09-17 10:45:06,306 [INFO] DbMcusXml:74 - Set database path to: D:\STM32CubeIDE_1.7.0\STM32CubeIDE\plugins\com.st.stm32cube.common.mx_6.3.0.202107141111\\db\/mcu/
2026-09-17 10:45:06,306 [INFO] DbBoardsPdsc:56 - Set plugin database path to: D:\STM32CubeIDE_1.7.0\STM32CubeIDE\plugins\com.st.stm32cube.common.mx_6.3.0.202107141111\\db\/plugins/boardmanager/
2026-09-17 10:45:06,306 [INFO] DbMcus:258 - Set plugin images path to: D:\STM32CubeIDE_1.7.0\STM32CubeIDE\plugins\com.st.stm32cube.common.mx_6.3.0.202107141111\\db\/plugins/mcufinder/images/
2026-09-17 10:45:06,306 [INFO] DbBoards:264 - Set plugin images path to: D:\STM32CubeIDE_1.7.0\STM32CubeIDE\plugins\com.st.stm32cube.common.mx_6.3.0.202107141111\\db\/plugins/mcufinder/images/
2026-09-17 10:45:06,306 [INFO] DbExamples:333 - Set plugin images path to: D:\STM32CubeIDE_1.7.0\STM32CubeIDE\plugins\com.st.stm32cube.common.mx_6.3.0.202107141111\\db\/plugins/mcufinder/images/
2026-09-17 10:45:06,306 [WARN] DbFile:35 - Overriding database path with different value: C:\Users\Hius\.stmcufinder\plugins\mcufinder/ => C:\Users\Hius\.stmcufinder\plugins\mcufinder
2026-09-17 10:45:06,306 [INFO] DbMcusAds:119 - Set database path to: C:\Users\Hius\.stmcufinder\plugins\mcufinder//mcu/
2026-09-17 10:45:06,306 [WARN] DbFile:35 - Overriding database path with different value: C:\Users\Hius\.stmcufinder\plugins\mcufinder/ => C:\Users\Hius\.stmcufinder\plugins\mcufinder
2026-09-17 10:45:06,306 [INFO] DbMcusDocs:110 - Set database path to: C:\Users\Hius\.stmcufinder\plugins\mcufinder//mcu/
2026-09-17 10:45:06,306 [WARN] DbFile:35 - Overriding database path with different value: C:\Users\Hius\.stmcufinder\plugins\mcufinder/ => C:\Users\Hius\.stmcufinder\plugins\mcufinder
2026-09-17 10:45:06,306 [INFO] DbMcusJson:64 - Set database path to: C:\Users\Hius\.stmcufinder\plugins\mcufinder//mcu/
2026-09-17 10:45:06,306 [WARN] DbFile:35 - Overriding database path with different value: C:\Users\Hius\.stmcufinder\plugins\mcufinder/ => C:\Users\Hius\.stmcufinder\plugins\mcufinder
2026-09-17 10:45:06,306 [INFO] DbBoardsDocs:110 - Set database path to: C:\Users\Hius\.stmcufinder\plugins\mcufinder//mcu/
2026-09-17 10:45:06,306 [WARN] DbFile:35 - Overriding database path with different value: C:\Users\Hius\.stmcufinder\plugins\mcufinder/ => C:\Users\Hius\.stmcufinder\plugins\mcufinder
2026-09-17 10:45:06,306 [INFO] DbBoardsJson:57 - Set database path to: C:\Users\Hius\.stmcufinder\plugins\mcufinder//mcu/
2026-09-17 10:45:06,306 [WARN] DbFile:35 - Overriding database path with different value: C:\Users\Hius\.stmcufinder\plugins\mcufinder/ => C:\Users\Hius\.stmcufinder\plugins\mcufinder
2026-09-17 10:45:06,306 [WARN] DbFile:35 - Overriding database path with different value: C:\Users\Hius\.stmcufinder\plugins\mcufinder/ => C:\Users\Hius\.stmcufinder\plugins\mcufinder
2026-09-17 10:45:06,306 [INFO] CrossReferenceDbSqlite:196 - Set database path to: C:\Users\Hius\.stmcufinder\plugins\mcufinder//mcu/cs/
2026-09-17 10:45:06,306 [WARN] DbFile:35 - Overriding database path with different value: C:\Users\Hius\.stmcufinder\plugins\mcufinder/ => C:\Users\Hius\.stmcufinder\plugins\mcufinder
2026-09-17 10:45:06,306 [INFO] DbExamplesSqlite:767 - Set database path to: C:\Users\Hius\.stmcufinder\plugins\mcufinder//mcu/
2026-09-17 10:45:06,342 [INFO] ApplicationProperties:181 - Using Application install path: D:\STM32CubeIDE_1.7.0\STM32CubeIDE\plugins\com.st.stm32cube.common.mx_6.3.0.202107141111
2026-09-17 10:45:06,342 [INFO] PluginManage:188 - Search for loadable plugins [exclusion list=, ]
2026-09-17 10:45:06,342 [INFO] PluginManage:302 - Check plugin analytics
2026-09-17 10:45:06,490 [INFO] AnalyticsPlugin:257 - Accepted Software Licenses: 
2026-09-17 10:45:06,490 [INFO] AnalyticsPlugin:259 - Accepted CMSIS Pack Licenses: 
2026-09-17 10:45:06,490 [INFO] AnalyticsPlugin:261 - Accepted Firmware Licenses: 
2026-09-17 10:45:06,490 [INFO] PluginManage:352 - Loaded plugin analytics (category:tool,tabindex:-1)
2026-09-17 10:45:06,490 [INFO] PluginManage:302 - Check plugin clock
2026-09-17 10:45:06,498 [INFO] PluginManage:352 - Loaded plugin clock (category:base,tabindex:2)
2026-09-17 10:45:06,498 [INFO] PluginManage:302 - Check plugin ddr
2026-09-17 10:45:06,498 [INFO] PluginManage:352 - Loaded plugin ddr (category:tool,tabindex:6)
2026-09-17 10:45:06,498 [INFO] PluginManage:302 - Check plugin filemanager
2026-09-17 10:45:06,641 [INFO] PluginManage:352 - Loaded plugin filemanager (category:base,tabindex:10)
2026-09-17 10:45:06,641 [INFO] PluginManage:302 - Check plugin ipmanager
2026-09-17 10:45:06,657 [INFO] PluginManage:352 - Loaded plugin ipmanager (category:base,tabindex:5)
2026-09-17 10:45:06,657 [INFO] PluginManage:302 - Check plugin pinoutandconfiguration
2026-09-17 10:45:06,657 [INFO] PluginManage:352 - Loaded plugin pinoutandconfiguration (category:base,tabindex:1)
2026-09-17 10:45:06,657 [INFO] PluginManage:302 - Check plugin pinoutconfig
2026-09-17 10:45:06,722 [INFO] PluginManage:352 - Loaded plugin pinoutconfig (category:base,tabindex:0)
2026-09-17 10:45:06,722 [INFO] PluginManage:302 - Check plugin power
2026-09-17 10:45:06,723 [INFO] PluginManage:352 - Loaded plugin power (category:power,tabindex:4)
2026-09-17 10:45:06,723 [INFO] PluginManage:302 - Check plugin projectmanager
2026-09-17 10:45:06,744 [INFO] PluginManage:352 - Loaded plugin projectmanager (category:projectmanager,tabindex:3)
2026-09-17 10:45:06,744 [INFO] PluginManage:302 - Check plugin thirdparty
2026-09-17 10:45:06,841 [INFO] PluginManage:352 - Loaded plugin thirdparty (category:base,tabindex:-1)
2026-09-17 10:45:06,841 [INFO] PluginManage:302 - Check plugin tools
2026-09-17 10:45:06,841 [WARN] IntegrityCheckThread:78 - waiting for thirdparty lock release [integrity check]
2026-09-17 10:45:06,841 [INFO] IntegrityCheckThread:80 - entering critical section [integrity check]
2026-09-17 10:45:06,841 [INFO] ThirdPartyUpdaterWithRetryManager:66 - Updater plugin not ready yet. [1/15]
2026-09-17 10:45:06,841 [INFO] PluginManage:352 - Loaded plugin tools (category:base,tabindex:7)
2026-09-17 10:45:06,841 [INFO] PluginManage:302 - Check plugin tutovideos
2026-09-17 10:45:07,023 [INFO] PluginManage:352 - Loaded plugin tutovideos (category:base,tabindex:-1)
2026-09-17 10:45:07,023 [INFO] PluginManage:302 - Check plugin updater
2026-09-17 10:45:07,040 [INFO] PluginManage:352 - Loaded plugin updater (category:base,tabindex:12)
2026-09-17 10:45:07,040 [INFO] PluginManage:275 - PluginManage : Loaded plugins [13]
2026-09-17 10:45:07,206 [INFO] PinOutPanel:1463 - setPackage(No Configuration,No Configuration)
2026-09-17 10:45:07,285 [INFO] IPUIPlugin:74 - create IPUIPlugin
2026-09-17 10:45:07,285 [INFO] PluginManager:213 - loadIPPluginJar : add adc
2026-09-17 10:45:07,285 [INFO] IPUIPlugin:74 - create IPUIPlugin
2026-09-17 10:45:07,285 [INFO] PluginManager:213 - loadIPPluginJar : add aes
2026-09-17 10:45:07,289 [INFO] IPUIPlugin:74 - create IPUIPlugin
2026-09-17 10:45:07,289 [INFO] PluginManager:213 - loadIPPluginJar : add can
2026-09-17 10:45:07,290 [INFO] IPUIPlugin:74 - create IPUIPlugin
2026-09-17 10:45:07,290 [INFO] PluginManager:213 - loadIPPluginJar : add comp
2026-09-17 10:45:07,290 [INFO] IPUIPlugin:74 - create IPUIPlugin
2026-09-17 10:45:07,290 [INFO] PluginManager:213 - loadIPPluginJar : add cryp
2026-09-17 10:45:07,290 [INFO] IPUIPlugin:74 - create IPUIPlugin
2026-09-17 10:45:07,290 [INFO] PluginManager:213 - loadIPPluginJar : add dfsdm
2026-09-17 10:45:07,290 [INFO] IPUIPlugin:74 - create IPUIPlugin
2026-09-17 10:45:07,290 [INFO] PluginManager:213 - loadIPPluginJar : add dma
2026-09-17 10:45:07,290 [INFO] IPUIPlugin:74 - create IPUIPlugin
2026-09-17 10:45:07,290 [INFO] PluginManager:213 - loadIPPluginJar : add dma3
2026-09-17 10:45:07,290 [INFO] IPUIPlugin:74 - create IPUIPlugin
2026-09-17 10:45:07,290 [INFO] PluginManager:213 - loadIPPluginJar : add fatfs
2026-09-17 10:45:07,302 [INFO] IPUIPlugin:74 - create IPUIPlugin
2026-09-17 10:45:07,302 [INFO] PluginManager:213 - loadIPPluginJar : add fmc
2026-09-17 10:45:07,306 [INFO] IPUIPlugin:74 - create IPUIPlugin
2026-09-17 10:45:07,306 [INFO] PluginManager:213 - loadIPPluginJar : add freertos
2026-09-17 10:45:07,306 [INFO] IPUIPlugin:74 - create IPUIPlugin
2026-09-17 10:45:07,306 [INFO] PluginManager:213 - loadIPPluginJar : add genericplugin
2026-09-17 10:45:07,309 [INFO] IPUIPlugin:74 - create IPUIPlugin
2026-09-17 10:45:07,309 [INFO] PluginManager:213 - loadIPPluginJar : add gfxmmu
2026-09-17 10:45:07,309 [INFO] IPUIPlugin:74 - create IPUIPlugin
2026-09-17 10:45:07,309 [INFO] PluginManager:213 - loadIPPluginJar : add gic
2026-09-17 10:45:07,309 [INFO] IPUIPlugin:74 - create IPUIPlugin
2026-09-17 10:45:07,309 [INFO] PluginManager:213 - loadIPPluginJar : add gpio
2026-09-17 10:45:07,317 [INFO] IPUIPlugin:74 - create IPUIPlugin
2026-09-17 10:45:07,317 [INFO] PluginManager:213 - loadIPPluginJar : add gtzc
2026-09-17 10:45:07,317 [INFO] IPUIPlugin:74 - create IPUIPlugin
2026-09-17 10:45:07,317 [INFO] PluginManager:213 - loadIPPluginJar : add hash
2026-09-17 10:45:07,317 [INFO] IPUIPlugin:74 - create IPUIPlugin
2026-09-17 10:45:07,317 [INFO] PluginManager:213 - loadIPPluginJar : add i2c
2026-09-17 10:45:07,317 [INFO] IPUIPlugin:74 - create IPUIPlugin
2026-09-17 10:45:07,317 [INFO] PluginManager:213 - loadIPPluginJar : add i2s
2026-09-17 10:45:07,323 [INFO] IPUIPlugin:74 - create IPUIPlugin
2026-09-17 10:45:07,323 [INFO] PluginManager:213 - loadIPPluginJar : add ipddr
2026-09-17 10:45:07,323 [INFO] IPUIPlugin:74 - create IPUIPlugin
2026-09-17 10:45:07,323 [INFO] PluginManager:213 - loadIPPluginJar : add linkedlist
2026-09-17 10:45:07,323 [INFO] IPUIPlugin:74 - create IPUIPlugin
2026-09-17 10:45:07,323 [INFO] PluginManager:213 - loadIPPluginJar : add lorawan
2026-09-17 10:45:07,333 [INFO] IPUIPlugin:74 - create IPUIPlugin
2026-09-17 10:45:07,333 [INFO] PluginManager:213 - loadIPPluginJar : add ltdc
2026-09-17 10:45:07,333 [INFO] IPUIPlugin:74 - create IPUIPlugin
2026-09-17 10:45:07,333 [INFO] PluginManager:213 - loadIPPluginJar : add mdma
2026-09-17 10:45:07,333 [INFO] IPUIPlugin:74 - create IPUIPlugin
2026-09-17 10:45:07,333 [INFO] PluginManager:213 - loadIPPluginJar : add nvic
2026-09-17 10:45:07,339 [INFO] IPUIPlugin:74 - create IPUIPlugin
2026-09-17 10:45:07,340 [INFO] PluginManager:213 - loadIPPluginJar : add opamp
2026-09-17 10:45:07,340 [INFO] IPUIPlugin:74 - create IPUIPlugin
2026-09-17 10:45:07,340 [INFO] PluginManager:213 - loadIPPluginJar : add openamp
2026-09-17 10:45:07,340 [INFO] IPUIPlugin:74 - create IPUIPlugin
2026-09-17 10:45:07,340 [INFO] PluginManager:213 - loadIPPluginJar : add pdm2pcm
2026-09-17 10:45:07,349 [INFO] IPUIPlugin:74 - create IPUIPlugin
2026-09-17 10:45:07,349 [INFO] PluginManager:213 - loadIPPluginJar : add plateformsettings
2026-09-17 10:45:07,349 [INFO] IPUIPlugin:74 - create IPUIPlugin
2026-09-17 10:45:07,349 [INFO] PluginManager:213 - loadIPPluginJar : add quadspi
2026-09-17 10:45:07,356 [INFO] IPUIPlugin:74 - create IPUIPlugin
2026-09-17 10:45:07,356 [INFO] PluginManager:213 - loadIPPluginJar : add resmgrutility
2026-09-17 10:45:07,356 [INFO] IPUIPlugin:74 - create IPUIPlugin
2026-09-17 10:45:07,356 [INFO] PluginManager:213 - loadIPPluginJar : add sai
2026-09-17 10:45:07,356 [INFO] IPUIPlugin:74 - create IPUIPlugin
2026-09-17 10:45:07,356 [INFO] PluginManager:213 - loadIPPluginJar : add spi
2026-09-17 10:45:07,364 [INFO] IPUIPlugin:74 - create IPUIPlugin
2026-09-17 10:45:07,364 [INFO] PluginManager:213 - loadIPPluginJar : add stm32_wpan
2026-09-17 10:45:07,364 [INFO] IPUIPlugin:74 - create IPUIPlugin
2026-09-17 10:45:07,364 [INFO] PluginManager:213 - loadIPPluginJar : add tim
2026-09-17 10:45:07,364 [INFO] IPUIPlugin:74 - create IPUIPlugin
2026-09-17 10:45:07,364 [INFO] PluginManager:213 - loadIPPluginJar : add touchsensing
2026-09-17 10:45:07,364 [INFO] IPUIPlugin:74 - create IPUIPlugin
2026-09-17 10:45:07,364 [INFO] PluginManager:213 - loadIPPluginJar : add tracer_emb
2026-09-17 10:45:07,364 [INFO] IPUIPlugin:74 - create IPUIPlugin
2026-09-17 10:45:07,364 [INFO] PluginManager:213 - loadIPPluginJar : add ts
2026-09-17 10:45:07,364 [INFO] IPUIPlugin:74 - create IPUIPlugin
2026-09-17 10:45:07,364 [INFO] PluginManager:213 - loadIPPluginJar : add tsc
2026-09-17 10:45:07,372 [INFO] IPUIPlugin:74 - create IPUIPlugin
2026-09-17 10:45:07,372 [INFO] PluginManager:213 - loadIPPluginJar : add ucpd
2026-09-17 10:45:07,373 [INFO] IPUIPlugin:74 - create IPUIPlugin
2026-09-17 10:45:07,373 [INFO] PluginManager:213 - loadIPPluginJar : add usart
2026-09-17 10:45:07,373 [INFO] IPUIPlugin:74 - create IPUIPlugin
2026-09-17 10:45:07,373 [INFO] PluginManager:213 - loadIPPluginJar : add usbx
2026-09-17 10:45:07,728 [FATAL] Updater:294 - Updater called before beeing initialized
2026-09-17 10:45:07,837 [FATAL] Updater:294 - Updater called before beeing initialized
2026-09-17 10:45:07,840 [INFO] DbMcusAds:47 - JSON generation date=Wed Jul 15 16:44:54 ICT 2026 (1784108694001)
2026-09-17 10:45:07,840 [FATAL] Updater:294 - Updater called before beeing initialized
2026-09-17 10:45:07,857 [WARN] DetailPanel:314 - Failed to get advertising image, set to default
2026-09-17 10:45:07,940 [FATAL] Updater:294 - Updater called before beeing initialized
2026-09-17 10:45:07,940 [FATAL] Updater:294 - Updater called before beeing initialized
2026-09-17 10:45:07,940 [FATAL] Updater:294 - Updater called before beeing initialized
2026-09-17 10:45:07,940 [WARN] DetailPanel:314 - Failed to get advertising image, set to default
2026-09-17 10:45:07,949 [FATAL] Updater:294 - Updater called before beeing initialized
2026-09-17 10:45:08,019 [ERROR] Updater:1075 - MainUpdater not yet initialized. External WinMGr cannot be set.
2026-09-17 10:45:08,019 [INFO] Updater:1012 - Updater Version found : 6.3.0
2026-09-17 10:45:08,039 [INFO] ApplicationProperties:181 - Using Application install path: D:\STM32CubeIDE_1.7.0\STM32CubeIDE\plugins\com.st.stm32cube.common.mx_6.3.0.202107141111
2026-09-17 10:45:09,174 [INFO] MainUpdater:2671 - connection check result : 10
2026-09-17 10:45:09,176 [INFO] MainUpdater:265 - Updater Check For Update Now.
2026-09-17 10:45:09,176 [INFO] MicroXplorer:478 - Change Database Version : DB.6.0.30
2026-09-17 10:45:09,331 [INFO] CheckServerUpdateThread:112 - End of CheckServer Thread
2026-09-17 10:45:09,395 [INFO] MainUpdater:2671 - connection check result : 10
2026-09-17 10:45:09,395 [INFO] McuFinderGlobals:52 - Set McuFinderConnectedMode to true
2026-09-17 10:45:09,622 [INFO] ServerAccessManage:362 - Download File mcusAds.json._tmp_
2026-09-17 10:45:09,733 [INFO] LoadUrlFilesThread:145 - End of LoadUrlFiles Thread
2026-09-17 10:45:09,851 [WARN] MainUpdater:1122 - Updater busy. Cannot search thirdparties
2026-09-17 10:45:09,851 [INFO] ThirdPartyUpdaterWithRetryManager:92 - Updater plugin is busy. [1/15]
2026-09-17 10:45:12,854 [WARN] MainUpdater:1122 - Updater busy. Cannot search thirdparties
2026-09-17 10:45:12,854 [INFO] ThirdPartyUpdaterWithRetryManager:92 - Updater plugin is busy. [2/15]
2026-09-17 10:45:15,862 [WARN] MainUpdater:1122 - Updater busy. Cannot search thirdparties
2026-09-17 10:45:15,862 [INFO] ThirdPartyUpdaterWithRetryManager:92 - Updater plugin is busy. [3/15]
2026-09-17 10:45:18,871 [WARN] MainUpdater:1122 - Updater busy. Cannot search thirdparties
2026-09-17 10:45:18,871 [INFO] ThirdPartyUpdaterWithRetryManager:92 - Updater plugin is busy. [4/15]
2026-09-17 10:45:21,883 [WARN] MainUpdater:1122 - Updater busy. Cannot search thirdparties
2026-09-17 10:45:21,884 [INFO] ThirdPartyUpdaterWithRetryManager:92 - Updater plugin is busy. [5/15]
2026-09-17 10:45:24,886 [WARN] MainUpdater:1122 - Updater busy. Cannot search thirdparties
2026-09-17 10:45:24,886 [INFO] ThirdPartyUpdaterWithRetryManager:92 - Updater plugin is busy. [6/15]
2026-09-17 10:45:27,888 [WARN] MainUpdater:1122 - Updater busy. Cannot search thirdparties
2026-09-17 10:45:27,888 [INFO] ThirdPartyUpdaterWithRetryManager:92 - Updater plugin is busy. [7/15]
2026-09-17 10:45:30,519 [ERROR] ServerAccessManage:1016 - HTTP unexpected response (522) for https://stmcufinder.com/API/getFiles.php?
2026-09-17 10:45:30,521 [ERROR] ServerAccessManage:531 - Error during Access to HTTP Server. : mcusDocs.json._tmp_.
2026-09-17 10:45:30,902 [WARN] MainUpdater:1122 - Updater busy. Cannot search thirdparties
2026-09-17 10:45:30,902 [INFO] ThirdPartyUpdaterWithRetryManager:92 - Updater plugin is busy. [8/15]
2026-09-17 10:45:33,912 [WARN] MainUpdater:1122 - Updater busy. Cannot search thirdparties
2026-09-17 10:45:33,912 [INFO] ThirdPartyUpdaterWithRetryManager:92 - Updater plugin is busy. [9/15]
2026-09-17 10:45:35,449 [INFO] LoadUrlFilesThread:145 - End of LoadUrlFiles Thread
2026-09-17 10:45:36,564 [INFO] DbMcusAds:47 - JSON generation date=Wed Jul 15 16:44:54 ICT 2026 (1784108694001)
2026-09-17 10:45:36,582 [INFO] DbMcusDocs:143 - JSON generation date=Mon Jun 07 15:53:21 ICT 2021 (1623056001)
2026-09-17 10:45:36,582 [INFO] DbMcusXml:100 - Load MCU database from D:\STM32CubeIDE_1.7.0\STM32CubeIDE\plugins\com.st.stm32cube.common.mx_6.3.0.202107141111\\db\/mcu/families.xml
2026-09-17 10:45:37,288 [WARN] PackLoader:238 - Cannot read IP mode file for STMicroelectronics.X-CUBE-AZRTOS-H7.3.5.0
2026-09-17 10:45:37,301 [WARN] PackLoader:238 - Cannot read IP mode file for STMicroelectronics.FP-ATR-ASTRA1.2.0.3
2026-09-17 10:45:37,320 [ERROR] Engine:463 - C:\Users\Hius\.stm32cubemx\thirdparties\pdsc\STMicroelectronics.X-CUBE-SMBUS.2.1.1.pdsc: PDSC version is not supported
2026-09-17 10:45:37,376 [WARN] PackLoader:238 - Cannot read IP mode file for STMicroelectronics.X-CUBE-AZRTOS-F7.1.1.0
2026-09-17 10:45:37,386 [ERROR] Engine:463 - C:\Users\Hius\.stm32cubemx\thirdparties\pdsc\STMicroelectronics.X-CUBE-FREERTOS.1.6.0.pdsc: PDSC version is not supported
2026-09-17 10:45:37,389 [ERROR] Engine:463 - C:\Users\Hius\.stm32cubemx\thirdparties\pdsc\STMicroelectronics.FP-SNS-MOTENV1.5.1.0.pdsc: PDSC version is not supported
2026-09-17 10:45:37,416 [WARN] PackLoader:238 - Cannot read IP mode file for STMicroelectronics.X-CUBE-AZRTOS-H7RS.1.3.0
2026-09-17 10:45:37,432 [ERROR] Engine:463 - C:\Users\Hius\.stm32cubemx\thirdparties\pdsc\WES.I-CUBE-Cesium.1.4.0.pdsc: PDSC version is not supported
2026-09-17 10:45:37,437 [ERROR] Engine:463 - C:\Users\Hius\.stm32cubemx\thirdparties\pdsc\STMicroelectronics.X-CUBE-DISPLAY.3.0.0.pdsc: PDSC version is not supported
2026-09-17 10:45:37,439 [WARN] PackLoader:238 - Cannot read IP mode file for STMicroelectronics.X-CUBE-GNSS1.7.1.1
2026-09-17 10:45:37,439 [ERROR] Engine:463 - C:\Users\Hius\.stm32cubemx\thirdparties\pdsc\STMicroelectronics.FP-SNS-MOTENVWB1.1.5.0.pdsc: PDSC version is not supported
2026-09-17 10:45:37,439 [WARN] PackLoader:238 - Cannot read IP mode file for STMicroelectronics.X-CUBE-NFC10.1.0.0
2026-09-17 10:45:37,439 [ERROR] Engine:463 - C:\Users\Hius\.stm32cubemx\thirdparties\pdsc\STMicroelectronics.X-CUBE-ST60.1.1.0.pdsc: PDSC version is not supported
2026-09-17 10:45:37,439 [ERROR] Engine:463 - C:\Users\Hius\.stm32cubemx\thirdparties\pdsc\emotas.I-CUBE-CANOPEN.1.3.0.pdsc: PDSC version is not supported
2026-09-17 10:45:37,455 [WARN] PackLoader:238 - Cannot read IP mode file for wolfSSL.I-CUBE-wolfSSL.5.9.2
2026-09-17 10:45:37,455 [ERROR] Engine:463 - C:\Users\Hius\.stm32cubemx\thirdparties\pdsc\STMicroelectronics.X-CUBE-WBA.1.1.0.pdsc: PDSC version is not supported
2026-09-17 10:45:37,464 [ERROR] Engine:463 - C:\Users\Hius\.stm32cubemx\thirdparties\pdsc\STMicroelectronics.FP-SNS-STBOX1.2.1.0.pdsc: PDSC version is not supported
2026-09-17 10:45:37,467 [ERROR] Engine:463 - C:\Users\Hius\.stm32cubemx\thirdparties\pdsc\STMicroelectronics.FP-SNS-SMARTAG2.1.2.0.pdsc: PDSC version is not supported
2026-09-17 10:45:37,467 [ERROR] Engine:463 - C:\Users\Hius\.stm32cubemx\thirdparties\pdsc\STMicroelectronics.FP-SNS-FLIGHT1.5.1.0.pdsc: PDSC version is not supported
2026-09-17 10:45:37,472 [INFO] LogOutputStream:76 - [STDOUT_REDIRECT] 1 : Invalid condition id : UX_CORESTACK_Condition cause : null
2026-09-17 10:45:37,472 [INFO] LogOutputStream:76 - [STDOUT_REDIRECT] 1 : Invalid condition id : UX_CORESTACK_Condition cause : null
2026-09-17 10:45:37,477 [INFO] LogOutputStream:76 - [STDOUT_REDIRECT] 1 : Invalid condition id : UX_CORESTACK_Condition cause : null
2026-09-17 10:45:37,477 [INFO] LogOutputStream:76 - [STDOUT_REDIRECT] 1 : Invalid condition id : UX_CORESTACK_Condition cause : null
2026-09-17 10:45:37,477 [INFO] LogOutputStream:76 - [STDOUT_REDIRECT] 1 : Invalid condition id : UX_CORESTACK_Condition cause : null
2026-09-17 10:45:37,477 [WARN] PackLoader:238 - Cannot read IP mode file for STMicroelectronics.X-CUBE-AZRTOS-WL.2.0.0
2026-09-17 10:45:37,477 [WARN] PackLoader:238 - Cannot read IP mode file for STMicroelectronics.X-CUBE-BLE2.3.3.0
2026-09-17 10:45:37,486 [ERROR] Engine:463 - C:\Users\Hius\.stm32cubemx\thirdparties\pdsc\Avnet-IOTCONNECT.X-CUBE-iotc-st67-sdk.1.0.0.pdsc: PDSC version is not supported
2026-09-17 10:45:37,489 [ERROR] Engine:463 - C:\Users\Hius\.stm32cubemx\thirdparties\pdsc\Infineon.AIROC-Wi-Fi-Bluetooth-STM32.1.8.0.pdsc: PDSC version is not supported
2026-09-17 10:45:37,489 [WARN] PackLoader:238 - Cannot read IP mode file for STMicroelectronics.X-CUBE-NFC9.1.0.0
2026-09-17 10:45:37,501 [WARN] PackLoader:238 - Cannot read IP mode file for STMicroelectronics.X-CUBE-BLE1.7.1.0
2026-09-17 10:45:37,505 [WARN] PackLoader:238 - Cannot read IP mode file for wolfSSL.I-CUBE-wolfMQTT.1.19.2
2026-09-17 10:45:37,505 [WARN] PackLoader:238 - Cannot read IP mode file for STMicroelectronics.X-CUBE-EEPRMA1.5.2.0
2026-09-17 10:45:37,522 [INFO] DbMcusJson:93 - JSON generation date=Mon Jun 07 15:53:21 ICT 2021 (1623056001)
2026-09-17 10:45:37,522 [WARN] PackLoader:238 - Cannot read IP mode file for STMicroelectronics.X-CUBE-AZRTOS-G0.1.1.0
2026-09-17 10:45:37,539 [WARN] PackLoader:238 - Cannot read IP mode file for STMicroelectronics.X-CUBE-NFC4.3.0.0
2026-09-17 10:45:37,539 [ERROR] Engine:463 - C:\Users\Hius\.stm32cubemx\thirdparties\pdsc\EmbeddedOffice.I-CUBE-FS-RTOS.1.0.1.pdsc: PDSC version is not supported
2026-09-17 10:45:37,539 [WARN] PackLoader:238 - Cannot read IP mode file for wolfSSL.I-CUBE-wolfTPM.3.8.0
2026-09-17 10:45:37,539 [ERROR] Engine:463 - C:\Users\Hius\.stm32cubemx\thirdparties\pdsc\STMicroelectronics.X-CUBE-TCPP.4.2.0.pdsc: PDSC version is not supported
2026-09-17 10:45:37,539 [ERROR] Engine:463 - C:\Users\Hius\.stm32cubemx\thirdparties\pdsc\RealThread.X-CUBE-RT-Thread_Nano.4.1.1.pdsc: PDSC version is not supported
2026-09-17 10:45:37,549 [WARN] PackLoader:238 - Cannot read IP mode file for STMicroelectronics.FP-ATR-SIGFOX1.3.2.0
2026-09-17 10:45:37,549 [ERROR] Engine:463 - C:\Users\Hius\.stm32cubemx\thirdparties\pdsc\ITTIA_DB.I-CUBE-ITTIADB.8.9.0.pdsc: PDSC version is not supported
2026-09-17 10:45:37,549 [ERROR] Engine:463 - C:\Users\Hius\.stm32cubemx\thirdparties\pdsc\Cesanta.I-CUBE-Mongoose.7.21.7.pdsc: PDSC version is not supported
2026-09-17 10:45:37,555 [WARN] PackLoader:238 - Cannot read IP mode file for STMicroelectronics.X-CUBE-NFC6.3.2.0
2026-09-17 10:45:37,555 [WARN] PackLoader:238 - Cannot read IP mode file for STMicroelectronics.X-CUBE-AI.10.2.1
2026-09-17 10:45:37,605 [WARN] PackLoader:238 - Cannot read IP mode file for SEGGER.I-CUBE-embOS.1.3.1
2026-09-17 10:45:37,655 [ERROR] Engine:463 - C:\Users\Hius\.stm32cubemx\thirdparties\pdsc\STMicroelectronics.FP-SNS-STAIOTCFT.2.0.0.pdsc: PDSC version is not supported
2026-09-17 10:45:37,664 [WARN] PackLoader:238 - Cannot read IP mode file for STMicroelectronics.X-CUBE-NFC13.1.0.0
2026-09-17 10:45:37,667 [WARN] PackLoader:238 - Cannot read IP mode file for STMicroelectronics.X-CUBE-PM33A1.1.0.0
2026-09-17 10:45:37,672 [WARN] PackLoader:238 - Cannot read IP mode file for STMicroelectronics.X-CUBE-AZRTOS-F4.1.1.0
2026-09-17 10:45:37,683 [WARN] PackLoader:238 - Cannot read IP mode file for STMicroelectronics.X-CUBE-ISPU.2.1.0
2026-09-17 10:45:37,689 [ERROR] Engine:463 - C:\Users\Hius\.stm32cubemx\thirdparties\pdsc\STMicroelectronics.X-CUBE-IPS.3.2.0.pdsc: PDSC version is not supported
2026-09-17 10:45:37,689 [ERROR] Engine:463 - C:\Users\Hius\.stm32cubemx\thirdparties\pdsc\STMicroelectronics.eDS-WB_DPC_TT-BIDIR.2.1.1.pdsc: PDSC version is not supported
2026-09-17 10:45:37,689 [WARN] PackLoader:238 - Cannot read IP mode file for STMicroelectronics.X-CUBE-NFC12.1.0.0
2026-09-17 10:45:37,705 [WARN] PackLoader:238 - Cannot read IP mode file for STMicroelectronics.X-CUBE-AZRTOS-L5.2.0.0
2026-09-17 10:45:37,715 [WARN] PackLoader:238 - Cannot read IP mode file for STMicroelectronics.X-CUBE-ALGOBUILD.1.5.0
2026-09-17 10:45:37,715 [ERROR] Engine:463 - C:\Users\Hius\.stm32cubemx\thirdparties\pdsc\STMicroelectronics.eDS-WB_DPC_VIENNA.1.2.0.pdsc: PDSC version is not supported
2026-09-17 10:45:37,747 [WARN] PackLoader:238 - Cannot read IP mode file for STMicroelectronics.X-CUBE-MEMS1.13.0.0
2026-09-17 10:45:37,855 [ERROR] Engine:463 - C:\Users\Hius\.stm32cubemx\thirdparties\pdsc\STMicroelectronics.eDS-WB_DPC_3PH2L-BIDIR.1.1.1.pdsc: PDSC version is not supported
2026-09-17 10:45:37,855 [ERROR] Engine:463 - C:\Users\Hius\.stm32cubemx\thirdparties\pdsc\STMicroelectronics.X-CUBE-ST67W61.1.3.0.pdsc: PDSC version is not supported
2026-09-17 10:45:37,855 [WARN] PackLoader:238 - Cannot read IP mode file for STMicroelectronics.X-CUBE-TOUCHGFX.4.26.1
2026-09-17 10:45:37,855 [ERROR] Engine:463 - C:\Users\Hius\.stm32cubemx\thirdparties\pdsc\STMicroelectronics.X-CUBE-DPower.1.3.0.pdsc: PDSC version is not supported
2026-09-17 10:45:37,872 [WARN] ConditionMgr:437 - getConditionDescription Invalid condition id : LAN8742 Phy interface Condition cause : null
2026-09-17 10:45:37,872 [WARN] PackLoader:238 - Cannot read IP mode file for STMicroelectronics.X-CUBE-AZRTOS-L4.2.0.0
2026-09-17 10:45:37,872 [WARN] ConditionMgr:1038 - genDependencies : Invalid condition id : LAN8742 Phy interface Condition cause : null
2026-09-17 10:45:37,872 [WARN] ConditionMgr:1038 - genDependencies : Invalid condition id : LAN8742 Phy interface Condition cause : null
2026-09-17 10:45:37,872 [WARN] ConditionMgr:1038 - genDependencies : Invalid condition id : LAN8742 Phy interface Condition cause : null
2026-09-17 10:45:37,882 [WARN] PackLoader:238 - Cannot read IP mode file for STMicroelectronics.X-CUBE-SFXS2LP1.4.0.0
2026-09-17 10:45:37,889 [WARN] PackLoader:238 - Cannot read IP mode file for STMicroelectronics.X-CUBE-WB05N.2.1.0
2026-09-17 10:45:37,899 [WARN] ConditionMgr:437 - getConditionDescription Invalid condition id : UX DEVICE CLASS RTOS Condition cause : null
2026-09-17 10:45:37,899 [WARN] ConditionMgr:437 - getConditionDescription Invalid condition id : UX DEVICE CLASS RTOS Condition cause : null
2026-09-17 10:45:37,901 [WARN] PackLoader:238 - Cannot read IP mode file for STMicroelectronics.X-CUBE-AZRTOS-WB.2.0.0
2026-09-17 10:45:37,901 [WARN] ConditionMgr:1038 - genDependencies : Invalid condition id : UX DEVICE CLASS RTOS Condition cause : null
2026-09-17 10:45:37,901 [WARN] ConditionMgr:1038 - genDependencies : Invalid condition id : UX DEVICE CLASS RTOS Condition cause : null
2026-09-17 10:45:37,901 [WARN] ConditionMgr:1038 - genDependencies : Invalid condition id : UX DEVICE CLASS RTOS Condition cause : null
2026-09-17 10:45:37,901 [WARN] ConditionMgr:1038 - genDependencies : Invalid condition id : UX DEVICE CLASS RTOS Condition cause : null
2026-09-17 10:45:37,901 [WARN] ConditionMgr:1038 - genDependencies : Invalid condition id : UX DEVICE CLASS RTOS Condition cause : null
2026-09-17 10:45:37,903 [ERROR] Engine:463 - C:\Users\Hius\.stm32cubemx\thirdparties\pdsc\quantropi.X-CUBE-qispace-sdk-base.2.1.0.pdsc: PDSC version is not supported
2026-09-17 10:45:37,905 [WARN] PackLoader:238 - Cannot read IP mode file for STMicroelectronics.X-CUBE-STSE01.2.0.0
2026-09-17 10:45:37,923 [WARN] PackLoader:238 - Cannot read IP mode file for STMicroelectronics.X-CUBE-SUBG2.5.0.0
2026-09-17 10:45:37,939 [WARN] PackLoader:238 - Cannot read IP mode file for STMicroelectronics.X-CUBE-AZRTOS-G4.2.0.0
2026-09-17 10:45:37,939 [INFO] DbMcus:175 - Found 1951 MCUs (1903 are supported by CubeMX, 1903 are visible in CubeMX)
2026-09-17 10:45:37,939 [INFO] ApiDb:251 - Load user favorites file C:\Users\Hius/.stm32cubeide/favorites.mcus.txt: 0 item(s)
2026-09-17 10:45:37,939 [INFO] ApiDb:255 - User favorites MCUs=[]
2026-09-17 10:45:37,939 [INFO] DbMcus:187 - Set 0 / 0 favorites MCUs
2026-09-17 10:45:37,970 [WARN] PackLoader:238 - Cannot read IP mode file for wolfSSL.I-CUBE-wolfSSH.1.4.20
2026-09-17 10:45:37,972 [WARN] PackLoader:238 - Cannot read IP mode file for STMicroelectronics.X-CUBE-NFC7.2.0.0
2026-09-17 10:45:37,972 [ERROR] Engine:463 - C:\Users\Hius\.stm32cubemx\thirdparties\pdsc\STMicroelectronics.X-CUBE-BLEMGR.4.2.0.pdsc: PDSC version is not supported
2026-09-17 10:45:37,972 [ERROR] Engine:463 - C:\Users\Hius\.stm32cubemx\thirdparties\pdsc\STMicroelectronics.X-CUBE-ALS.1.0.2.pdsc: PDSC version is not supported
2026-09-17 10:45:37,972 [ERROR] Engine:463 - C:\Users\Hius\.stm32cubemx\thirdparties\pdsc\STMicroelectronics.X-CUBE-TOF1.3.4.3.pdsc: PDSC version is not supported
2026-09-17 10:45:37,972 [INFO] ThirdParty:915 - Integrity check success = true
2026-09-17 10:45:37,972 [INFO] IntegrityCheckThread:94 - exiting critical section [integrity check]
2026-09-17 10:45:37,972 [INFO] IntegrityCheckThread:97 - End integrity checks thread
2026-09-17 10:45:38,161 [INFO] DbMcusDocs:79 - Found 669 MCUs documents
2026-09-17 10:45:38,161 [INFO] ApiDb:276 - Save user favorites file C:\Users\Hius/.stm32cubeide/favorites.mcus.txt: 0 item(s)
2026-09-17 10:45:38,161 [INFO] ApiDb:280 - User favorites MCUs=[]
2026-09-17 10:45:38,161 [INFO] DbMcusXml:100 - Load MCU database from D:\STM32CubeIDE_1.7.0\STM32CubeIDE\plugins\com.st.stm32cube.common.mx_6.3.0.202107141111\\db\/mcu/families.xml
2026-09-17 10:45:38,538 [INFO] DbMcusJson:93 - JSON generation date=Mon Jun 07 15:53:21 ICT 2021 (1623056001)
2026-09-17 10:45:38,892 [INFO] DbMcus:175 - Found 1951 MCUs (1903 are supported by CubeMX, 1903 are visible in CubeMX)
2026-09-17 10:45:38,892 [INFO] ApiDb:251 - Load user favorites file C:\Users\Hius/.stm32cubeide/favorites.mcus.txt: 0 item(s)
2026-09-17 10:45:38,892 [INFO] ApiDb:255 - User favorites MCUs=[]
2026-09-17 10:45:38,892 [INFO] DbMcus:187 - Set 0 / 0 favorites MCUs
2026-09-17 10:45:38,902 [INFO] DbBoardsDocs:143 - JSON generation date=Tue Jun 01 12:52:40 ICT 2021 (1622526760)
2026-09-17 10:45:38,910 [INFO] DbBoardsPdsc:90 - Found 25 items
2026-09-17 10:45:38,918 [INFO] DbBoardsPdsc:90 - Found 9 items
2026-09-17 10:45:38,923 [INFO] DbBoardsPdsc:90 - Found 33 items
2026-09-17 10:45:38,924 [INFO] DbBoardsPdsc:90 - Found 1 items
2026-09-17 10:45:38,925 [INFO] DbBoardsPdsc:90 - Found 48 items
2026-09-17 10:45:38,932 [INFO] DbBoardsPdsc:90 - Found 43 items
2026-09-17 10:45:38,934 [INFO] DbBoardsPdsc:90 - Found 2 items
2026-09-17 10:45:38,936 [INFO] DbBoardsPdsc:90 - Found 5 items
2026-09-17 10:45:38,941 [WARN] DbBoardsPdsc:254 - Board STM32H7B3I-DK: unknown feature type=Audio, name=, username=Audio stereo codec with Headphone Amp (CS42L51-CNZ), n=1
2026-09-17 10:45:38,941 [WARN] DbBoardsPdsc:254 - Board STM32H735G-DK: unknown feature type=Audio, name=, username=Audio stereo codec with Headphone Amp (WM8994ECS/R), n=1
2026-09-17 10:45:38,941 [WARN] DbBoardsPdsc:254 - Board STM32H7B3I-EVAL: unknown feature type=Audio, name=, username=Multi-Channel Audio Codec (CS42L51-CNZ), n=1
2026-09-17 10:45:38,941 [WARN] DbBoardsPdsc:254 - Board STM32H7B3I-EVAL: unknown feature type=Meter, name=, username=Power-metering and Temperature-monitoring with sigma-delta modulators, n=1
2026-09-17 10:45:38,941 [WARN] DbBoardsPdsc:254 - Board STM32H7B3I-EVAL: unknown feature type=Motor, name=, username=Motor Control, n=1
2026-09-17 10:45:38,941 [WARN] DbBoardsPdsc:254 - Board STM32U575I-EV: unknown feature type=joystick, name=, username=4-direction joystick with selection button, n=1
2026-09-17 10:45:38,961 [INFO] DbBoardsJson:86 - JSON generation date=Tue Jun 01 12:52:40 ICT 2021 (1622526760)
2026-09-17 10:45:38,967 [INFO] DbBoards:117 - Found 166 boards (163 are supported by CubeMX)
2026-09-17 10:45:38,978 [INFO] DbBoardsDocs:143 - JSON generation date=Tue Jun 01 12:52:40 ICT 2021 (1622526760)
2026-09-17 10:45:38,989 [INFO] DbBoardsDocs:79 - Found 193 boards documents
2026-09-17 10:45:38,989 [WARN] DbBoards:127 - board B-L462E-CELL1 has no document id list !
2026-09-17 10:45:38,992 [WARN] DbBoards:127 - board B-L475E-IOT01A2 has no document id list !
2026-09-17 10:45:38,992 [WARN] DbBoards:127 - board B-U585I-IOT02A has no document id list !
2026-09-17 10:45:38,992 [WARN] DbBoards:127 - board NUCLEO-G0B1RE has no document id list !
2026-09-17 10:45:38,992 [WARN] DbBoards:127 - board NUCLEO-H743ZI has no document id list !
2026-09-17 10:45:38,994 [WARN] DbBoards:127 - board NUCLEO-L4A6ZG has no document id list !
2026-09-17 10:45:38,994 [WARN] DbBoards:127 - board NUCLEO-U575ZI-Q has no document id list !
2026-09-17 10:45:38,994 [WARN] DbBoards:127 - board NUCLEO-WB15CC has no document id list !
2026-09-17 10:45:38,994 [WARN] DbBoards:127 - board NUCLEO-WB55RG has no document id list !
2026-09-17 10:45:38,994 [WARN] DbBoards:127 - board NUCLEO-WL55JC2 has no document id list !
2026-09-17 10:45:38,994 [WARN] DbBoards:127 - board P-NUCLEO-WB55-Nucleo has no document id list !
2026-09-17 10:45:38,994 [WARN] DbBoards:127 - board P-NUCLEO-WB55-USBDongle has no document id list !
2026-09-17 10:45:38,994 [WARN] DbBoards:127 - board STEVAL-BFA001V1B has no document id list !
2026-09-17 10:45:38,994 [WARN] DbBoards:127 - board STEVAL-BFA001V2B has no document id list !
2026-09-17 10:45:38,994 [WARN] DbBoards:127 - board STEVAL-IDP005V1 has no document id list !
2026-09-17 10:45:38,994 [WARN] DbBoards:127 - board STEVAL-IDP005V2 has no document id list !
2026-09-17 10:45:38,994 [WARN] DbBoards:127 - board STEVAL-MKSBOX1V1 has no document id list !
2026-09-17 10:45:38,994 [WARN] DbBoards:127 - board STEVAL-STWINKT1 has no document id list !
2026-09-17 10:45:38,994 [WARN] DbBoards:127 - board STEVAL-STWINKT1B has no document id list !
2026-09-17 10:45:38,994 [WARN] DbBoards:127 - board STM32F401C-DISCO has no document id list !
2026-09-17 10:45:38,997 [WARN] DbBoards:127 - board STM32F769I-DISC1 has no document id list !
2026-09-17 10:45:38,997 [WARN] DbBoards:127 - board STM32G0C1E-EV has no document id list !
2026-09-17 10:45:38,997 [WARN] DbBoards:127 - board STM32G474E-EVAL1 has no document id list !
2026-09-17 10:45:38,997 [WARN] DbBoards:127 - board STM32H743I-EVAL2 has no document id list !
2026-09-17 10:45:38,997 [WARN] DbBoards:127 - board STM32H747I-DISC1 has no document id list !
2026-09-17 10:45:38,997 [WARN] DbBoards:127 - board STM32H753I-EVAL2 has no document id list !
2026-09-17 10:45:38,997 [WARN] DbBoards:127 - board STM32L-DISCOVERY has no document id list !
2026-09-17 10:45:38,997 [WARN] DbBoards:127 - board STM32MP157A-DK1 has no document id list !
2026-09-17 10:45:38,997 [WARN] DbBoards:127 - board STM32MP157D-DK1 has no document id list !
2026-09-17 10:45:38,997 [WARN] DbBoards:127 - board STM32MP157D-EV1 has no document id list !
2026-09-17 10:45:38,997 [WARN] DbBoards:127 - board STM32MP157F-DK2 has no document id list !
2026-09-17 10:45:38,997 [WARN] DbBoards:127 - board STM32MP157F-EV1 has no document id list !
2026-09-17 10:45:38,997 [WARN] DbBoards:127 - board STM32U575I-EV has no document id list !
2026-09-17 10:45:38,997 [WARN] DbBoards:127 - board STM32WB5MM-DK has no document id list !
2026-09-17 10:45:40,188 [INFO] ApiDb:251 - Load user favorites file C:\Users\Hius/.stm32cubeide/favorites.boards.txt: 0 item(s)
2026-09-17 10:45:40,188 [INFO] ApiDb:255 - User favorites Boards=[]
2026-09-17 10:45:40,188 [INFO] DbBoards:206 - Set 0 / 0 favorites Boards
2026-09-17 10:45:40,188 [INFO] DbBoardsDocs:79 - Found 386 boards documents
2026-09-17 10:45:40,203 [INFO] ApiDb:276 - Save user favorites file C:\Users\Hius/.stm32cubeide/favorites.boards.txt: 0 item(s)
2026-09-17 10:45:40,203 [INFO] ApiDb:280 - User favorites Boards=[]
2026-09-17 10:45:40,205 [INFO] DbBoardsPdsc:90 - Found 25 items
2026-09-17 10:45:40,205 [INFO] DbBoardsPdsc:90 - Found 9 items
2026-09-17 10:45:40,205 [INFO] DbBoardsPdsc:90 - Found 33 items
2026-09-17 10:45:40,205 [INFO] DbBoardsPdsc:90 - Found 1 items
2026-09-17 10:45:40,205 [INFO] DbBoardsPdsc:90 - Found 48 items
2026-09-17 10:45:40,205 [INFO] DbBoardsPdsc:90 - Found 43 items
2026-09-17 10:45:40,205 [INFO] DbBoardsPdsc:90 - Found 2 items
2026-09-17 10:45:40,205 [INFO] DbBoardsPdsc:90 - Found 5 items
2026-09-17 10:45:40,205 [WARN] DbBoardsPdsc:254 - Board STM32H7B3I-DK: unknown feature type=Audio, name=, username=Audio stereo codec with Headphone Amp (CS42L51-CNZ), n=1
2026-09-17 10:45:40,219 [WARN] DbBoardsPdsc:254 - Board STM32H735G-DK: unknown feature type=Audio, name=, username=Audio stereo codec with Headphone Amp (WM8994ECS/R), n=1
2026-09-17 10:45:40,219 [WARN] DbBoardsPdsc:254 - Board STM32H7B3I-EVAL: unknown feature type=Audio, name=, username=Multi-Channel Audio Codec (CS42L51-CNZ), n=1
2026-09-17 10:45:40,219 [WARN] DbBoardsPdsc:254 - Board STM32H7B3I-EVAL: unknown feature type=Meter, name=, username=Power-metering and Temperature-monitoring with sigma-delta modulators, n=1
2026-09-17 10:45:40,219 [WARN] DbBoardsPdsc:254 - Board STM32H7B3I-EVAL: unknown feature type=Motor, name=, username=Motor Control, n=1
2026-09-17 10:45:40,219 [WARN] DbBoardsPdsc:254 - Board STM32U575I-EV: unknown feature type=joystick, name=, username=4-direction joystick with selection button, n=1
2026-09-17 10:45:40,233 [INFO] DbBoardsJson:86 - JSON generation date=Tue Jun 01 12:52:40 ICT 2021 (1622526760)
2026-09-17 10:45:40,243 [INFO] DbBoards:117 - Found 166 boards (163 are supported by CubeMX)
2026-09-17 10:45:40,243 [WARN] DbBoards:127 - board B-L462E-CELL1 has no document id list !
2026-09-17 10:45:40,243 [WARN] DbBoards:127 - board B-L475E-IOT01A2 has no document id list !
2026-09-17 10:45:40,243 [WARN] DbBoards:127 - board B-U585I-IOT02A has no document id list !
2026-09-17 10:45:40,243 [WARN] DbBoards:127 - board NUCLEO-G0B1RE has no document id list !
2026-09-17 10:45:40,243 [WARN] DbBoards:127 - board NUCLEO-H743ZI has no document id list !
2026-09-17 10:45:40,243 [WARN] DbBoards:127 - board NUCLEO-L4A6ZG has no document id list !
2026-09-17 10:45:40,243 [WARN] DbBoards:127 - board NUCLEO-U575ZI-Q has no document id list !
2026-09-17 10:45:40,243 [WARN] DbBoards:127 - board NUCLEO-WB15CC has no document id list !
2026-09-17 10:45:40,245 [WARN] DbBoards:127 - board NUCLEO-WB55RG has no document id list !
2026-09-17 10:45:40,245 [WARN] DbBoards:127 - board NUCLEO-WL55JC2 has no document id list !
2026-09-17 10:45:40,245 [WARN] DbBoards:127 - board P-NUCLEO-WB55-Nucleo has no document id list !
2026-09-17 10:45:40,245 [WARN] DbBoards:127 - board P-NUCLEO-WB55-USBDongle has no document id list !
2026-09-17 10:45:40,245 [WARN] DbBoards:127 - board STEVAL-BFA001V1B has no document id list !
2026-09-17 10:45:40,245 [WARN] DbBoards:127 - board STEVAL-BFA001V2B has no document id list !
2026-09-17 10:45:40,245 [WARN] DbBoards:127 - board STEVAL-IDP005V1 has no document id list !
2026-09-17 10:45:40,245 [WARN] DbBoards:127 - board STEVAL-IDP005V2 has no document id list !
2026-09-17 10:45:40,245 [WARN] DbBoards:127 - board STEVAL-MKSBOX1V1 has no document id list !
2026-09-17 10:45:40,245 [WARN] DbBoards:127 - board STEVAL-STWINKT1 has no document id list !
2026-09-17 10:45:40,245 [WARN] DbBoards:127 - board STEVAL-STWINKT1B has no document id list !
2026-09-17 10:45:40,245 [WARN] DbBoards:127 - board STM32F401C-DISCO has no document id list !
2026-09-17 10:45:40,245 [WARN] DbBoards:127 - board STM32F769I-DISC1 has no document id list !
2026-09-17 10:45:40,245 [WARN] DbBoards:127 - board STM32G0C1E-EV has no document id list !
2026-09-17 10:45:40,245 [WARN] DbBoards:127 - board STM32G474E-EVAL1 has no document id list !
2026-09-17 10:45:40,245 [WARN] DbBoards:127 - board STM32H743I-EVAL2 has no document id list !
2026-09-17 10:45:40,245 [WARN] DbBoards:127 - board STM32H747I-DISC1 has no document id list !
2026-09-17 10:45:40,245 [WARN] DbBoards:127 - board STM32H753I-EVAL2 has no document id list !
2026-09-17 10:45:40,245 [WARN] DbBoards:127 - board STM32L-DISCOVERY has no document id list !
2026-09-17 10:45:40,245 [WARN] DbBoards:127 - board STM32MP157A-DK1 has no document id list !
2026-09-17 10:45:40,245 [WARN] DbBoards:127 - board STM32MP157D-DK1 has no document id list !
2026-09-17 10:45:40,245 [WARN] DbBoards:127 - board STM32MP157D-EV1 has no document id list !
2026-09-17 10:45:40,245 [WARN] DbBoards:127 - board STM32MP157F-DK2 has no document id list !
2026-09-17 10:45:40,245 [WARN] DbBoards:127 - board STM32MP157F-EV1 has no document id list !
2026-09-17 10:45:40,245 [WARN] DbBoards:127 - board STM32U575I-EV has no document id list !
2026-09-17 10:45:40,245 [WARN] DbBoards:127 - board STM32WB5MM-DK has no document id list !
2026-09-17 10:45:41,163 [INFO] ApiDb:251 - Load user favorites file C:\Users\Hius/.stm32cubeide/favorites.boards.txt: 0 item(s)
2026-09-17 10:45:41,163 [INFO] ApiDb:255 - User favorites Boards=[]
2026-09-17 10:45:41,163 [INFO] DbBoards:206 - Set 0 / 0 favorites Boards
2026-09-17 10:45:41,171 [ERROR] TargetSelectorAdapter:232 - Unable to refresh data
2026-09-17 10:45:41,598 [INFO] McuFinderGlobals:52 - Set McuFinderConnectedMode to false
2026-09-17 10:45:41,680 [INFO] CrossSelectorPresenter:1330 - Cross Selector saved comparison directory: C:\Users\Hius\.stmcufinder\plugins\mcufinder\mcu\cs_comparisons_mx
2026-09-17 10:45:41,680 [INFO] MultiScanPanel:197 - Auto-refresh data requested => check proxy status ongoing
2026-09-17 10:45:41,680 [INFO] MultiScanPanel:201 - Proxy status is invalid
2026-09-17 10:45:41,686 [INFO] FinderPluginLoader:87 - Searching for filters in installed packs
2026-09-17 10:45:41,972 [WARN] DetailPanel:314 - Failed to get advertising image, set to default
2026-09-17 10:47:39,307 [INFO] McuFinderGlobals:52 - Set McuFinderConnectedMode to true
2026-09-17 10:47:44,894 [INFO] ApiDb:276 - Save user favorites file C:\Users\Hius/.stm32cubeide/favorites.mcus.txt: 0 item(s)
2026-09-17 10:47:44,894 [INFO] ApiDb:280 - User favorites MCUs=[]
2026-09-17 10:47:55,418 [INFO] MainUpdater:2671 - connection check result : 10
2026-09-17 10:47:55,418 [INFO] McuFinderGlobals:52 - Set McuFinderConnectedMode to true
2026-09-17 10:47:55,869 [INFO] ServerAccessManage:362 - Download File mcusAds.json._tmp_
2026-09-17 10:47:56,342 [INFO] LoadUrlFilesThread:145 - End of LoadUrlFiles Thread
2026-09-17 10:48:18,360 [ERROR] ServerAccessManage:1016 - HTTP unexpected response (522) for https://stmcufinder.com/API/getFiles.php?
2026-09-17 10:48:18,360 [ERROR] ServerAccessManage:531 - Error during Access to HTTP Server. : mcusDocs.json._tmp_.
2026-09-17 10:48:19,822 [INFO] LoadUrlFilesThread:145 - End of LoadUrlFiles Thread
2026-09-17 10:48:23,590 [INFO] DbMcusAds:47 - JSON generation date=Wed Jul 15 16:44:54 ICT 2026 (1784108694001)
2026-09-17 10:48:23,613 [INFO] DbMcusDocs:143 - JSON generation date=Mon Jun 07 15:53:21 ICT 2021 (1623056001)
2026-09-17 10:48:24,065 [INFO] DbMcusDocs:79 - Found 669 MCUs documents
2026-09-17 10:48:24,065 [INFO] ApiDb:276 - Save user favorites file C:\Users\Hius/.stm32cubeide/favorites.mcus.txt: 0 item(s)
2026-09-17 10:48:24,065 [INFO] ApiDb:280 - User favorites MCUs=[]
2026-09-17 10:48:24,065 [INFO] DbMcusXml:100 - Load MCU database from D:\STM32CubeIDE_1.7.0\STM32CubeIDE\plugins\com.st.stm32cube.common.mx_6.3.0.202107141111\\db\/mcu/families.xml
2026-09-17 10:48:24,877 [INFO] DbMcusJson:93 - JSON generation date=Mon Jun 07 15:53:21 ICT 2021 (1623056001)
2026-09-17 10:48:25,568 [INFO] DbMcus:175 - Found 1951 MCUs (1903 are supported by CubeMX, 1903 are visible in CubeMX)
2026-09-17 10:48:25,568 [INFO] ApiDb:251 - Load user favorites file C:\Users\Hius/.stm32cubeide/favorites.mcus.txt: 0 item(s)
2026-09-17 10:48:25,568 [INFO] ApiDb:255 - User favorites MCUs=[]
2026-09-17 10:48:25,568 [INFO] DbMcus:187 - Set 0 / 0 favorites MCUs
2026-09-17 10:48:25,568 [INFO] DbBoardsDocs:143 - JSON generation date=Tue Jun 01 12:52:40 ICT 2021 (1622526760)
2026-09-17 10:48:25,600 [INFO] DbBoardsDocs:79 - Found 193 boards documents
2026-09-17 10:48:25,600 [INFO] ApiDb:276 - Save user favorites file C:\Users\Hius/.stm32cubeide/favorites.boards.txt: 0 item(s)
2026-09-17 10:48:25,600 [INFO] ApiDb:280 - User favorites Boards=[]
2026-09-17 10:48:25,600 [INFO] DbBoardsPdsc:90 - Found 25 items
2026-09-17 10:48:25,612 [INFO] DbBoardsPdsc:90 - Found 9 items
2026-09-17 10:48:25,617 [INFO] DbBoardsPdsc:90 - Found 33 items
2026-09-17 10:48:25,617 [INFO] DbBoardsPdsc:90 - Found 1 items
2026-09-17 10:48:25,628 [INFO] DbBoardsPdsc:90 - Found 48 items
2026-09-17 10:48:25,636 [INFO] DbBoardsPdsc:90 - Found 43 items
2026-09-17 10:48:25,640 [INFO] DbBoardsPdsc:90 - Found 2 items
2026-09-17 10:48:25,640 [INFO] DbBoardsPdsc:90 - Found 5 items
2026-09-17 10:48:25,640 [WARN] DbBoardsPdsc:254 - Board STM32H7B3I-DK: unknown feature type=Audio, name=, username=Audio stereo codec with Headphone Amp (CS42L51-CNZ), n=1
2026-09-17 10:48:25,644 [WARN] DbBoardsPdsc:254 - Board STM32H735G-DK: unknown feature type=Audio, name=, username=Audio stereo codec with Headphone Amp (WM8994ECS/R), n=1
2026-09-17 10:48:25,644 [WARN] DbBoardsPdsc:254 - Board STM32H7B3I-EVAL: unknown feature type=Audio, name=, username=Multi-Channel Audio Codec (CS42L51-CNZ), n=1
2026-09-17 10:48:25,644 [WARN] DbBoardsPdsc:254 - Board STM32H7B3I-EVAL: unknown feature type=Meter, name=, username=Power-metering and Temperature-monitoring with sigma-delta modulators, n=1
2026-09-17 10:48:25,644 [WARN] DbBoardsPdsc:254 - Board STM32H7B3I-EVAL: unknown feature type=Motor, name=, username=Motor Control, n=1
2026-09-17 10:48:25,647 [WARN] DbBoardsPdsc:254 - Board STM32U575I-EV: unknown feature type=joystick, name=, username=4-direction joystick with selection button, n=1
2026-09-17 10:48:25,664 [INFO] DbBoardsJson:86 - JSON generation date=Tue Jun 01 12:52:40 ICT 2021 (1622526760)
2026-09-17 10:48:25,672 [INFO] DbBoards:117 - Found 166 boards (163 are supported by CubeMX)
2026-09-17 10:48:25,672 [WARN] DbBoards:127 - board B-L462E-CELL1 has no document id list !
2026-09-17 10:48:25,672 [WARN] DbBoards:127 - board B-L475E-IOT01A2 has no document id list !
2026-09-17 10:48:25,672 [WARN] DbBoards:127 - board B-U585I-IOT02A has no document id list !
2026-09-17 10:48:25,672 [WARN] DbBoards:127 - board NUCLEO-G0B1RE has no document id list !
2026-09-17 10:48:25,672 [WARN] DbBoards:127 - board NUCLEO-H743ZI has no document id list !
2026-09-17 10:48:25,672 [WARN] DbBoards:127 - board NUCLEO-L4A6ZG has no document id list !
2026-09-17 10:48:25,672 [WARN] DbBoards:127 - board NUCLEO-U575ZI-Q has no document id list !
2026-09-17 10:48:25,672 [WARN] DbBoards:127 - board NUCLEO-WB15CC has no document id list !
2026-09-17 10:48:25,672 [WARN] DbBoards:127 - board NUCLEO-WB55RG has no document id list !
2026-09-17 10:48:25,672 [WARN] DbBoards:127 - board NUCLEO-WL55JC2 has no document id list !
2026-09-17 10:48:25,672 [WARN] DbBoards:127 - board P-NUCLEO-WB55-Nucleo has no document id list !
2026-09-17 10:48:25,672 [WARN] DbBoards:127 - board P-NUCLEO-WB55-USBDongle has no document id list !
2026-09-17 10:48:25,672 [WARN] DbBoards:127 - board STEVAL-BFA001V1B has no document id list !
2026-09-17 10:48:25,672 [WARN] DbBoards:127 - board STEVAL-BFA001V2B has no document id list !
2026-09-17 10:48:25,672 [WARN] DbBoards:127 - board STEVAL-IDP005V1 has no document id list !
2026-09-17 10:48:25,672 [WARN] DbBoards:127 - board STEVAL-IDP005V2 has no document id list !
2026-09-17 10:48:25,672 [WARN] DbBoards:127 - board STEVAL-MKSBOX1V1 has no document id list !
2026-09-17 10:48:25,672 [WARN] DbBoards:127 - board STEVAL-STWINKT1 has no document id list !
2026-09-17 10:48:25,672 [WARN] DbBoards:127 - board STEVAL-STWINKT1B has no document id list !
2026-09-17 10:48:25,672 [WARN] DbBoards:127 - board STM32F401C-DISCO has no document id list !
2026-09-17 10:48:25,672 [WARN] DbBoards:127 - board STM32F769I-DISC1 has no document id list !
2026-09-17 10:48:25,672 [WARN] DbBoards:127 - board STM32G0C1E-EV has no document id list !
2026-09-17 10:48:25,672 [WARN] DbBoards:127 - board STM32G474E-EVAL1 has no document id list !
2026-09-17 10:48:25,672 [WARN] DbBoards:127 - board STM32H743I-EVAL2 has no document id list !
2026-09-17 10:48:25,672 [WARN] DbBoards:127 - board STM32H747I-DISC1 has no document id list !
2026-09-17 10:48:25,672 [WARN] DbBoards:127 - board STM32H753I-EVAL2 has no document id list !
2026-09-17 10:48:25,672 [WARN] DbBoards:127 - board STM32L-DISCOVERY has no document id list !
2026-09-17 10:48:25,672 [WARN] DbBoards:127 - board STM32MP157A-DK1 has no document id list !
2026-09-17 10:48:25,672 [WARN] DbBoards:127 - board STM32MP157D-DK1 has no document id list !
2026-09-17 10:48:25,672 [WARN] DbBoards:127 - board STM32MP157D-EV1 has no document id list !
2026-09-17 10:48:25,672 [WARN] DbBoards:127 - board STM32MP157F-DK2 has no document id list !
2026-09-17 10:48:25,672 [WARN] DbBoards:127 - board STM32MP157F-EV1 has no document id list !
2026-09-17 10:48:25,672 [WARN] DbBoards:127 - board STM32U575I-EV has no document id list !
2026-09-17 10:48:25,672 [WARN] DbBoards:127 - board STM32WB5MM-DK has no document id list !
2026-09-17 10:48:27,762 [INFO] ApiDb:251 - Load user favorites file C:\Users\Hius/.stm32cubeide/favorites.boards.txt: 0 item(s)
2026-09-17 10:48:27,762 [INFO] ApiDb:255 - User favorites Boards=[]
2026-09-17 10:48:27,762 [INFO] DbBoards:206 - Set 0 / 0 favorites Boards
2026-09-17 10:48:27,764 [ERROR] TargetSelectorAdapter:232 - Unable to refresh data
2026-09-17 10:48:27,816 [INFO] McuFinderGlobals:52 - Set McuFinderConnectedMode to false
2026-09-17 10:48:27,836 [INFO] CrossSelectorPresenter:1330 - Cross Selector saved comparison directory: C:\Users\Hius\.stmcufinder\plugins\mcufinder\mcu\cs_comparisons_mx
2026-09-17 10:48:27,836 [INFO] MultiScanPanel:197 - Auto-refresh data requested => check proxy status ongoing
2026-09-17 10:48:27,836 [INFO] MultiScanPanel:201 - Proxy status is invalid
2026-09-17 10:48:27,836 [INFO] FinderPluginLoader:87 - Searching for filters in installed packs
2026-09-17 10:48:28,156 [WARN] DetailPanel:314 - Failed to get advertising image, set to default
2026-09-17 10:50:30,781 [INFO] MainUpdater:2671 - connection check result : 10
2026-09-17 10:50:30,781 [INFO] MainUpdater:2671 - connection check result : 10
2026-09-17 10:50:30,830 [INFO] MicroXplorer:448 - Change Database Path : 
2026-09-17 10:50:30,830 [INFO] MicroXplorer:478 - Change Database Version : DB.6.0.30
2026-09-17 10:50:30,830 [WARN] ThirdParty:813 - waiting for thirdparty lock release [close project]
2026-09-17 10:50:30,830 [INFO] ThirdParty:815 - entering critical section [close project]
2026-09-17 10:50:30,833 [INFO] ThirdParty:825 - exiting critical section [close project]
2026-09-17 10:50:30,835 [INFO] PinOutPanel:1463 - setPackage(No Configuration,No Configuration)
2026-09-17 10:50:30,835 [INFO] UtilMem:74 - Begin LoadConfig() Used Memory: 1011059808 Bytes (1073741824)
2026-09-17 10:50:30,835 [INFO] MicroXplorer:448 - Change Database Path : 
2026-09-17 10:50:30,835 [INFO] MicroXplorer:478 - Change Database Version : DB.6.0.30
2026-09-17 10:50:30,835 [INFO] OpenFileManager:313 - Change cursor
2026-09-17 10:50:31,524 [INFO] Context:592 - Trying to add GPIOservice into a context  which must be forbidden
2026-09-17 10:50:31,709 [INFO] ImportTextPane:167 - (OptionalMessage_ERROR) Unable to find key (Mcu.ThirdPartyNb) in loaded IOC file
2026-09-17 10:50:31,709 [INFO] ImportTextPane:167 - (OptionalMessage_ERROR) Unable to find key (Mcu.PinsNb) in loaded IOC file
2026-09-17 10:50:31,709 [INFO] ImportTextPane:167 - (OptionalMessage_ERROR) Unable to find key (Mcu.IPNb) in loaded IOC file
2026-09-17 10:50:31,730 [WARN] ApiManager:304 - Cannot register API 'Board Extension:PM33A1' from pack STMicroelectronics.X-CUBE-PM33A1.1.0.0: no header file found
2026-09-17 10:50:31,730 [WARN] ApiManager:304 - Cannot register API 'Board Extension:NFC09A1' from pack STMicroelectronics.X-CUBE-NFC9.1.0.0: no header file found
2026-09-17 10:50:31,747 [WARN] ApiManager:304 - Cannot register API 'Wireless:BlueNRG-MS' from pack STMicroelectronics.X-CUBE-BLE1.7.1.0: no header file found
2026-09-17 10:50:31,749 [WARN] ApiManager:304 - Cannot register API 'Board Extension:EEPRMA2' from pack STMicroelectronics.X-CUBE-EEPRMA1.5.2.0: no header file found
2026-09-17 10:50:31,749 [WARN] ApiManager:304 - Cannot register API 'Board Extension:PGEEZ1' from pack STMicroelectronics.X-CUBE-EEPRMA1.5.2.0: no header file found
2026-09-17 10:50:31,749 [WARN] ApiManager:304 - Cannot register API 'Board Extension:EEICA1' from pack STMicroelectronics.X-CUBE-EEPRMA1.5.2.0: no header file found
2026-09-17 10:50:31,749 [WARN] ApiManager:304 - Cannot register API 'Board Part:M24' from pack STMicroelectronics.X-CUBE-EEPRMA1.5.2.0: no header file found
2026-09-17 10:50:31,749 [WARN] ApiManager:304 - Cannot register API 'Board Part:M95' from pack STMicroelectronics.X-CUBE-EEPRMA1.5.2.0: no header file found
2026-09-17 10:50:31,749 [WARN] ApiManager:304 - Cannot register API 'Board Part:M95P32' from pack STMicroelectronics.X-CUBE-EEPRMA1.5.2.0: no header file found
2026-09-17 10:50:31,749 [WARN] ApiManager:304 - Cannot register API 'Board Part:M24256E-F' from pack STMicroelectronics.X-CUBE-EEPRMA1.5.2.0: no header file found
2026-09-17 10:50:31,749 [WARN] ApiManager:304 - Cannot register API 'Board Part:M24M01E-F' from pack STMicroelectronics.X-CUBE-EEPRMA1.5.2.0: no header file found
2026-09-17 10:50:31,749 [WARN] ApiManager:304 - Cannot register API 'PGEEZ1:SPI' from pack STMicroelectronics.X-CUBE-EEPRMA1.5.2.0: no header file found
2026-09-17 10:50:31,749 [WARN] ApiManager:304 - Cannot register API 'PGEEZ1:QDSPI' from pack STMicroelectronics.X-CUBE-EEPRMA1.5.2.0: no header file found
2026-09-17 10:50:31,751 [WARN] ApiManager:304 - Cannot register API 'Board Extension:NFC12A1' from pack STMicroelectronics.X-CUBE-NFC12.1.0.0: no header file found
2026-09-17 10:50:31,755 [WARN] ApiManager:304 - Cannot register API 'Board Extension:SAFEA1' from pack STMicroelectronics.X-CUBE-STSE01.2.0.0: no header file found
2026-09-17 10:50:31,755 [WARN] ApiManager:304 - Cannot register API 'Board Extension:ESE01A1' from pack STMicroelectronics.X-CUBE-STSE01.2.0.0: no header file found
2026-09-17 10:50:31,755 [WARN] ApiManager:304 - Cannot register API 'Board Extension:ESE02A1' from pack STMicroelectronics.X-CUBE-STSE01.2.0.0: no header file found
2026-09-17 10:50:31,755 [WARN] ApiManager:304 - Cannot register API 'Board Part:STSAFEA110' from pack STMicroelectronics.X-CUBE-STSE01.2.0.0: no header file found
2026-09-17 10:50:31,755 [WARN] ApiManager:304 - Cannot register API 'Board Part:STSAFEA120' from pack STMicroelectronics.X-CUBE-STSE01.2.0.0: no header file found
2026-09-17 10:50:31,755 [WARN] ApiManager:304 - Cannot register API 'Board Part:STSAFEL010' from pack STMicroelectronics.X-CUBE-STSE01.2.0.0: no header file found
2026-09-17 10:50:31,755 [WARN] ApiManager:304 - Cannot register API 'Security:STM32_Cryptographic' from pack STMicroelectronics.X-CUBE-STSE01.2.0.0: no header file found
2026-09-17 10:50:31,755 [WARN] ApiManager:304 - Cannot register API 'Security:STSELib' from pack STMicroelectronics.X-CUBE-STSE01.2.0.0: no header file found
2026-09-17 10:50:31,757 [INFO] RtosManager:484 - Registered RTOS mode: class=CMSIS, group=RTOS, mode=CMSIS_V1, owner=FREERTOS
2026-09-17 10:50:31,757 [INFO] RtosManager:484 - Registered RTOS mode: class=CMSIS, group=RTOS2, mode=CMSIS_V2, owner=FREERTOS
2026-09-17 10:50:31,757 [INFO] RtosManager:484 - Registered RTOS mode: class=RTOS, group=Core, mode=CMSIS_V1, owner=FREERTOS
2026-09-17 10:50:31,757 [INFO] RtosManager:484 - Registered RTOS mode: class=RTOS, group=Core, mode=CMSIS_V2, owner=FREERTOS
2026-09-17 10:50:31,757 [WARN] ModelIntegratedComponent:181 - Missing modes for component STMicroelectronics:FreeRTOS:0.0.1:STMicroelectronics:RTOS:FreeRTOS:Core:::10.2.0:
2026-09-17 10:50:31,759 [WARN] ApiManager:304 - Cannot register API 'Board Extension:NFC04A1' from pack STMicroelectronics.X-CUBE-NFC4.3.0.0: no header file found
2026-09-17 10:50:31,762 [WARN] ApiManager:304 - Cannot register API 'Board Extension:S2868A1' from pack STMicroelectronics.X-CUBE-SUBG2.5.0.0: no header file found
2026-09-17 10:50:31,762 [WARN] ApiManager:304 - Cannot register API 'Board Extension:S2868A2' from pack STMicroelectronics.X-CUBE-SUBG2.5.0.0: no header file found
2026-09-17 10:50:31,762 [WARN] ApiManager:304 - Cannot register API 'Board Extension:S2915A1' from pack STMicroelectronics.X-CUBE-SUBG2.5.0.0: no header file found
2026-09-17 10:50:31,854 [WARN] ApiManager:304 - Cannot register API 'Board Extension:IKS02A1' from pack STMicroelectronics.X-CUBE-MEMS1.13.0.0: no header file found
2026-09-17 10:50:31,854 [WARN] ApiManager:304 - Cannot register API 'Board Extension:IKS4A1' from pack STMicroelectronics.X-CUBE-MEMS1.13.0.0: no header file found
2026-09-17 10:50:31,854 [WARN] ApiManager:304 - Cannot register API 'Board Extension:IKS5A1' from pack STMicroelectronics.X-CUBE-MEMS1.13.0.0: no header file found
2026-09-17 10:50:31,857 [WARN] ApiManager:304 - Cannot register API 'Board Extension:NFC07A1' from pack STMicroelectronics.X-CUBE-NFC7.2.0.0: no header file found
2026-09-17 10:50:31,862 [WARN] ApiManager:304 - Cannot register API 'Board Extension:GNSS1A1' from pack STMicroelectronics.X-CUBE-GNSS1.7.1.1: no header file found
2026-09-17 10:50:31,862 [WARN] ApiManager:304 - Cannot register API 'Board Support:Custom' from pack STMicroelectronics.X-CUBE-GNSS1.7.1.1: no header file found
2026-09-17 10:50:31,862 [WARN] ApiManager:304 - Cannot register API 'Data Exchange:lib_gnss' from pack STMicroelectronics.X-CUBE-GNSS1.7.1.1: no header file found
2026-09-17 10:50:31,862 [WARN] ApiManager:304 - Cannot register API 'Board Extension:NFC10A1' from pack STMicroelectronics.X-CUBE-NFC10.1.0.0: no header file found
2026-09-17 10:50:31,865 [WARN] ModelIntegratedComponent:60 - No mode defined for component null
2026-09-17 10:50:31,865 [WARN] ModelIntegratedComponent:60 - No mode defined for component null
2026-09-17 10:50:31,865 [WARN] ModelIntegratedComponent:60 - No mode defined for component null
2026-09-17 10:50:31,865 [WARN] ModelIntegratedComponent:60 - No mode defined for component null
2026-09-17 10:50:31,865 [WARN] ModelIntegratedComponent:60 - No mode defined for component null
2026-09-17 10:50:31,865 [WARN] ModelIntegratedComponent:60 - No mode defined for component null
2026-09-17 10:50:31,865 [WARN] ModelIntegratedComponent:60 - No mode defined for component null
2026-09-17 10:50:31,865 [WARN] ModelIntegratedComponent:60 - No mode defined for component null
2026-09-17 10:50:31,865 [WARN] ModelIntegratedComponent:60 - No mode defined for component null
2026-09-17 10:50:31,865 [WARN] ModelIntegratedComponent:60 - No mode defined for component null
2026-09-17 10:50:31,865 [WARN] ModelIntegratedComponent:60 - No mode defined for component null
2026-09-17 10:50:31,865 [WARN] ModelIntegratedComponent:60 - No mode defined for component null
2026-09-17 10:50:31,865 [WARN] ModelIntegratedComponent:60 - No mode defined for component null
2026-09-17 10:50:31,865 [WARN] ModelIntegratedComponent:60 - No mode defined for component null
2026-09-17 10:50:31,865 [WARN] ModelIntegratedComponent:60 - No mode defined for component null
2026-09-17 10:50:31,867 [WARN] ModelIntegratedComponent:60 - No mode defined for component null
2026-09-17 10:50:31,867 [WARN] ModelIntegratedComponent:60 - No mode defined for component null
2026-09-17 10:50:31,867 [WARN] ModelIntegratedComponent:60 - No mode defined for component null
2026-09-17 10:50:31,867 [WARN] ModelIntegratedComponent:60 - No mode defined for component null
2026-09-17 10:50:31,867 [WARN] ModelIntegratedComponent:60 - No mode defined for component null
2026-09-17 10:50:31,867 [WARN] ModelIntegratedComponent:60 - No mode defined for component null
2026-09-17 10:50:31,867 [WARN] ModelIntegratedComponent:60 - No mode defined for component null
2026-09-17 10:50:31,867 [WARN] ModelIntegratedComponent:60 - No mode defined for component null
2026-09-17 10:50:31,867 [WARN] ModelIntegratedComponent:60 - No mode defined for component null
2026-09-17 10:50:31,867 [WARN] ModelIntegratedComponent:60 - No mode defined for component null
2026-09-17 10:50:31,867 [WARN] ModelIntegratedComponent:60 - No mode defined for component null
2026-09-17 10:50:31,867 [WARN] ModelIntegratedComponent:60 - No mode defined for component null
2026-09-17 10:50:31,867 [WARN] ModelIntegratedComponent:60 - No mode defined for component null
2026-09-17 10:50:31,867 [WARN] ModelIntegratedComponent:60 - No mode defined for component null
2026-09-17 10:50:31,867 [WARN] ModelIntegratedComponent:60 - No mode defined for component null
2026-09-17 10:50:31,867 [WARN] ModelIntegratedComponent:60 - No mode defined for component null
2026-09-17 10:50:31,867 [WARN] ApiManager:304 - Cannot register API 'Board Extension:NFC06A1' from pack STMicroelectronics.X-CUBE-NFC6.3.2.0: no header file found
2026-09-17 10:50:31,867 [WARN] ApiManager:304 - Cannot register API 'Board Extension:NFC08A1' from pack STMicroelectronics.X-CUBE-NFC6.3.2.0: no header file found
2026-09-17 10:50:31,873 [WARN] ApiManager:304 - Cannot register API 'Board Extension:S2868A1' from pack STMicroelectronics.X-CUBE-SFXS2LP1.4.0.0: no header file found
2026-09-17 10:50:31,873 [WARN] ApiManager:304 - Cannot register API 'Board Extension:S2868A2' from pack STMicroelectronics.X-CUBE-SFXS2LP1.4.0.0: no header file found
2026-09-17 10:50:31,873 [WARN] ApiManager:304 - Cannot register API 'Board Extension:S2915A1' from pack STMicroelectronics.X-CUBE-SFXS2LP1.4.0.0: no header file found
2026-09-17 10:50:31,873 [WARN] ApiManager:304 - Cannot register API 'Wireless:BlueNRG-2' from pack STMicroelectronics.X-CUBE-BLE2.3.3.0: no header file found
2026-09-17 10:50:31,873 [WARN] ApiManager:304 - Cannot register API 'Board Extension:NFC13A1' from pack STMicroelectronics.X-CUBE-NFC13.1.0.0: no header file found
2026-09-17 10:50:31,873 [WARN] ApiManager:304 - Cannot register API 'Wireless:STM32WB05N' from pack STMicroelectronics.X-CUBE-WB05N.2.1.0: no header file found
2026-09-17 10:50:33,161 [INFO] UtilMem:74 - End LoadConfig() Used Memory: 933055040 Bytes (1073741824)
2026-09-17 10:50:33,161 [WARN] ThirdParty:779 - waiting for thirdparty lock release [change project]
2026-09-17 10:50:33,161 [INFO] ThirdParty:781 - entering critical section [change project]
2026-09-17 10:50:33,161 [INFO] ThirdParty:967 - CMSIS Pack Vendor :STMicroelectronics X-CUBE-AZRTOS-H7 3.5.0
2026-09-17 10:50:33,161 [INFO] ThirdParty:967 - CMSIS Pack Vendor :STMicroelectronics X-CUBE-PM33A1 1.0.0
2026-09-17 10:50:33,161 [INFO] ThirdParty:967 - CMSIS Pack Vendor :STMicroelectronics X-CUBE-NFC9 1.0.0
2026-09-17 10:50:33,161 [INFO] ThirdParty:967 - CMSIS Pack Vendor :STMicroelectronics USB_HOST 2.0.0
2026-09-17 10:50:33,161 [INFO] ThirdParty:967 - CMSIS Pack Vendor :STMicroelectronics FP-ATR-ASTRA1 2.0.3
2026-09-17 10:50:33,161 [INFO] ThirdParty:967 - CMSIS Pack Vendor :STMicroelectronics X-CUBE-AZRTOS-F4 1.1.0
2026-09-17 10:50:33,161 [INFO] ThirdParty:967 - CMSIS Pack Vendor :STMicroelectronics X-CUBE-BLE1 7.1.0
2026-09-17 10:50:33,161 [INFO] ThirdParty:967 - CMSIS Pack Vendor :wolfSSL I-CUBE-wolfMQTT 1.19.2
2026-09-17 10:50:33,161 [INFO] ThirdParty:967 - CMSIS Pack Vendor :STMicroelectronics USB_DEVICE 3.0.0
2026-09-17 10:50:33,161 [INFO] ThirdParty:967 - CMSIS Pack Vendor :STMicroelectronics X-CUBE-ISPU 2.1.0
2026-09-17 10:50:33,161 [INFO] ThirdParty:967 - CMSIS Pack Vendor :STMicroelectronics X-CUBE-EEPRMA1 5.2.0
2026-09-17 10:50:33,161 [INFO] ThirdParty:967 - CMSIS Pack Vendor :STMicroelectronics X-CUBE-AZRTOS-WB 2.0.0
2026-09-17 10:50:33,161 [INFO] ThirdParty:967 - CMSIS Pack Vendor :STMicroelectronics X-CUBE-NFC12 1.0.0
2026-09-17 10:50:33,173 [INFO] ThirdParty:967 - CMSIS Pack Vendor :STMicroelectronics X-CUBE-AZRTOS-F7 1.1.0
2026-09-17 10:50:33,173 [INFO] ThirdParty:967 - CMSIS Pack Vendor :STMicroelectronics X-CUBE-AZRTOS-L5 2.0.0
2026-09-17 10:50:33,173 [INFO] ThirdParty:967 - CMSIS Pack Vendor :STMicroelectronics USB_DEVICE 2.0.0
2026-09-17 10:50:33,173 [INFO] ThirdParty:967 - CMSIS Pack Vendor :STMicroelectronics X-CUBE-STSE01 2.0.0
2026-09-17 10:50:33,173 [INFO] ThirdParty:967 - CMSIS Pack Vendor :STMicroelectronics X-CUBE-ALGOBUILD 1.5.0
2026-09-17 10:50:33,173 [INFO] ThirdParty:967 - CMSIS Pack Vendor :STMicroelectronics FreeRTOS 0.0.1
2026-09-17 10:50:33,173 [INFO] ThirdParty:967 - CMSIS Pack Vendor :STMicroelectronics X-CUBE-AZRTOS-H7RS 1.3.0
2026-09-17 10:50:33,173 [INFO] ThirdParty:967 - CMSIS Pack Vendor :STMicroelectronics X-CUBE-AZRTOS-G0 1.1.0
2026-09-17 10:50:33,173 [INFO] ThirdParty:967 - CMSIS Pack Vendor :STMicroelectronics X-CUBE-NFC4 3.0.0
2026-09-17 10:50:33,173 [INFO] ThirdParty:967 - CMSIS Pack Vendor :STMicroelectronics X-CUBE-SUBG2 5.0.0
2026-09-17 10:50:33,173 [INFO] ThirdParty:967 - CMSIS Pack Vendor :STMicroelectronics lwIP 2.0.3
2026-09-17 10:50:33,173 [INFO] ThirdParty:967 - CMSIS Pack Vendor :STMicroelectronics X-CUBE-MEMS1 13.0.0
2026-09-17 10:50:33,173 [INFO] ThirdParty:967 - CMSIS Pack Vendor :STMicroelectronics USB_HOST 1.0.0
2026-09-17 10:50:33,173 [INFO] ThirdParty:967 - CMSIS Pack Vendor :STMicroelectronics X-CUBE-AZRTOS-G4 2.0.0
2026-09-17 10:50:33,173 [INFO] ThirdParty:967 - CMSIS Pack Vendor :STMicroelectronics PDM2PCM 3.1.0
2026-09-17 10:50:33,173 [INFO] ThirdParty:967 - CMSIS Pack Vendor :STMicroelectronics PDM2PCM 3.3.0
2026-09-17 10:50:33,173 [INFO] ThirdParty:967 - CMSIS Pack Vendor :wolfSSL I-CUBE-wolfTPM 3.8.0
2026-09-17 10:50:33,173 [INFO] ThirdParty:967 - CMSIS Pack Vendor :wolfSSL I-CUBE-wolfSSH 1.4.20
2026-09-17 10:50:33,173 [INFO] ThirdParty:967 - CMSIS Pack Vendor :STMicroelectronics X-CUBE-NFC7 2.0.0
2026-09-17 10:50:33,173 [INFO] ThirdParty:967 - CMSIS Pack Vendor :STMicroelectronics X-CUBE-GNSS1 7.1.1
2026-09-17 10:50:33,173 [INFO] ThirdParty:967 - CMSIS Pack Vendor :STMicroelectronics FP-ATR-SIGFOX1 3.2.0
2026-09-17 10:50:33,173 [INFO] ThirdParty:967 - CMSIS Pack Vendor :STMicroelectronics X-CUBE-NFC10 1.0.0
2026-09-17 10:50:33,173 [INFO] ThirdParty:967 - CMSIS Pack Vendor :STMicroelectronics HAL Drivers 0.0.0
2026-09-17 10:50:33,173 [INFO] ThirdParty:967 - CMSIS Pack Vendor :STMicroelectronics MBEDTLS 2.16.2
2026-09-17 10:50:33,173 [INFO] ThirdParty:967 - CMSIS Pack Vendor :wolfSSL I-CUBE-wolfSSL 5.9.2
2026-09-17 10:50:33,173 [INFO] ThirdParty:967 - CMSIS Pack Vendor :STMicroelectronics MBEDTLS 2.14.1
2026-09-17 10:50:33,173 [INFO] ThirdParty:967 - CMSIS Pack Vendor :STMicroelectronics X-CUBE-TOUCHGFX 4.26.1
2026-09-17 10:50:33,173 [INFO] ThirdParty:967 - CMSIS Pack Vendor :STMicroelectronics X-CUBE-NFC6 3.2.0
2026-09-17 10:50:33,173 [INFO] ThirdParty:967 - CMSIS Pack Vendor :STMicroelectronics X-CUBE-AI 10.2.1
2026-09-17 10:50:33,173 [INFO] ThirdParty:967 - CMSIS Pack Vendor :STMicroelectronics X-CUBE-AZRTOS-WL 2.0.0
2026-09-17 10:50:33,173 [INFO] ThirdParty:967 - CMSIS Pack Vendor :SEGGER I-CUBE-embOS 1.3.1
2026-09-17 10:50:33,173 [INFO] ThirdParty:967 - CMSIS Pack Vendor :STMicroelectronics USB_DEVICE 1.0.0
2026-09-17 10:50:33,173 [INFO] ThirdParty:967 - CMSIS Pack Vendor :STMicroelectronics X-CUBE-AZRTOS-L4 2.0.0
2026-09-17 10:50:33,173 [INFO] ThirdParty:967 - CMSIS Pack Vendor :STMicroelectronics ThreadX 0.0.2
2026-09-17 10:50:33,173 [INFO] ThirdParty:967 - CMSIS Pack Vendor :STMicroelectronics lwIP 2.1.2
2026-09-17 10:50:33,173 [INFO] ThirdParty:967 - CMSIS Pack Vendor :STMicroelectronics X-CUBE-SFXS2LP1 4.0.0
2026-09-17 10:50:33,173 [INFO] ThirdParty:967 - CMSIS Pack Vendor :STMicroelectronics X-CUBE-BLE2 3.3.0
2026-09-17 10:50:33,173 [INFO] ThirdParty:967 - CMSIS Pack Vendor :STMicroelectronics X-CUBE-NFC13 1.0.0
2026-09-17 10:50:33,173 [INFO] ThirdParty:967 - CMSIS Pack Vendor :STMicroelectronics PDM2PCM 3.2.0
2026-09-17 10:50:33,173 [INFO] ThirdParty:967 - CMSIS Pack Vendor :STMicroelectronics X-CUBE-WB05N 2.1.0
2026-09-17 10:50:33,173 [INFO] ThirdParty:787 - exiting critical section [change project]
2026-09-17 10:50:33,332 [INFO] PinOutPanel:1463 - setPackage(No Configuration,No Configuration)
2026-09-17 10:50:33,332 [INFO] PinOutPanel:1463 - setPackage(STM32F103C6Ux,UFQFPN48)
2026-09-17 10:50:33,586 [INFO] UtilMem:74 - Before build in PCC Used Memory: 937647344 Bytes (1073741824)
2026-09-17 10:50:34,098 [INFO] UtilMem:74 - After build in PCC Used Memory: 973538544 Bytes (1073741824)
2026-09-17 10:50:34,131 [INFO] IPUIPlugin:74 - create IPUIPlugin
2026-09-17 10:50:34,131 [INFO] IPUIPlugin:74 - create IPUIPlugin
2026-09-17 10:50:34,131 [INFO] IPUIPlugin:74 - create IPUIPlugin
2026-09-17 10:50:34,131 [INFO] IPUIPlugin:74 - create IPUIPlugin
2026-09-17 10:50:34,131 [INFO] IPUIPlugin:74 - create IPUIPlugin
2026-09-17 10:50:34,131 [INFO] IPUIPlugin:74 - create IPUIPlugin
2026-09-17 10:50:34,131 [INFO] IPUIPlugin:74 - create IPUIPlugin
2026-09-17 10:50:34,131 [INFO] IPUIPlugin:74 - create IPUIPlugin
2026-09-17 10:50:34,131 [INFO] IPUIPlugin:74 - create IPUIPlugin
2026-09-17 10:50:34,131 [INFO] IPUIPlugin:74 - create IPUIPlugin
2026-09-17 10:50:34,131 [INFO] IPUIPlugin:74 - create IPUIPlugin
2026-09-17 10:50:34,131 [INFO] IPUIPlugin:74 - create IPUIPlugin
2026-09-17 10:50:34,131 [INFO] IPUIPlugin:74 - create IPUIPlugin
2026-09-17 10:50:34,131 [INFO] IPUIPlugin:74 - create IPUIPlugin
2026-09-17 10:50:34,131 [INFO] IPUIPlugin:74 - create IPUIPlugin
2026-09-17 10:50:34,131 [INFO] IPUIPlugin:74 - create IPUIPlugin
2026-09-17 10:50:34,131 [INFO] IPUIPlugin:74 - create IPUIPlugin
2026-09-17 10:50:34,131 [INFO] IPUIPlugin:74 - create IPUIPlugin
2026-09-17 10:50:34,131 [INFO] IPUIPlugin:74 - create IPUIPlugin
2026-09-17 10:50:34,131 [INFO] IPUIPlugin:74 - create IPUIPlugin
2026-09-17 10:50:34,131 [INFO] IPUIPlugin:74 - create IPUIPlugin
2026-09-17 10:50:34,131 [INFO] IPUIPlugin:74 - create IPUIPlugin
2026-09-17 10:50:34,131 [INFO] IPUIPlugin:74 - create IPUIPlugin
2026-09-17 10:50:34,265 [INFO] OpenFileManager:333 - Restore cursor
2026-09-17 10:50:34,563 [INFO] UtilMem:74 - End SaveConfig() Used Memory: 945602152 Bytes (1073741824)
2026-09-17 10:50:34,614 [INFO] UtilMem:74 - End SaveConfig() Used Memory: 963659568 Bytes (1073741824)
2026-09-17 10:50:34,893 [INFO] BlockDiagram:2740 - set Specific Code input for plugin: NVIC
2026-09-17 10:50:34,893 [INFO] BlockDiagram:2740 - set Specific Code input for plugin: SYS
2026-09-17 10:50:34,893 [INFO] BlockDiagram:2740 - set Specific Code input for plugin: RCC
2026-09-17 10:50:34,896 [INFO] CodeGenerator:663 - code generatio: config db path: D:\STM32CubeIDE_1.7.0\STM32CubeIDE\plugins\com.st.stm32cube.common.mx_6.3.0.202107141111\\db\
2026-09-17 10:50:35,384 [INFO] CodeEngine:239 - oldGeneratedFile, D:\Lab_VXL\Lab 1\Ex5\ex5\MXTmpFiles\license.tmp_save
2026-09-17 10:50:35,603 [INFO] CodeEngine:257 - Generated code: D:\Lab_VXL\Lab 1\Ex5\ex5\MXTmpFiles\license.tmp
2026-09-17 10:50:35,659 [INFO] CodeEngine:239 - oldGeneratedFile, D:\Lab_VXL\Lab 1\Ex5\ex5\Core\Src\stm32f1xx_it.c_save
2026-09-17 10:50:35,779 [INFO] CodeEngine:257 - Generated code: D:\Lab_VXL\Lab 1\Ex5\ex5\Core\Src\stm32f1xx_it.c
2026-09-17 10:50:35,782 [INFO] CodeEngine:239 - oldGeneratedFile, D:\Lab_VXL\Lab 1\Ex5\ex5\Core\Inc\stm32f1xx_it.h_save
2026-09-17 10:50:35,840 [INFO] CodeEngine:257 - Generated code: D:\Lab_VXL\Lab 1\Ex5\ex5\Core\Inc\stm32f1xx_it.h
2026-09-17 10:50:35,848 [INFO] CodeEngine:239 - oldGeneratedFile, D:\Lab_VXL\Lab 1\Ex5\ex5\Core\Src\stm32f1xx_hal_msp.c_save
2026-09-17 10:50:35,929 [INFO] CodeEngine:257 - Generated code: D:\Lab_VXL\Lab 1\Ex5\ex5\Core\Src\stm32f1xx_hal_msp.c
2026-09-17 10:50:35,931 [INFO] CodeEngine:239 - oldGeneratedFile, D:\Lab_VXL\Lab 1\Ex5\ex5\MXTmpFiles\system.tmp_save
2026-09-17 10:50:35,965 [INFO] CodeEngine:257 - Generated code: D:\Lab_VXL\Lab 1\Ex5\ex5\MXTmpFiles\system.tmp
2026-09-17 10:50:35,975 [INFO] CodeEngine:239 - oldGeneratedFile, D:\Lab_VXL\Lab 1\Ex5\ex5\Core\Inc\stm32f1xx_hal_conf.h_save
2026-09-17 10:50:36,093 [INFO] CodeEngine:257 - Generated code: D:\Lab_VXL\Lab 1\Ex5\ex5\Core\Inc\stm32f1xx_hal_conf.h
2026-09-17 10:50:36,129 [INFO] CodeEngine:239 - oldGeneratedFile, D:\Lab_VXL\Lab 1\Ex5\ex5\Core\Inc\main.h_save
2026-09-17 10:50:36,199 [INFO] CodeEngine:257 - Generated code: D:\Lab_VXL\Lab 1\Ex5\ex5\Core\Inc\main.h
2026-09-17 10:50:36,199 [INFO] CodeEngine:239 - oldGeneratedFile, D:\Lab_VXL\Lab 1\Ex5\ex5\Core\Src\main.c_save
2026-09-17 10:50:36,325 [INFO] CodeEngine:257 - Generated code: D:\Lab_VXL\Lab 1\Ex5\ex5\Core\Src\main.c
2026-09-17 10:50:37,242 [INFO] ProjectBuilder:2578 - Time for Copy HAL[1] : 77mS.
2026-09-17 10:50:37,244 [INFO] ProjectBuilder:3622 - Project Generator version: 3.14.1
2026-09-17 10:50:37,831 [INFO] ConfigFileManager:1271 - The Die is : DIE412
2026-09-17 10:50:37,848 [INFO] ApiDbMcu:468 - Load IP Config File for FATFS
2026-09-17 10:50:37,879 [INFO] ApiDbMcu:468 - Load IP Config File for FREERTOS
2026-09-17 10:50:37,900 [INFO] ApiDbMcu:468 - Load IP Config File for USB_DEVICE
2026-09-17 10:50:40,757 [INFO] ProjectBuilder:3789 - Time for Generating toolchain IDE Files: 3513mS.
2026-09-17 10:50:40,757 [INFO] ProjectBuilder:2457 - Time for Copy CMSIS : 0mS.
2026-09-17 10:50:40,760 [INFO] ProjectBuilder:2457 - Time for Copy CMSIS : 0mS.
2026-09-17 10:50:43,030 [INFO] McuFinderGlobals:52 - Set McuFinderConnectedMode to true
2026-09-17 10:50:43,035 [INFO] ApiDb:276 - Save user favorites file C:\Users\Hius/.stm32cubeide/favorites.mcus.txt: 0 item(s)
2026-09-17 10:50:43,035 [INFO] ApiDb:280 - User favorites MCUs=[]
2026-09-17 10:52:55,669 [INFO] UtilMem:74 - End SaveConfig() Used Memory: 963339632 Bytes (1073741824)
2026-09-17 10:52:56,968 [INFO] UtilMem:74 - End SaveConfig() Used Memory: 956412944 Bytes (1073741824)
2026-09-17 10:52:59,152 [INFO] UtilMem:74 - End SaveConfig() Used Memory: 971721920 Bytes (1073741824)
2026-09-17 10:52:59,333 [INFO] BlockDiagram:2740 - set Specific Code input for plugin: NVIC
2026-09-17 10:52:59,333 [INFO] BlockDiagram:2740 - set Specific Code input for plugin: SYS
2026-09-17 10:52:59,333 [INFO] BlockDiagram:2740 - set Specific Code input for plugin: GPIO
2026-09-17 10:52:59,333 [INFO] BlockDiagram:2740 - set Specific Code input for plugin: RCC
2026-09-17 10:52:59,333 [INFO] CodeGenerator:663 - code generatio: config db path: D:\STM32CubeIDE_1.7.0\STM32CubeIDE\plugins\com.st.stm32cube.common.mx_6.3.0.202107141111\\db\
2026-09-17 10:52:59,744 [INFO] CodeEngine:239 - oldGeneratedFile, D:\Lab_VXL\Lab 1\Ex5\ex5\MXTmpFiles\license.tmp_save
2026-09-17 10:52:59,797 [INFO] CodeEngine:257 - Generated code: D:\Lab_VXL\Lab 1\Ex5\ex5\MXTmpFiles\license.tmp
2026-09-17 10:52:59,853 [INFO] CodeEngine:239 - oldGeneratedFile, D:\Lab_VXL\Lab 1\Ex5\ex5\MXTmpFiles\gpio.tmp_save
2026-09-17 10:52:59,937 [INFO] CodeEngine:257 - Generated code: D:\Lab_VXL\Lab 1\Ex5\ex5\MXTmpFiles\gpio.tmp
2026-09-17 10:52:59,977 [INFO] CodeEngine:239 - oldGeneratedFile, D:\Lab_VXL\Lab 1\Ex5\ex5\Core\Src\stm32f1xx_it.c_save
2026-09-17 10:53:00,086 [INFO] CodeEngine:257 - Generated code: D:\Lab_VXL\Lab 1\Ex5\ex5\Core\Src\stm32f1xx_it.c
2026-09-17 10:53:00,088 [INFO] CodeEngine:239 - oldGeneratedFile, D:\Lab_VXL\Lab 1\Ex5\ex5\Core\Inc\stm32f1xx_it.h_save
2026-09-17 10:53:00,142 [INFO] CodeEngine:257 - Generated code: D:\Lab_VXL\Lab 1\Ex5\ex5\Core\Inc\stm32f1xx_it.h
2026-09-17 10:53:00,165 [INFO] CodeEngine:239 - oldGeneratedFile, D:\Lab_VXL\Lab 1\Ex5\ex5\Core\Src\stm32f1xx_hal_msp.c_save
2026-09-17 10:53:00,278 [INFO] CodeEngine:257 - Generated code: D:\Lab_VXL\Lab 1\Ex5\ex5\Core\Src\stm32f1xx_hal_msp.c
2026-09-17 10:53:00,278 [INFO] CodeEngine:239 - oldGeneratedFile, D:\Lab_VXL\Lab 1\Ex5\ex5\MXTmpFiles\system.tmp_save
2026-09-17 10:53:00,361 [INFO] CodeEngine:257 - Generated code: D:\Lab_VXL\Lab 1\Ex5\ex5\MXTmpFiles\system.tmp
2026-09-17 10:53:00,378 [INFO] CodeEngine:239 - oldGeneratedFile, D:\Lab_VXL\Lab 1\Ex5\ex5\Core\Inc\stm32f1xx_hal_conf.h_save
2026-09-17 10:53:00,503 [INFO] CodeEngine:257 - Generated code: D:\Lab_VXL\Lab 1\Ex5\ex5\Core\Inc\stm32f1xx_hal_conf.h
2026-09-17 10:53:00,541 [INFO] CodeEngine:239 - oldGeneratedFile, D:\Lab_VXL\Lab 1\Ex5\ex5\Core\Inc\main.h_save
2026-09-17 10:53:00,647 [INFO] CodeEngine:257 - Generated code: D:\Lab_VXL\Lab 1\Ex5\ex5\Core\Inc\main.h
2026-09-17 10:53:00,664 [INFO] CodeEngine:239 - oldGeneratedFile, D:\Lab_VXL\Lab 1\Ex5\ex5\Core\Src\main.c_save
2026-09-17 10:53:00,848 [INFO] CodeEngine:257 - Generated code: D:\Lab_VXL\Lab 1\Ex5\ex5\Core\Src\main.c
2026-09-17 10:53:01,994 [INFO] ProjectBuilder:2578 - Time for Copy HAL[1] : 66mS.
2026-09-17 10:53:01,997 [INFO] ProjectBuilder:3622 - Project Generator version: 3.14.1
2026-09-17 10:53:03,066 [INFO] ConfigFileManager:1271 - The Die is : DIE412
2026-09-17 10:53:05,327 [INFO] ProjectBuilder:3789 - Time for Generating toolchain IDE Files: 3330mS.
2026-09-17 10:53:05,327 [INFO] ProjectBuilder:2457 - Time for Copy CMSIS : 0mS.
2026-09-17 10:53:05,329 [INFO] ProjectBuilder:2457 - Time for Copy CMSIS : 0mS.
2026-09-17 11:04:36,650 [INFO] Activator:177 - 


2026-09-17 11:04:36,650 [INFO] Activator:178 - !SESSION log4j initialized
2026-09-17 11:05:56,596 [INFO] McuFinderGlobals:39 - Set McuFinder mode to 2 (CubeIDE integrated)
2026-09-17 11:05:56,802 [INFO] ApplicationProperties:181 - Using Application install path: D:\STM32CubeIDE_1.7.0\STM32CubeIDE\plugins\com.st.stm32cube.common.mx_6.3.0.202107141111
2026-09-17 11:05:56,812 [INFO] DbMcusXml:74 - Set database path to: D:\STM32CubeIDE_1.7.0\STM32CubeIDE\plugins\com.st.stm32cube.common.mx_6.3.0.202107141111\\db\/mcu/
2026-09-17 11:05:56,817 [INFO] DbBoardsPdsc:56 - Set plugin database path to: D:\STM32CubeIDE_1.7.0\STM32CubeIDE\plugins\com.st.stm32cube.common.mx_6.3.0.202107141111\\db\/plugins/boardmanager/
2026-09-17 11:05:56,817 [INFO] DbMcus:258 - Set plugin images path to: D:\STM32CubeIDE_1.7.0\STM32CubeIDE\plugins\com.st.stm32cube.common.mx_6.3.0.202107141111\\db\/plugins/mcufinder/images/
2026-09-17 11:05:56,817 [INFO] DbBoards:264 - Set plugin images path to: D:\STM32CubeIDE_1.7.0\STM32CubeIDE\plugins\com.st.stm32cube.common.mx_6.3.0.202107141111\\db\/plugins/mcufinder/images/
2026-09-17 11:05:56,817 [INFO] DbExamples:333 - Set plugin images path to: D:\STM32CubeIDE_1.7.0\STM32CubeIDE\plugins\com.st.stm32cube.common.mx_6.3.0.202107141111\\db\/plugins/mcufinder/images/
2026-09-17 11:05:56,821 [INFO] DbMcusAds:119 - Set database path to: C:\Users\Hius\.stmcufinder\plugins\mcufinder//mcu/
2026-09-17 11:05:56,821 [INFO] DbMcusDocs:110 - Set database path to: C:\Users\Hius\.stmcufinder\plugins\mcufinder//mcu/
2026-09-17 11:05:56,821 [INFO] DbMcusJson:64 - Set database path to: C:\Users\Hius\.stmcufinder\plugins\mcufinder//mcu/
2026-09-17 11:05:56,821 [INFO] DbBoardsDocs:110 - Set database path to: C:\Users\Hius\.stmcufinder\plugins\mcufinder//mcu/
2026-09-17 11:05:56,821 [INFO] DbBoardsJson:57 - Set database path to: C:\Users\Hius\.stmcufinder\plugins\mcufinder//mcu/
2026-09-17 11:05:56,834 [INFO] CrossReferenceDbSqlite:196 - Set database path to: C:\Users\Hius\.stmcufinder\plugins\mcufinder//mcu/cs/
2026-09-17 11:05:56,847 [INFO] DbExamplesSqlite:767 - Set database path to: C:\Users\Hius\.stmcufinder\plugins\mcufinder//mcu/
2026-09-17 11:05:56,921 [INFO] RulesReader:57 - Compatibility file has been processed (242 Rules)
2026-09-17 11:05:57,121 [INFO] DbMcusXml:74 - Set database path to: D:\STM32CubeIDE_1.7.0\STM32CubeIDE\plugins\com.st.stm32cube.common.mx_6.3.0.202107141111\\db\/mcu/
2026-09-17 11:05:57,123 [INFO] DbBoardsPdsc:56 - Set plugin database path to: D:\STM32CubeIDE_1.7.0\STM32CubeIDE\plugins\com.st.stm32cube.common.mx_6.3.0.202107141111\\db\/plugins/boardmanager/
2026-09-17 11:05:57,123 [INFO] DbMcus:258 - Set plugin images path to: D:\STM32CubeIDE_1.7.0\STM32CubeIDE\plugins\com.st.stm32cube.common.mx_6.3.0.202107141111\\db\/plugins/mcufinder/images/
2026-09-17 11:05:57,123 [INFO] DbBoards:264 - Set plugin images path to: D:\STM32CubeIDE_1.7.0\STM32CubeIDE\plugins\com.st.stm32cube.common.mx_6.3.0.202107141111\\db\/plugins/mcufinder/images/
2026-09-17 11:05:57,123 [INFO] DbExamples:333 - Set plugin images path to: D:\STM32CubeIDE_1.7.0\STM32CubeIDE\plugins\com.st.stm32cube.common.mx_6.3.0.202107141111\\db\/plugins/mcufinder/images/
2026-09-17 11:05:57,123 [WARN] DbFile:35 - Overriding database path with different value: C:\Users\Hius\.stmcufinder\plugins\mcufinder/ => C:\Users\Hius\.stmcufinder\plugins\mcufinder
2026-09-17 11:05:57,123 [INFO] DbMcusAds:119 - Set database path to: C:\Users\Hius\.stmcufinder\plugins\mcufinder//mcu/
2026-09-17 11:05:57,123 [WARN] DbFile:35 - Overriding database path with different value: C:\Users\Hius\.stmcufinder\plugins\mcufinder/ => C:\Users\Hius\.stmcufinder\plugins\mcufinder
2026-09-17 11:05:57,123 [INFO] DbMcusDocs:110 - Set database path to: C:\Users\Hius\.stmcufinder\plugins\mcufinder//mcu/
2026-09-17 11:05:57,123 [WARN] DbFile:35 - Overriding database path with different value: C:\Users\Hius\.stmcufinder\plugins\mcufinder/ => C:\Users\Hius\.stmcufinder\plugins\mcufinder
2026-09-17 11:05:57,123 [INFO] DbMcusJson:64 - Set database path to: C:\Users\Hius\.stmcufinder\plugins\mcufinder//mcu/
2026-09-17 11:05:57,123 [WARN] DbFile:35 - Overriding database path with different value: C:\Users\Hius\.stmcufinder\plugins\mcufinder/ => C:\Users\Hius\.stmcufinder\plugins\mcufinder
2026-09-17 11:05:57,123 [INFO] DbBoardsDocs:110 - Set database path to: C:\Users\Hius\.stmcufinder\plugins\mcufinder//mcu/
2026-09-17 11:05:57,123 [WARN] DbFile:35 - Overriding database path with different value: C:\Users\Hius\.stmcufinder\plugins\mcufinder/ => C:\Users\Hius\.stmcufinder\plugins\mcufinder
2026-09-17 11:05:57,123 [INFO] DbBoardsJson:57 - Set database path to: C:\Users\Hius\.stmcufinder\plugins\mcufinder//mcu/
2026-09-17 11:05:57,123 [WARN] DbFile:35 - Overriding database path with different value: C:\Users\Hius\.stmcufinder\plugins\mcufinder/ => C:\Users\Hius\.stmcufinder\plugins\mcufinder
2026-09-17 11:05:57,123 [WARN] DbFile:35 - Overriding database path with different value: C:\Users\Hius\.stmcufinder\plugins\mcufinder/ => C:\Users\Hius\.stmcufinder\plugins\mcufinder
2026-09-17 11:05:57,123 [INFO] CrossReferenceDbSqlite:196 - Set database path to: C:\Users\Hius\.stmcufinder\plugins\mcufinder//mcu/cs/
2026-09-17 11:05:57,123 [WARN] DbFile:35 - Overriding database path with different value: C:\Users\Hius\.stmcufinder\plugins\mcufinder/ => C:\Users\Hius\.stmcufinder\plugins\mcufinder
2026-09-17 11:05:57,123 [INFO] DbExamplesSqlite:767 - Set database path to: C:\Users\Hius\.stmcufinder\plugins\mcufinder//mcu/
2026-09-17 11:05:57,220 [INFO] MainPanel:214 - HeapMemory: 268435456
2026-09-17 11:05:57,308 [INFO] DbMcusXml:74 - Set database path to: D:\STM32CubeIDE_1.7.0\STM32CubeIDE\plugins\com.st.stm32cube.common.mx_6.3.0.202107141111\\db\/mcu/
2026-09-17 11:05:57,308 [INFO] DbBoardsPdsc:56 - Set plugin database path to: D:\STM32CubeIDE_1.7.0\STM32CubeIDE\plugins\com.st.stm32cube.common.mx_6.3.0.202107141111\\db\/plugins/boardmanager/
2026-09-17 11:05:57,308 [INFO] DbMcus:258 - Set plugin images path to: D:\STM32CubeIDE_1.7.0\STM32CubeIDE\plugins\com.st.stm32cube.common.mx_6.3.0.202107141111\\db\/plugins/mcufinder/images/
2026-09-17 11:05:57,308 [INFO] DbBoards:264 - Set plugin images path to: D:\STM32CubeIDE_1.7.0\STM32CubeIDE\plugins\com.st.stm32cube.common.mx_6.3.0.202107141111\\db\/plugins/mcufinder/images/
2026-09-17 11:05:57,308 [INFO] DbExamples:333 - Set plugin images path to: D:\STM32CubeIDE_1.7.0\STM32CubeIDE\plugins\com.st.stm32cube.common.mx_6.3.0.202107141111\\db\/plugins/mcufinder/images/
2026-09-17 11:05:57,308 [WARN] DbFile:35 - Overriding database path with different value: C:\Users\Hius\.stmcufinder\plugins\mcufinder/ => C:\Users\Hius\.stmcufinder\plugins\mcufinder
2026-09-17 11:05:57,308 [INFO] DbMcusAds:119 - Set database path to: C:\Users\Hius\.stmcufinder\plugins\mcufinder//mcu/
2026-09-17 11:05:57,308 [WARN] DbFile:35 - Overriding database path with different value: C:\Users\Hius\.stmcufinder\plugins\mcufinder/ => C:\Users\Hius\.stmcufinder\plugins\mcufinder
2026-09-17 11:05:57,308 [INFO] DbMcusDocs:110 - Set database path to: C:\Users\Hius\.stmcufinder\plugins\mcufinder//mcu/
2026-09-17 11:05:57,308 [WARN] DbFile:35 - Overriding database path with different value: C:\Users\Hius\.stmcufinder\plugins\mcufinder/ => C:\Users\Hius\.stmcufinder\plugins\mcufinder
2026-09-17 11:05:57,308 [INFO] DbMcusJson:64 - Set database path to: C:\Users\Hius\.stmcufinder\plugins\mcufinder//mcu/
2026-09-17 11:05:57,308 [WARN] DbFile:35 - Overriding database path with different value: C:\Users\Hius\.stmcufinder\plugins\mcufinder/ => C:\Users\Hius\.stmcufinder\plugins\mcufinder
2026-09-17 11:05:57,308 [INFO] DbBoardsDocs:110 - Set database path to: C:\Users\Hius\.stmcufinder\plugins\mcufinder//mcu/
2026-09-17 11:05:57,308 [WARN] DbFile:35 - Overriding database path with different value: C:\Users\Hius\.stmcufinder\plugins\mcufinder/ => C:\Users\Hius\.stmcufinder\plugins\mcufinder
2026-09-17 11:05:57,308 [INFO] DbBoardsJson:57 - Set database path to: C:\Users\Hius\.stmcufinder\plugins\mcufinder//mcu/
2026-09-17 11:05:57,308 [WARN] DbFile:35 - Overriding database path with different value: C:\Users\Hius\.stmcufinder\plugins\mcufinder/ => C:\Users\Hius\.stmcufinder\plugins\mcufinder
2026-09-17 11:05:57,308 [WARN] DbFile:35 - Overriding database path with different value: C:\Users\Hius\.stmcufinder\plugins\mcufinder/ => C:\Users\Hius\.stmcufinder\plugins\mcufinder
2026-09-17 11:05:57,308 [INFO] CrossReferenceDbSqlite:196 - Set database path to: C:\Users\Hius\.stmcufinder\plugins\mcufinder//mcu/cs/
2026-09-17 11:05:57,308 [WARN] DbFile:35 - Overriding database path with different value: C:\Users\Hius\.stmcufinder\plugins\mcufinder/ => C:\Users\Hius\.stmcufinder\plugins\mcufinder
2026-09-17 11:05:57,308 [INFO] DbExamplesSqlite:767 - Set database path to: C:\Users\Hius\.stmcufinder\plugins\mcufinder//mcu/
2026-09-17 11:05:57,354 [INFO] ApplicationProperties:181 - Using Application install path: D:\STM32CubeIDE_1.7.0\STM32CubeIDE\plugins\com.st.stm32cube.common.mx_6.3.0.202107141111
2026-09-17 11:05:57,354 [INFO] PluginManage:188 - Search for loadable plugins [exclusion list=, ]
2026-09-17 11:05:57,354 [INFO] PluginManage:302 - Check plugin analytics
2026-09-17 11:05:57,462 [INFO] AnalyticsPlugin:257 - Accepted Software Licenses: 
2026-09-17 11:05:57,462 [INFO] AnalyticsPlugin:259 - Accepted CMSIS Pack Licenses: 
2026-09-17 11:05:57,462 [INFO] AnalyticsPlugin:261 - Accepted Firmware Licenses: 
2026-09-17 11:05:57,462 [INFO] PluginManage:352 - Loaded plugin analytics (category:tool,tabindex:-1)
2026-09-17 11:05:57,462 [INFO] PluginManage:302 - Check plugin clock
2026-09-17 11:05:57,479 [INFO] PluginManage:352 - Loaded plugin clock (category:base,tabindex:2)
2026-09-17 11:05:57,479 [INFO] PluginManage:302 - Check plugin ddr
2026-09-17 11:05:57,481 [INFO] PluginManage:352 - Loaded plugin ddr (category:tool,tabindex:6)
2026-09-17 11:05:57,481 [INFO] PluginManage:302 - Check plugin filemanager
2026-09-17 11:05:57,573 [INFO] PluginManage:352 - Loaded plugin filemanager (category:base,tabindex:10)
2026-09-17 11:05:57,573 [INFO] PluginManage:302 - Check plugin ipmanager
2026-09-17 11:05:57,573 [INFO] PluginManage:352 - Loaded plugin ipmanager (category:base,tabindex:5)
2026-09-17 11:05:57,573 [INFO] PluginManage:302 - Check plugin pinoutandconfiguration
2026-09-17 11:05:57,589 [INFO] PluginManage:352 - Loaded plugin pinoutandconfiguration (category:base,tabindex:1)
2026-09-17 11:05:57,589 [INFO] PluginManage:302 - Check plugin pinoutconfig
2026-09-17 11:05:57,639 [INFO] PluginManage:352 - Loaded plugin pinoutconfig (category:base,tabindex:0)
2026-09-17 11:05:57,639 [INFO] PluginManage:302 - Check plugin power
2026-09-17 11:05:57,639 [INFO] PluginManage:352 - Loaded plugin power (category:power,tabindex:4)
2026-09-17 11:05:57,639 [INFO] PluginManage:302 - Check plugin projectmanager
2026-09-17 11:05:57,664 [INFO] PluginManage:352 - Loaded plugin projectmanager (category:projectmanager,tabindex:3)
2026-09-17 11:05:57,664 [INFO] PluginManage:302 - Check plugin thirdparty
2026-09-17 11:05:57,763 [INFO] PluginManage:352 - Loaded plugin thirdparty (category:base,tabindex:-1)
2026-09-17 11:05:57,763 [INFO] PluginManage:302 - Check plugin tools
2026-09-17 11:05:57,763 [WARN] IntegrityCheckThread:78 - waiting for thirdparty lock release [integrity check]
2026-09-17 11:05:57,763 [INFO] IntegrityCheckThread:80 - entering critical section [integrity check]
2026-09-17 11:05:57,763 [INFO] ThirdPartyUpdaterWithRetryManager:66 - Updater plugin not ready yet. [1/15]
2026-09-17 11:05:57,763 [INFO] PluginManage:352 - Loaded plugin tools (category:base,tabindex:7)
2026-09-17 11:05:57,763 [INFO] PluginManage:302 - Check plugin tutovideos
2026-09-17 11:05:57,923 [INFO] PluginManage:352 - Loaded plugin tutovideos (category:base,tabindex:-1)
2026-09-17 11:05:57,923 [INFO] PluginManage:302 - Check plugin updater
2026-09-17 11:05:57,945 [INFO] PluginManage:352 - Loaded plugin updater (category:base,tabindex:12)
2026-09-17 11:05:57,945 [INFO] PluginManage:275 - PluginManage : Loaded plugins [13]
2026-09-17 11:05:58,133 [INFO] PinOutPanel:1463 - setPackage(No Configuration,No Configuration)
2026-09-17 11:05:58,192 [INFO] IPUIPlugin:74 - create IPUIPlugin
2026-09-17 11:05:58,192 [INFO] PluginManager:213 - loadIPPluginJar : add adc
2026-09-17 11:05:58,209 [INFO] IPUIPlugin:74 - create IPUIPlugin
2026-09-17 11:05:58,209 [INFO] PluginManager:213 - loadIPPluginJar : add aes
2026-09-17 11:05:58,211 [INFO] IPUIPlugin:74 - create IPUIPlugin
2026-09-17 11:05:58,211 [INFO] PluginManager:213 - loadIPPluginJar : add can
2026-09-17 11:05:58,212 [INFO] IPUIPlugin:74 - create IPUIPlugin
2026-09-17 11:05:58,212 [INFO] PluginManager:213 - loadIPPluginJar : add comp
2026-09-17 11:05:58,213 [INFO] IPUIPlugin:74 - create IPUIPlugin
2026-09-17 11:05:58,213 [INFO] PluginManager:213 - loadIPPluginJar : add cryp
2026-09-17 11:05:58,213 [INFO] IPUIPlugin:74 - create IPUIPlugin
2026-09-17 11:05:58,213 [INFO] PluginManager:213 - loadIPPluginJar : add dfsdm
2026-09-17 11:05:58,213 [INFO] IPUIPlugin:74 - create IPUIPlugin
2026-09-17 11:05:58,213 [INFO] PluginManager:213 - loadIPPluginJar : add dma
2026-09-17 11:05:58,213 [INFO] IPUIPlugin:74 - create IPUIPlugin
2026-09-17 11:05:58,213 [INFO] PluginManager:213 - loadIPPluginJar : add dma3
2026-09-17 11:05:58,213 [INFO] IPUIPlugin:74 - create IPUIPlugin
2026-09-17 11:05:58,213 [INFO] PluginManager:213 - loadIPPluginJar : add fatfs
2026-09-17 11:05:58,224 [INFO] IPUIPlugin:74 - create IPUIPlugin
2026-09-17 11:05:58,224 [INFO] PluginManager:213 - loadIPPluginJar : add fmc
2026-09-17 11:05:58,228 [INFO] IPUIPlugin:74 - create IPUIPlugin
2026-09-17 11:05:58,228 [INFO] PluginManager:213 - loadIPPluginJar : add freertos
2026-09-17 11:05:58,228 [INFO] IPUIPlugin:74 - create IPUIPlugin
2026-09-17 11:05:58,228 [INFO] PluginManager:213 - loadIPPluginJar : add genericplugin
2026-09-17 11:05:58,228 [INFO] IPUIPlugin:74 - create IPUIPlugin
2026-09-17 11:05:58,228 [INFO] PluginManager:213 - loadIPPluginJar : add gfxmmu
2026-09-17 11:05:58,228 [INFO] IPUIPlugin:74 - create IPUIPlugin
2026-09-17 11:05:58,228 [INFO] PluginManager:213 - loadIPPluginJar : add gic
2026-09-17 11:05:58,239 [INFO] IPUIPlugin:74 - create IPUIPlugin
2026-09-17 11:05:58,239 [INFO] PluginManager:213 - loadIPPluginJar : add gpio
2026-09-17 11:05:58,244 [INFO] IPUIPlugin:74 - create IPUIPlugin
2026-09-17 11:05:58,244 [INFO] PluginManager:213 - loadIPPluginJar : add gtzc
2026-09-17 11:05:58,244 [INFO] IPUIPlugin:74 - create IPUIPlugin
2026-09-17 11:05:58,244 [INFO] PluginManager:213 - loadIPPluginJar : add hash
2026-09-17 11:05:58,244 [INFO] IPUIPlugin:74 - create IPUIPlugin
2026-09-17 11:05:58,244 [INFO] PluginManager:213 - loadIPPluginJar : add i2c
2026-09-17 11:05:58,244 [INFO] IPUIPlugin:74 - create IPUIPlugin
2026-09-17 11:05:58,244 [INFO] PluginManager:213 - loadIPPluginJar : add i2s
2026-09-17 11:05:58,244 [INFO] IPUIPlugin:74 - create IPUIPlugin
2026-09-17 11:05:58,244 [INFO] PluginManager:213 - loadIPPluginJar : add ipddr
2026-09-17 11:05:58,256 [INFO] IPUIPlugin:74 - create IPUIPlugin
2026-09-17 11:05:58,256 [INFO] PluginManager:213 - loadIPPluginJar : add linkedlist
2026-09-17 11:05:58,261 [INFO] IPUIPlugin:74 - create IPUIPlugin
2026-09-17 11:05:58,261 [INFO] PluginManager:213 - loadIPPluginJar : add lorawan
2026-09-17 11:05:58,261 [INFO] IPUIPlugin:74 - create IPUIPlugin
2026-09-17 11:05:58,261 [INFO] PluginManager:213 - loadIPPluginJar : add ltdc
2026-09-17 11:05:58,261 [INFO] IPUIPlugin:74 - create IPUIPlugin
2026-09-17 11:05:58,261 [INFO] PluginManager:213 - loadIPPluginJar : add mdma
2026-09-17 11:05:58,261 [INFO] IPUIPlugin:74 - create IPUIPlugin
2026-09-17 11:05:58,261 [INFO] PluginManager:213 - loadIPPluginJar : add nvic
2026-09-17 11:05:58,271 [INFO] IPUIPlugin:74 - create IPUIPlugin
2026-09-17 11:05:58,271 [INFO] PluginManager:213 - loadIPPluginJar : add opamp
2026-09-17 11:05:58,271 [INFO] IPUIPlugin:74 - create IPUIPlugin
2026-09-17 11:05:58,271 [INFO] PluginManager:213 - loadIPPluginJar : add openamp
2026-09-17 11:05:58,271 [INFO] IPUIPlugin:74 - create IPUIPlugin
2026-09-17 11:05:58,271 [INFO] PluginManager:213 - loadIPPluginJar : add pdm2pcm
2026-09-17 11:05:58,277 [INFO] IPUIPlugin:74 - create IPUIPlugin
2026-09-17 11:05:58,277 [INFO] PluginManager:213 - loadIPPluginJar : add plateformsettings
2026-09-17 11:05:58,277 [INFO] IPUIPlugin:74 - create IPUIPlugin
2026-09-17 11:05:58,277 [INFO] PluginManager:213 - loadIPPluginJar : add quadspi
2026-09-17 11:05:58,289 [INFO] IPUIPlugin:74 - create IPUIPlugin
2026-09-17 11:05:58,310 [INFO] PluginManager:213 - loadIPPluginJar : add resmgrutility
2026-09-17 11:05:58,310 [INFO] IPUIPlugin:74 - create IPUIPlugin
2026-09-17 11:05:58,310 [INFO] PluginManager:213 - loadIPPluginJar : add sai
2026-09-17 11:05:58,310 [INFO] IPUIPlugin:74 - create IPUIPlugin
2026-09-17 11:05:58,310 [INFO] PluginManager:213 - loadIPPluginJar : add spi
2026-09-17 11:05:58,319 [INFO] IPUIPlugin:74 - create IPUIPlugin
2026-09-17 11:05:58,319 [INFO] PluginManager:213 - loadIPPluginJar : add stm32_wpan
2026-09-17 11:05:58,319 [INFO] IPUIPlugin:74 - create IPUIPlugin
2026-09-17 11:05:58,319 [INFO] PluginManager:213 - loadIPPluginJar : add tim
2026-09-17 11:05:58,326 [INFO] IPUIPlugin:74 - create IPUIPlugin
2026-09-17 11:05:58,326 [INFO] PluginManager:213 - loadIPPluginJar : add touchsensing
2026-09-17 11:05:58,326 [INFO] IPUIPlugin:74 - create IPUIPlugin
2026-09-17 11:05:58,326 [INFO] PluginManager:213 - loadIPPluginJar : add tracer_emb
2026-09-17 11:05:58,326 [INFO] IPUIPlugin:74 - create IPUIPlugin
2026-09-17 11:05:58,326 [INFO] PluginManager:213 - loadIPPluginJar : add ts
2026-09-17 11:05:58,326 [INFO] IPUIPlugin:74 - create IPUIPlugin
2026-09-17 11:05:58,326 [INFO] PluginManager:213 - loadIPPluginJar : add tsc
2026-09-17 11:05:58,326 [INFO] IPUIPlugin:74 - create IPUIPlugin
2026-09-17 11:05:58,326 [INFO] PluginManager:213 - loadIPPluginJar : add ucpd
2026-09-17 11:05:58,335 [INFO] IPUIPlugin:74 - create IPUIPlugin
2026-09-17 11:05:58,335 [INFO] PluginManager:213 - loadIPPluginJar : add usart
2026-09-17 11:05:58,338 [INFO] IPUIPlugin:74 - create IPUIPlugin
2026-09-17 11:05:58,338 [INFO] PluginManager:213 - loadIPPluginJar : add usbx
2026-09-17 11:05:58,657 [FATAL] Updater:294 - Updater called before beeing initialized
2026-09-17 11:05:58,800 [FATAL] Updater:294 - Updater called before beeing initialized
2026-09-17 11:05:58,800 [INFO] DbMcusAds:47 - JSON generation date=Wed Jul 15 16:44:54 ICT 2026 (1784108694001)
2026-09-17 11:05:58,800 [FATAL] Updater:294 - Updater called before beeing initialized
2026-09-17 11:05:58,836 [WARN] DetailPanel:314 - Failed to get advertising image, set to default
2026-09-17 11:05:58,963 [FATAL] Updater:294 - Updater called before beeing initialized
2026-09-17 11:05:58,963 [FATAL] Updater:294 - Updater called before beeing initialized
2026-09-17 11:05:58,963 [FATAL] Updater:294 - Updater called before beeing initialized
2026-09-17 11:05:58,963 [WARN] DetailPanel:314 - Failed to get advertising image, set to default
2026-09-17 11:05:58,963 [FATAL] Updater:294 - Updater called before beeing initialized
2026-09-17 11:05:59,021 [ERROR] Updater:1075 - MainUpdater not yet initialized. External WinMGr cannot be set.
2026-09-17 11:05:59,035 [INFO] Updater:1012 - Updater Version found : 6.3.0
2026-09-17 11:05:59,037 [INFO] ApplicationProperties:181 - Using Application install path: D:\STM32CubeIDE_1.7.0\STM32CubeIDE\plugins\com.st.stm32cube.common.mx_6.3.0.202107141111
2026-09-17 11:05:59,349 [INFO] MainUpdater:2671 - connection check result : 10
2026-09-17 11:05:59,349 [INFO] MainUpdater:265 - Updater Check For Update Now.
2026-09-17 11:05:59,351 [INFO] MicroXplorer:478 - Change Database Version : DB.6.0.30
2026-09-17 11:05:59,512 [INFO] CheckServerUpdateThread:112 - End of CheckServer Thread
2026-09-17 11:05:59,578 [INFO] MainUpdater:2671 - connection check result : 10
2026-09-17 11:05:59,578 [INFO] McuFinderGlobals:52 - Set McuFinderConnectedMode to true
2026-09-17 11:05:59,783 [INFO] ServerAccessManage:362 - Download File mcusAds.json._tmp_
2026-09-17 11:05:59,908 [INFO] LoadUrlFilesThread:145 - End of LoadUrlFiles Thread
2026-09-17 11:06:00,771 [WARN] MainUpdater:1122 - Updater busy. Cannot search thirdparties
2026-09-17 11:06:00,771 [INFO] ThirdPartyUpdaterWithRetryManager:92 - Updater plugin is busy. [1/15]
2026-09-17 11:06:03,774 [WARN] MainUpdater:1122 - Updater busy. Cannot search thirdparties
2026-09-17 11:06:03,774 [INFO] ThirdPartyUpdaterWithRetryManager:92 - Updater plugin is busy. [2/15]
2026-09-17 11:06:06,780 [WARN] MainUpdater:1122 - Updater busy. Cannot search thirdparties
2026-09-17 11:06:06,780 [INFO] ThirdPartyUpdaterWithRetryManager:92 - Updater plugin is busy. [3/15]
2026-09-17 11:06:09,789 [WARN] MainUpdater:1122 - Updater busy. Cannot search thirdparties
2026-09-17 11:06:09,792 [INFO] ThirdPartyUpdaterWithRetryManager:92 - Updater plugin is busy. [4/15]
2026-09-17 11:06:12,803 [WARN] MainUpdater:1122 - Updater busy. Cannot search thirdparties
2026-09-17 11:06:12,803 [INFO] ThirdPartyUpdaterWithRetryManager:92 - Updater plugin is busy. [5/15]
2026-09-17 11:06:15,812 [WARN] MainUpdater:1122 - Updater busy. Cannot search thirdparties
2026-09-17 11:06:15,812 [INFO] ThirdPartyUpdaterWithRetryManager:92 - Updater plugin is busy. [6/15]
2026-09-17 11:06:18,814 [WARN] MainUpdater:1122 - Updater busy. Cannot search thirdparties
2026-09-17 11:06:18,814 [INFO] ThirdPartyUpdaterWithRetryManager:92 - Updater plugin is busy. [7/15]
2026-09-17 11:06:20,053 [ERROR] ServerAccessManage:1016 - HTTP unexpected response (522) for https://stmcufinder.com/API/getFiles.php?
2026-09-17 11:06:20,053 [ERROR] ServerAccessManage:531 - Error during Access to HTTP Server. : mcusDocs.json._tmp_.
2026-09-17 11:06:21,829 [WARN] MainUpdater:1122 - Updater busy. Cannot search thirdparties
2026-09-17 11:06:21,829 [INFO] ThirdPartyUpdaterWithRetryManager:92 - Updater plugin is busy. [8/15]
2026-09-17 11:06:22,541 [INFO] LoadUrlFilesThread:145 - End of LoadUrlFiles Thread
2026-09-17 11:06:23,654 [INFO] DbMcusAds:47 - JSON generation date=Wed Jul 15 16:44:54 ICT 2026 (1784108694001)
2026-09-17 11:06:23,712 [INFO] DbMcusDocs:143 - JSON generation date=Mon Jun 07 15:53:21 ICT 2021 (1623056001)
2026-09-17 11:06:23,712 [INFO] DbMcusXml:100 - Load MCU database from D:\STM32CubeIDE_1.7.0\STM32CubeIDE\plugins\com.st.stm32cube.common.mx_6.3.0.202107141111\\db\/mcu/families.xml
2026-09-17 11:06:24,222 [INFO] DbMcusJson:93 - JSON generation date=Mon Jun 07 15:53:21 ICT 2021 (1623056001)
2026-09-17 11:06:24,644 [INFO] DbMcus:175 - Found 1951 MCUs (1903 are supported by CubeMX, 1903 are visible in CubeMX)
2026-09-17 11:06:24,644 [INFO] ApiDb:251 - Load user favorites file C:\Users\Hius/.stm32cubeide/favorites.mcus.txt: 0 item(s)
2026-09-17 11:06:24,644 [INFO] ApiDb:255 - User favorites MCUs=[]
2026-09-17 11:06:24,644 [INFO] DbMcus:187 - Set 0 / 0 favorites MCUs
2026-09-17 11:06:24,888 [INFO] DbMcusDocs:79 - Found 669 MCUs documents
2026-09-17 11:06:24,888 [INFO] ApiDb:276 - Save user favorites file C:\Users\Hius/.stm32cubeide/favorites.mcus.txt: 0 item(s)
2026-09-17 11:06:24,888 [INFO] ApiDb:280 - User favorites MCUs=[]
2026-09-17 11:06:24,891 [INFO] DbMcusXml:100 - Load MCU database from D:\STM32CubeIDE_1.7.0\STM32CubeIDE\plugins\com.st.stm32cube.common.mx_6.3.0.202107141111\\db\/mcu/families.xml
2026-09-17 11:06:25,007 [WARN] PackLoader:238 - Cannot read IP mode file for STMicroelectronics.X-CUBE-AZRTOS-H7.3.5.0
2026-09-17 11:06:25,015 [WARN] PackLoader:238 - Cannot read IP mode file for STMicroelectronics.FP-ATR-ASTRA1.2.0.3
2026-09-17 11:06:25,015 [ERROR] Engine:463 - C:\Users\Hius\.stm32cubemx\thirdparties\pdsc\STMicroelectronics.X-CUBE-SMBUS.2.1.1.pdsc: PDSC version is not supported
2026-09-17 11:06:25,065 [WARN] PackLoader:238 - Cannot read IP mode file for STMicroelectronics.X-CUBE-AZRTOS-F7.1.1.0
2026-09-17 11:06:25,065 [ERROR] Engine:463 - C:\Users\Hius\.stm32cubemx\thirdparties\pdsc\STMicroelectronics.X-CUBE-FREERTOS.1.6.0.pdsc: PDSC version is not supported
2026-09-17 11:06:25,065 [ERROR] Engine:463 - C:\Users\Hius\.stm32cubemx\thirdparties\pdsc\STMicroelectronics.FP-SNS-MOTENV1.5.1.0.pdsc: PDSC version is not supported
2026-09-17 11:06:25,078 [WARN] PackLoader:238 - Cannot read IP mode file for STMicroelectronics.X-CUBE-AZRTOS-H7RS.1.3.0
2026-09-17 11:06:25,097 [ERROR] Engine:463 - C:\Users\Hius\.stm32cubemx\thirdparties\pdsc\WES.I-CUBE-Cesium.1.4.0.pdsc: PDSC version is not supported
2026-09-17 11:06:25,099 [ERROR] Engine:463 - C:\Users\Hius\.stm32cubemx\thirdparties\pdsc\STMicroelectronics.X-CUBE-DISPLAY.3.0.0.pdsc: PDSC version is not supported
2026-09-17 11:06:25,106 [WARN] PackLoader:238 - Cannot read IP mode file for STMicroelectronics.X-CUBE-GNSS1.7.1.1
2026-09-17 11:06:25,111 [ERROR] Engine:463 - C:\Users\Hius\.stm32cubemx\thirdparties\pdsc\STMicroelectronics.FP-SNS-MOTENVWB1.1.5.0.pdsc: PDSC version is not supported
2026-09-17 11:06:25,115 [WARN] PackLoader:238 - Cannot read IP mode file for STMicroelectronics.X-CUBE-NFC10.1.0.0
2026-09-17 11:06:25,117 [ERROR] Engine:463 - C:\Users\Hius\.stm32cubemx\thirdparties\pdsc\STMicroelectronics.X-CUBE-ST60.1.1.0.pdsc: PDSC version is not supported
2026-09-17 11:06:25,119 [ERROR] Engine:463 - C:\Users\Hius\.stm32cubemx\thirdparties\pdsc\emotas.I-CUBE-CANOPEN.1.3.0.pdsc: PDSC version is not supported
2026-09-17 11:06:25,123 [WARN] PackLoader:238 - Cannot read IP mode file for wolfSSL.I-CUBE-wolfSSL.5.9.2
2026-09-17 11:06:25,125 [ERROR] Engine:463 - C:\Users\Hius\.stm32cubemx\thirdparties\pdsc\STMicroelectronics.X-CUBE-WBA.1.1.0.pdsc: PDSC version is not supported
2026-09-17 11:06:25,127 [ERROR] Engine:463 - C:\Users\Hius\.stm32cubemx\thirdparties\pdsc\STMicroelectronics.FP-SNS-STBOX1.2.1.0.pdsc: PDSC version is not supported
2026-09-17 11:06:25,129 [ERROR] Engine:463 - C:\Users\Hius\.stm32cubemx\thirdparties\pdsc\STMicroelectronics.FP-SNS-SMARTAG2.1.2.0.pdsc: PDSC version is not supported
2026-09-17 11:06:25,129 [ERROR] Engine:463 - C:\Users\Hius\.stm32cubemx\thirdparties\pdsc\STMicroelectronics.FP-SNS-FLIGHT1.5.1.0.pdsc: PDSC version is not supported
2026-09-17 11:06:25,137 [INFO] LogOutputStream:76 - [STDOUT_REDIRECT] 1 : Invalid condition id : UX_CORESTACK_Condition cause : null
2026-09-17 11:06:25,137 [INFO] LogOutputStream:76 - [STDOUT_REDIRECT] 1 : Invalid condition id : UX_CORESTACK_Condition cause : null
2026-09-17 11:06:25,137 [INFO] LogOutputStream:76 - [STDOUT_REDIRECT] 1 : Invalid condition id : UX_CORESTACK_Condition cause : null
2026-09-17 11:06:25,137 [INFO] LogOutputStream:76 - [STDOUT_REDIRECT] 1 : Invalid condition id : UX_CORESTACK_Condition cause : null
2026-09-17 11:06:25,141 [INFO] LogOutputStream:76 - [STDOUT_REDIRECT] 1 : Invalid condition id : UX_CORESTACK_Condition cause : null
2026-09-17 11:06:25,143 [WARN] PackLoader:238 - Cannot read IP mode file for STMicroelectronics.X-CUBE-AZRTOS-WL.2.0.0
2026-09-17 11:06:25,146 [WARN] PackLoader:238 - Cannot read IP mode file for STMicroelectronics.X-CUBE-BLE2.3.3.0
2026-09-17 11:06:25,146 [ERROR] Engine:463 - C:\Users\Hius\.stm32cubemx\thirdparties\pdsc\Avnet-IOTCONNECT.X-CUBE-iotc-st67-sdk.1.0.0.pdsc: PDSC version is not supported
2026-09-17 11:06:25,157 [ERROR] Engine:463 - C:\Users\Hius\.stm32cubemx\thirdparties\pdsc\Infineon.AIROC-Wi-Fi-Bluetooth-STM32.1.8.0.pdsc: PDSC version is not supported
2026-09-17 11:06:25,157 [WARN] PackLoader:238 - Cannot read IP mode file for STMicroelectronics.X-CUBE-NFC9.1.0.0
2026-09-17 11:06:25,157 [WARN] PackLoader:238 - Cannot read IP mode file for STMicroelectronics.X-CUBE-BLE1.7.1.0
2026-09-17 11:06:25,173 [WARN] PackLoader:238 - Cannot read IP mode file for wolfSSL.I-CUBE-wolfMQTT.1.19.2
2026-09-17 11:06:25,173 [WARN] PackLoader:238 - Cannot read IP mode file for STMicroelectronics.X-CUBE-EEPRMA1.5.2.0
2026-09-17 11:06:25,193 [WARN] PackLoader:238 - Cannot read IP mode file for STMicroelectronics.X-CUBE-AZRTOS-G0.1.1.0
2026-09-17 11:06:25,193 [WARN] PackLoader:238 - Cannot read IP mode file for STMicroelectronics.X-CUBE-NFC4.3.0.0
2026-09-17 11:06:25,205 [ERROR] Engine:463 - C:\Users\Hius\.stm32cubemx\thirdparties\pdsc\EmbeddedOffice.I-CUBE-FS-RTOS.1.0.1.pdsc: PDSC version is not supported
2026-09-17 11:06:25,205 [WARN] PackLoader:238 - Cannot read IP mode file for wolfSSL.I-CUBE-wolfTPM.3.8.0
2026-09-17 11:06:25,205 [ERROR] Engine:463 - C:\Users\Hius\.stm32cubemx\thirdparties\pdsc\STMicroelectronics.X-CUBE-TCPP.4.2.0.pdsc: PDSC version is not supported
2026-09-17 11:06:25,205 [ERROR] Engine:463 - C:\Users\Hius\.stm32cubemx\thirdparties\pdsc\RealThread.X-CUBE-RT-Thread_Nano.4.1.1.pdsc: PDSC version is not supported
2026-09-17 11:06:25,205 [WARN] PackLoader:238 - Cannot read IP mode file for STMicroelectronics.FP-ATR-SIGFOX1.3.2.0
2026-09-17 11:06:25,205 [ERROR] Engine:463 - C:\Users\Hius\.stm32cubemx\thirdparties\pdsc\ITTIA_DB.I-CUBE-ITTIADB.8.9.0.pdsc: PDSC version is not supported
2026-09-17 11:06:25,205 [ERROR] Engine:463 - C:\Users\Hius\.stm32cubemx\thirdparties\pdsc\Cesanta.I-CUBE-Mongoose.7.21.7.pdsc: PDSC version is not supported
2026-09-17 11:06:25,220 [WARN] PackLoader:238 - Cannot read IP mode file for STMicroelectronics.X-CUBE-NFC6.3.2.0
2026-09-17 11:06:25,220 [WARN] PackLoader:238 - Cannot read IP mode file for STMicroelectronics.X-CUBE-AI.10.2.1
2026-09-17 11:06:25,259 [WARN] PackLoader:238 - Cannot read IP mode file for SEGGER.I-CUBE-embOS.1.3.1
2026-09-17 11:06:25,292 [ERROR] Engine:463 - C:\Users\Hius\.stm32cubemx\thirdparties\pdsc\STMicroelectronics.FP-SNS-STAIOTCFT.2.0.0.pdsc: PDSC version is not supported
2026-09-17 11:06:25,296 [WARN] PackLoader:238 - Cannot read IP mode file for STMicroelectronics.X-CUBE-NFC13.1.0.0
2026-09-17 11:06:25,302 [WARN] PackLoader:238 - Cannot read IP mode file for STMicroelectronics.X-CUBE-PM33A1.1.0.0
2026-09-17 11:06:25,336 [INFO] DbMcusJson:93 - JSON generation date=Mon Jun 07 15:53:21 ICT 2021 (1623056001)
2026-09-17 11:06:25,336 [WARN] PackLoader:238 - Cannot read IP mode file for STMicroelectronics.X-CUBE-AZRTOS-F4.1.1.0
2026-09-17 11:06:25,336 [WARN] PackLoader:238 - Cannot read IP mode file for STMicroelectronics.X-CUBE-ISPU.2.1.0
2026-09-17 11:06:25,347 [ERROR] Engine:463 - C:\Users\Hius\.stm32cubemx\thirdparties\pdsc\STMicroelectronics.X-CUBE-IPS.3.2.0.pdsc: PDSC version is not supported
2026-09-17 11:06:25,347 [ERROR] Engine:463 - C:\Users\Hius\.stm32cubemx\thirdparties\pdsc\STMicroelectronics.eDS-WB_DPC_TT-BIDIR.2.1.1.pdsc: PDSC version is not supported
2026-09-17 11:06:25,347 [WARN] PackLoader:238 - Cannot read IP mode file for STMicroelectronics.X-CUBE-NFC12.1.0.0
2026-09-17 11:06:25,373 [WARN] PackLoader:238 - Cannot read IP mode file for STMicroelectronics.X-CUBE-AZRTOS-L5.2.0.0
2026-09-17 11:06:25,382 [WARN] PackLoader:238 - Cannot read IP mode file for STMicroelectronics.X-CUBE-ALGOBUILD.1.5.0
2026-09-17 11:06:25,383 [ERROR] Engine:463 - C:\Users\Hius\.stm32cubemx\thirdparties\pdsc\STMicroelectronics.eDS-WB_DPC_VIENNA.1.2.0.pdsc: PDSC version is not supported
2026-09-17 11:06:25,410 [WARN] PackLoader:238 - Cannot read IP mode file for STMicroelectronics.X-CUBE-MEMS1.13.0.0
2026-09-17 11:06:25,505 [ERROR] Engine:463 - C:\Users\Hius\.stm32cubemx\thirdparties\pdsc\STMicroelectronics.eDS-WB_DPC_3PH2L-BIDIR.1.1.1.pdsc: PDSC version is not supported
2026-09-17 11:06:25,509 [ERROR] Engine:463 - C:\Users\Hius\.stm32cubemx\thirdparties\pdsc\STMicroelectronics.X-CUBE-ST67W61.1.3.0.pdsc: PDSC version is not supported
2026-09-17 11:06:25,512 [WARN] PackLoader:238 - Cannot read IP mode file for STMicroelectronics.X-CUBE-TOUCHGFX.4.26.1
2026-09-17 11:06:25,512 [ERROR] Engine:463 - C:\Users\Hius\.stm32cubemx\thirdparties\pdsc\STMicroelectronics.X-CUBE-DPower.1.3.0.pdsc: PDSC version is not supported
2026-09-17 11:06:25,521 [WARN] ConditionMgr:437 - getConditionDescription Invalid condition id : LAN8742 Phy interface Condition cause : null
2026-09-17 11:06:25,521 [WARN] PackLoader:238 - Cannot read IP mode file for STMicroelectronics.X-CUBE-AZRTOS-L4.2.0.0
2026-09-17 11:06:25,521 [WARN] ConditionMgr:1038 - genDependencies : Invalid condition id : LAN8742 Phy interface Condition cause : null
2026-09-17 11:06:25,521 [WARN] ConditionMgr:1038 - genDependencies : Invalid condition id : LAN8742 Phy interface Condition cause : null
2026-09-17 11:06:25,521 [WARN] ConditionMgr:1038 - genDependencies : Invalid condition id : LAN8742 Phy interface Condition cause : null
2026-09-17 11:06:25,521 [WARN] PackLoader:238 - Cannot read IP mode file for STMicroelectronics.X-CUBE-SFXS2LP1.4.0.0
2026-09-17 11:06:25,537 [WARN] PackLoader:238 - Cannot read IP mode file for STMicroelectronics.X-CUBE-WB05N.2.1.0
2026-09-17 11:06:25,537 [WARN] ConditionMgr:437 - getConditionDescription Invalid condition id : UX DEVICE CLASS RTOS Condition cause : null
2026-09-17 11:06:25,537 [WARN] ConditionMgr:437 - getConditionDescription Invalid condition id : UX DEVICE CLASS RTOS Condition cause : null
2026-09-17 11:06:25,537 [WARN] PackLoader:238 - Cannot read IP mode file for STMicroelectronics.X-CUBE-AZRTOS-WB.2.0.0
2026-09-17 11:06:25,537 [WARN] ConditionMgr:1038 - genDependencies : Invalid condition id : UX DEVICE CLASS RTOS Condition cause : null
2026-09-17 11:06:25,537 [WARN] ConditionMgr:1038 - genDependencies : Invalid condition id : UX DEVICE CLASS RTOS Condition cause : null
2026-09-17 11:06:25,537 [WARN] ConditionMgr:1038 - genDependencies : Invalid condition id : UX DEVICE CLASS RTOS Condition cause : null
2026-09-17 11:06:25,537 [WARN] ConditionMgr:1038 - genDependencies : Invalid condition id : UX DEVICE CLASS RTOS Condition cause : null
2026-09-17 11:06:25,537 [WARN] ConditionMgr:1038 - genDependencies : Invalid condition id : UX DEVICE CLASS RTOS Condition cause : null
2026-09-17 11:06:25,553 [ERROR] Engine:463 - C:\Users\Hius\.stm32cubemx\thirdparties\pdsc\quantropi.X-CUBE-qispace-sdk-base.2.1.0.pdsc: PDSC version is not supported
2026-09-17 11:06:25,553 [WARN] PackLoader:238 - Cannot read IP mode file for STMicroelectronics.X-CUBE-STSE01.2.0.0
2026-09-17 11:06:25,568 [WARN] PackLoader:238 - Cannot read IP mode file for STMicroelectronics.X-CUBE-SUBG2.5.0.0
2026-09-17 11:06:25,584 [WARN] PackLoader:238 - Cannot read IP mode file for STMicroelectronics.X-CUBE-AZRTOS-G4.2.0.0
2026-09-17 11:06:25,620 [WARN] PackLoader:238 - Cannot read IP mode file for wolfSSL.I-CUBE-wolfSSH.1.4.20
2026-09-17 11:06:25,620 [WARN] PackLoader:238 - Cannot read IP mode file for STMicroelectronics.X-CUBE-NFC7.2.0.0
2026-09-17 11:06:25,620 [ERROR] Engine:463 - C:\Users\Hius\.stm32cubemx\thirdparties\pdsc\STMicroelectronics.X-CUBE-BLEMGR.4.2.0.pdsc: PDSC version is not supported
2026-09-17 11:06:25,620 [ERROR] Engine:463 - C:\Users\Hius\.stm32cubemx\thirdparties\pdsc\STMicroelectronics.X-CUBE-ALS.1.0.2.pdsc: PDSC version is not supported
2026-09-17 11:06:25,620 [ERROR] Engine:463 - C:\Users\Hius\.stm32cubemx\thirdparties\pdsc\STMicroelectronics.X-CUBE-TOF1.3.4.3.pdsc: PDSC version is not supported
2026-09-17 11:06:25,620 [INFO] ThirdParty:915 - Integrity check success = true
2026-09-17 11:06:25,620 [INFO] IntegrityCheckThread:94 - exiting critical section [integrity check]
2026-09-17 11:06:25,632 [INFO] IntegrityCheckThread:97 - End integrity checks thread
2026-09-17 11:06:25,696 [INFO] DbMcus:175 - Found 1951 MCUs (1903 are supported by CubeMX, 1903 are visible in CubeMX)
2026-09-17 11:06:25,696 [INFO] ApiDb:251 - Load user favorites file C:\Users\Hius/.stm32cubeide/favorites.mcus.txt: 0 item(s)
2026-09-17 11:06:25,696 [INFO] ApiDb:255 - User favorites MCUs=[]
2026-09-17 11:06:25,696 [INFO] DbMcus:187 - Set 0 / 0 favorites MCUs
2026-09-17 11:06:25,718 [INFO] DbBoardsDocs:143 - JSON generation date=Tue Jun 01 12:52:40 ICT 2021 (1622526760)
2026-09-17 11:06:25,727 [INFO] DbBoardsPdsc:90 - Found 25 items
2026-09-17 11:06:25,729 [INFO] DbBoardsPdsc:90 - Found 9 items
2026-09-17 11:06:25,731 [INFO] DbBoardsPdsc:90 - Found 33 items
2026-09-17 11:06:25,731 [INFO] DbBoardsPdsc:90 - Found 1 items
2026-09-17 11:06:25,735 [INFO] DbBoardsPdsc:90 - Found 48 items
2026-09-17 11:06:25,737 [INFO] DbBoardsPdsc:90 - Found 43 items
2026-09-17 11:06:25,737 [INFO] DbBoardsPdsc:90 - Found 2 items
2026-09-17 11:06:25,737 [INFO] DbBoardsPdsc:90 - Found 5 items
2026-09-17 11:06:25,743 [WARN] DbBoardsPdsc:254 - Board STM32H7B3I-DK: unknown feature type=Audio, name=, username=Audio stereo codec with Headphone Amp (CS42L51-CNZ), n=1
2026-09-17 11:06:25,743 [WARN] DbBoardsPdsc:254 - Board STM32H735G-DK: unknown feature type=Audio, name=, username=Audio stereo codec with Headphone Amp (WM8994ECS/R), n=1
2026-09-17 11:06:25,743 [WARN] DbBoardsPdsc:254 - Board STM32H7B3I-EVAL: unknown feature type=Audio, name=, username=Multi-Channel Audio Codec (CS42L51-CNZ), n=1
2026-09-17 11:06:25,743 [WARN] DbBoardsPdsc:254 - Board STM32H7B3I-EVAL: unknown feature type=Meter, name=, username=Power-metering and Temperature-monitoring with sigma-delta modulators, n=1
2026-09-17 11:06:25,743 [WARN] DbBoardsPdsc:254 - Board STM32H7B3I-EVAL: unknown feature type=Motor, name=, username=Motor Control, n=1
2026-09-17 11:06:25,743 [WARN] DbBoardsPdsc:254 - Board STM32U575I-EV: unknown feature type=joystick, name=, username=4-direction joystick with selection button, n=1
2026-09-17 11:06:25,754 [INFO] DbBoardsJson:86 - JSON generation date=Tue Jun 01 12:52:40 ICT 2021 (1622526760)
2026-09-17 11:06:25,770 [INFO] DbBoards:117 - Found 166 boards (163 are supported by CubeMX)
2026-09-17 11:06:25,777 [INFO] DbBoardsDocs:143 - JSON generation date=Tue Jun 01 12:52:40 ICT 2021 (1622526760)
2026-09-17 11:06:25,791 [INFO] DbBoardsDocs:79 - Found 193 boards documents
2026-09-17 11:06:25,791 [WARN] DbBoards:127 - board B-L462E-CELL1 has no document id list !
2026-09-17 11:06:25,791 [WARN] DbBoards:127 - board B-L475E-IOT01A2 has no document id list !
2026-09-17 11:06:25,791 [WARN] DbBoards:127 - board B-U585I-IOT02A has no document id list !
2026-09-17 11:06:25,791 [WARN] DbBoards:127 - board NUCLEO-G0B1RE has no document id list !
2026-09-17 11:06:25,791 [WARN] DbBoards:127 - board NUCLEO-H743ZI has no document id list !
2026-09-17 11:06:25,791 [WARN] DbBoards:127 - board NUCLEO-L4A6ZG has no document id list !
2026-09-17 11:06:25,793 [WARN] DbBoards:127 - board NUCLEO-U575ZI-Q has no document id list !
2026-09-17 11:06:25,793 [WARN] DbBoards:127 - board NUCLEO-WB15CC has no document id list !
2026-09-17 11:06:25,793 [WARN] DbBoards:127 - board NUCLEO-WB55RG has no document id list !
2026-09-17 11:06:25,793 [WARN] DbBoards:127 - board NUCLEO-WL55JC2 has no document id list !
2026-09-17 11:06:25,793 [WARN] DbBoards:127 - board P-NUCLEO-WB55-Nucleo has no document id list !
2026-09-17 11:06:25,793 [WARN] DbBoards:127 - board P-NUCLEO-WB55-USBDongle has no document id list !
2026-09-17 11:06:25,793 [WARN] DbBoards:127 - board STEVAL-BFA001V1B has no document id list !
2026-09-17 11:06:25,793 [WARN] DbBoards:127 - board STEVAL-BFA001V2B has no document id list !
2026-09-17 11:06:25,793 [WARN] DbBoards:127 - board STEVAL-IDP005V1 has no document id list !
2026-09-17 11:06:25,793 [WARN] DbBoards:127 - board STEVAL-IDP005V2 has no document id list !
2026-09-17 11:06:25,793 [WARN] DbBoards:127 - board STEVAL-MKSBOX1V1 has no document id list !
2026-09-17 11:06:25,793 [WARN] DbBoards:127 - board STEVAL-STWINKT1 has no document id list !
2026-09-17 11:06:25,793 [WARN] DbBoards:127 - board STEVAL-STWINKT1B has no document id list !
2026-09-17 11:06:25,793 [WARN] DbBoards:127 - board STM32F401C-DISCO has no document id list !
2026-09-17 11:06:25,793 [WARN] DbBoards:127 - board STM32F769I-DISC1 has no document id list !
2026-09-17 11:06:25,793 [WARN] DbBoards:127 - board STM32G0C1E-EV has no document id list !
2026-09-17 11:06:25,793 [WARN] DbBoards:127 - board STM32G474E-EVAL1 has no document id list !
2026-09-17 11:06:25,793 [WARN] DbBoards:127 - board STM32H743I-EVAL2 has no document id list !
2026-09-17 11:06:25,793 [WARN] DbBoards:127 - board STM32H747I-DISC1 has no document id list !
2026-09-17 11:06:25,793 [WARN] DbBoards:127 - board STM32H753I-EVAL2 has no document id list !
2026-09-17 11:06:25,793 [WARN] DbBoards:127 - board STM32L-DISCOVERY has no document id list !
2026-09-17 11:06:25,793 [WARN] DbBoards:127 - board STM32MP157A-DK1 has no document id list !
2026-09-17 11:06:25,793 [WARN] DbBoards:127 - board STM32MP157D-DK1 has no document id list !
2026-09-17 11:06:25,793 [WARN] DbBoards:127 - board STM32MP157D-EV1 has no document id list !
2026-09-17 11:06:25,793 [WARN] DbBoards:127 - board STM32MP157F-DK2 has no document id list !
2026-09-17 11:06:25,793 [WARN] DbBoards:127 - board STM32MP157F-EV1 has no document id list !
2026-09-17 11:06:25,793 [WARN] DbBoards:127 - board STM32U575I-EV has no document id list !
2026-09-17 11:06:25,793 [WARN] DbBoards:127 - board STM32WB5MM-DK has no document id list !
2026-09-17 11:06:27,077 [INFO] ApiDb:251 - Load user favorites file C:\Users\Hius/.stm32cubeide/favorites.boards.txt: 0 item(s)
2026-09-17 11:06:27,077 [INFO] ApiDb:255 - User favorites Boards=[]
2026-09-17 11:06:27,077 [INFO] DbBoards:206 - Set 0 / 0 favorites Boards
2026-09-17 11:06:27,093 [INFO] DbBoardsDocs:79 - Found 386 boards documents
2026-09-17 11:06:27,093 [INFO] ApiDb:276 - Save user favorites file C:\Users\Hius/.stm32cubeide/favorites.boards.txt: 0 item(s)
2026-09-17 11:06:27,093 [INFO] ApiDb:280 - User favorites Boards=[]
2026-09-17 11:06:27,093 [INFO] DbBoardsPdsc:90 - Found 25 items
2026-09-17 11:06:27,093 [INFO] DbBoardsPdsc:90 - Found 9 items
2026-09-17 11:06:27,093 [INFO] DbBoardsPdsc:90 - Found 33 items
2026-09-17 11:06:27,093 [INFO] DbBoardsPdsc:90 - Found 1 items
2026-09-17 11:06:27,093 [INFO] DbBoardsPdsc:90 - Found 48 items
2026-09-17 11:06:27,109 [INFO] DbBoardsPdsc:90 - Found 43 items
2026-09-17 11:06:27,109 [INFO] DbBoardsPdsc:90 - Found 2 items
2026-09-17 11:06:27,109 [INFO] DbBoardsPdsc:90 - Found 5 items
2026-09-17 11:06:27,111 [WARN] DbBoardsPdsc:254 - Board STM32H7B3I-DK: unknown feature type=Audio, name=, username=Audio stereo codec with Headphone Amp (CS42L51-CNZ), n=1
2026-09-17 11:06:27,111 [WARN] DbBoardsPdsc:254 - Board STM32H735G-DK: unknown feature type=Audio, name=, username=Audio stereo codec with Headphone Amp (WM8994ECS/R), n=1
2026-09-17 11:06:27,113 [WARN] DbBoardsPdsc:254 - Board STM32H7B3I-EVAL: unknown feature type=Audio, name=, username=Multi-Channel Audio Codec (CS42L51-CNZ), n=1
2026-09-17 11:06:27,113 [WARN] DbBoardsPdsc:254 - Board STM32H7B3I-EVAL: unknown feature type=Meter, name=, username=Power-metering and Temperature-monitoring with sigma-delta modulators, n=1
2026-09-17 11:06:27,113 [WARN] DbBoardsPdsc:254 - Board STM32H7B3I-EVAL: unknown feature type=Motor, name=, username=Motor Control, n=1
2026-09-17 11:06:27,113 [WARN] DbBoardsPdsc:254 - Board STM32U575I-EV: unknown feature type=joystick, name=, username=4-direction joystick with selection button, n=1
2026-09-17 11:06:27,126 [INFO] DbBoardsJson:86 - JSON generation date=Tue Jun 01 12:52:40 ICT 2021 (1622526760)
2026-09-17 11:06:27,132 [INFO] DbBoards:117 - Found 166 boards (163 are supported by CubeMX)
2026-09-17 11:06:27,132 [WARN] DbBoards:127 - board B-L462E-CELL1 has no document id list !
2026-09-17 11:06:27,132 [WARN] DbBoards:127 - board B-L475E-IOT01A2 has no document id list !
2026-09-17 11:06:27,132 [WARN] DbBoards:127 - board B-U585I-IOT02A has no document id list !
2026-09-17 11:06:27,132 [WARN] DbBoards:127 - board NUCLEO-G0B1RE has no document id list !
2026-09-17 11:06:27,132 [WARN] DbBoards:127 - board NUCLEO-H743ZI has no document id list !
2026-09-17 11:06:27,132 [WARN] DbBoards:127 - board NUCLEO-L4A6ZG has no document id list !
2026-09-17 11:06:27,132 [WARN] DbBoards:127 - board NUCLEO-U575ZI-Q has no document id list !
2026-09-17 11:06:27,132 [WARN] DbBoards:127 - board NUCLEO-WB15CC has no document id list !
2026-09-17 11:06:27,132 [WARN] DbBoards:127 - board NUCLEO-WB55RG has no document id list !
2026-09-17 11:06:27,132 [WARN] DbBoards:127 - board NUCLEO-WL55JC2 has no document id list !
2026-09-17 11:06:27,132 [WARN] DbBoards:127 - board P-NUCLEO-WB55-Nucleo has no document id list !
2026-09-17 11:06:27,132 [WARN] DbBoards:127 - board P-NUCLEO-WB55-USBDongle has no document id list !
2026-09-17 11:06:27,132 [WARN] DbBoards:127 - board STEVAL-BFA001V1B has no document id list !
2026-09-17 11:06:27,132 [WARN] DbBoards:127 - board STEVAL-BFA001V2B has no document id list !
2026-09-17 11:06:27,132 [WARN] DbBoards:127 - board STEVAL-IDP005V1 has no document id list !
2026-09-17 11:06:27,132 [WARN] DbBoards:127 - board STEVAL-IDP005V2 has no document id list !
2026-09-17 11:06:27,132 [WARN] DbBoards:127 - board STEVAL-MKSBOX1V1 has no document id list !
2026-09-17 11:06:27,132 [WARN] DbBoards:127 - board STEVAL-STWINKT1 has no document id list !
2026-09-17 11:06:27,132 [WARN] DbBoards:127 - board STEVAL-STWINKT1B has no document id list !
2026-09-17 11:06:27,132 [WARN] DbBoards:127 - board STM32F401C-DISCO has no document id list !
2026-09-17 11:06:27,132 [WARN] DbBoards:127 - board STM32F769I-DISC1 has no document id list !
2026-09-17 11:06:27,132 [WARN] DbBoards:127 - board STM32G0C1E-EV has no document id list !
2026-09-17 11:06:27,132 [WARN] DbBoards:127 - board STM32G474E-EVAL1 has no document id list !
2026-09-17 11:06:27,132 [WARN] DbBoards:127 - board STM32H743I-EVAL2 has no document id list !
2026-09-17 11:06:27,132 [WARN] DbBoards:127 - board STM32H747I-DISC1 has no document id list !
2026-09-17 11:06:27,132 [WARN] DbBoards:127 - board STM32H753I-EVAL2 has no document id list !
2026-09-17 11:06:27,132 [WARN] DbBoards:127 - board STM32L-DISCOVERY has no document id list !
2026-09-17 11:06:27,132 [WARN] DbBoards:127 - board STM32MP157A-DK1 has no document id list !
2026-09-17 11:06:27,134 [WARN] DbBoards:127 - board STM32MP157D-DK1 has no document id list !
2026-09-17 11:06:27,134 [WARN] DbBoards:127 - board STM32MP157D-EV1 has no document id list !
2026-09-17 11:06:27,134 [WARN] DbBoards:127 - board STM32MP157F-DK2 has no document id list !
2026-09-17 11:06:27,134 [WARN] DbBoards:127 - board STM32MP157F-EV1 has no document id list !
2026-09-17 11:06:27,134 [WARN] DbBoards:127 - board STM32U575I-EV has no document id list !
2026-09-17 11:06:27,134 [WARN] DbBoards:127 - board STM32WB5MM-DK has no document id list !
2026-09-17 11:06:28,024 [INFO] ApiDb:251 - Load user favorites file C:\Users\Hius/.stm32cubeide/favorites.boards.txt: 0 item(s)
2026-09-17 11:06:28,024 [INFO] ApiDb:255 - User favorites Boards=[]
2026-09-17 11:06:28,024 [INFO] DbBoards:206 - Set 0 / 0 favorites Boards
2026-09-17 11:06:28,024 [ERROR] TargetSelectorAdapter:232 - Unable to refresh data
2026-09-17 11:06:28,122 [INFO] McuFinderGlobals:52 - Set McuFinderConnectedMode to false
2026-09-17 11:06:28,199 [INFO] CrossSelectorPresenter:1330 - Cross Selector saved comparison directory: C:\Users\Hius\.stmcufinder\plugins\mcufinder\mcu\cs_comparisons_mx
2026-09-17 11:06:28,218 [INFO] MultiScanPanel:197 - Auto-refresh data requested => check proxy status ongoing
2026-09-17 11:06:28,218 [INFO] MultiScanPanel:201 - Proxy status is invalid
2026-09-17 11:06:28,220 [INFO] FinderPluginLoader:87 - Searching for filters in installed packs
2026-09-17 11:06:28,503 [WARN] DetailPanel:314 - Failed to get advertising image, set to default
2026-09-17 11:07:33,076 [INFO] MainUpdater:2671 - connection check result : 10
2026-09-17 11:07:33,076 [INFO] MainUpdater:2671 - connection check result : 10
2026-09-17 11:07:33,124 [INFO] MicroXplorer:448 - Change Database Path : 
2026-09-17 11:07:33,126 [INFO] MicroXplorer:478 - Change Database Version : DB.6.0.30
2026-09-17 11:07:33,126 [WARN] ThirdParty:813 - waiting for thirdparty lock release [close project]
2026-09-17 11:07:33,126 [INFO] ThirdParty:815 - entering critical section [close project]
2026-09-17 11:07:33,127 [INFO] ThirdParty:825 - exiting critical section [close project]
2026-09-17 11:07:33,130 [INFO] PinOutPanel:1463 - setPackage(No Configuration,No Configuration)
2026-09-17 11:07:33,130 [INFO] UtilMem:74 - Begin LoadConfig() Used Memory: 831352208 Bytes (899678208)
2026-09-17 11:07:33,132 [INFO] MicroXplorer:448 - Change Database Path : 
2026-09-17 11:07:33,132 [INFO] MicroXplorer:478 - Change Database Version : DB.6.0.30
2026-09-17 11:07:33,132 [INFO] OpenFileManager:313 - Change cursor
2026-09-17 11:07:33,697 [INFO] Context:592 - Trying to add GPIOservice into a context  which must be forbidden
2026-09-17 11:07:33,836 [INFO] ImportTextPane:167 - (OptionalMessage_ERROR) Unable to find key (Mcu.ThirdPartyNb) in loaded IOC file
2026-09-17 11:07:33,836 [INFO] ImportTextPane:167 - (OptionalMessage_ERROR) Unable to find key (Mcu.PinsNb) in loaded IOC file
2026-09-17 11:07:33,836 [INFO] ImportTextPane:167 - (OptionalMessage_ERROR) Unable to find key (Mcu.IPNb) in loaded IOC file
2026-09-17 11:07:33,868 [WARN] ApiManager:304 - Cannot register API 'Board Extension:PM33A1' from pack STMicroelectronics.X-CUBE-PM33A1.1.0.0: no header file found
2026-09-17 11:07:33,870 [WARN] ApiManager:304 - Cannot register API 'Board Extension:NFC09A1' from pack STMicroelectronics.X-CUBE-NFC9.1.0.0: no header file found
2026-09-17 11:07:33,872 [WARN] ApiManager:304 - Cannot register API 'Wireless:BlueNRG-MS' from pack STMicroelectronics.X-CUBE-BLE1.7.1.0: no header file found
2026-09-17 11:07:33,874 [WARN] ApiManager:304 - Cannot register API 'Board Extension:EEPRMA2' from pack STMicroelectronics.X-CUBE-EEPRMA1.5.2.0: no header file found
2026-09-17 11:07:33,874 [WARN] ApiManager:304 - Cannot register API 'Board Extension:PGEEZ1' from pack STMicroelectronics.X-CUBE-EEPRMA1.5.2.0: no header file found
2026-09-17 11:07:33,874 [WARN] ApiManager:304 - Cannot register API 'Board Extension:EEICA1' from pack STMicroelectronics.X-CUBE-EEPRMA1.5.2.0: no header file found
2026-09-17 11:07:33,874 [WARN] ApiManager:304 - Cannot register API 'Board Part:M24' from pack STMicroelectronics.X-CUBE-EEPRMA1.5.2.0: no header file found
2026-09-17 11:07:33,874 [WARN] ApiManager:304 - Cannot register API 'Board Part:M95' from pack STMicroelectronics.X-CUBE-EEPRMA1.5.2.0: no header file found
2026-09-17 11:07:33,874 [WARN] ApiManager:304 - Cannot register API 'Board Part:M95P32' from pack STMicroelectronics.X-CUBE-EEPRMA1.5.2.0: no header file found
2026-09-17 11:07:33,874 [WARN] ApiManager:304 - Cannot register API 'Board Part:M24256E-F' from pack STMicroelectronics.X-CUBE-EEPRMA1.5.2.0: no header file found
2026-09-17 11:07:33,874 [WARN] ApiManager:304 - Cannot register API 'Board Part:M24M01E-F' from pack STMicroelectronics.X-CUBE-EEPRMA1.5.2.0: no header file found
2026-09-17 11:07:33,874 [WARN] ApiManager:304 - Cannot register API 'PGEEZ1:SPI' from pack STMicroelectronics.X-CUBE-EEPRMA1.5.2.0: no header file found
2026-09-17 11:07:33,874 [WARN] ApiManager:304 - Cannot register API 'PGEEZ1:QDSPI' from pack STMicroelectronics.X-CUBE-EEPRMA1.5.2.0: no header file found
2026-09-17 11:07:33,876 [WARN] ApiManager:304 - Cannot register API 'Board Extension:NFC12A1' from pack STMicroelectronics.X-CUBE-NFC12.1.0.0: no header file found
2026-09-17 11:07:33,880 [WARN] ApiManager:304 - Cannot register API 'Board Extension:SAFEA1' from pack STMicroelectronics.X-CUBE-STSE01.2.0.0: no header file found
2026-09-17 11:07:33,880 [WARN] ApiManager:304 - Cannot register API 'Board Extension:ESE01A1' from pack STMicroelectronics.X-CUBE-STSE01.2.0.0: no header file found
2026-09-17 11:07:33,880 [WARN] ApiManager:304 - Cannot register API 'Board Extension:ESE02A1' from pack STMicroelectronics.X-CUBE-STSE01.2.0.0: no header file found
2026-09-17 11:07:33,880 [WARN] ApiManager:304 - Cannot register API 'Board Part:STSAFEA110' from pack STMicroelectronics.X-CUBE-STSE01.2.0.0: no header file found
2026-09-17 11:07:33,880 [WARN] ApiManager:304 - Cannot register API 'Board Part:STSAFEA120' from pack STMicroelectronics.X-CUBE-STSE01.2.0.0: no header file found
2026-09-17 11:07:33,880 [WARN] ApiManager:304 - Cannot register API 'Board Part:STSAFEL010' from pack STMicroelectronics.X-CUBE-STSE01.2.0.0: no header file found
2026-09-17 11:07:33,880 [WARN] ApiManager:304 - Cannot register API 'Security:STM32_Cryptographic' from pack STMicroelectronics.X-CUBE-STSE01.2.0.0: no header file found
2026-09-17 11:07:33,882 [WARN] ApiManager:304 - Cannot register API 'Security:STSELib' from pack STMicroelectronics.X-CUBE-STSE01.2.0.0: no header file found
2026-09-17 11:07:33,882 [INFO] RtosManager:484 - Registered RTOS mode: class=CMSIS, group=RTOS, mode=CMSIS_V1, owner=FREERTOS
2026-09-17 11:07:33,882 [INFO] RtosManager:484 - Registered RTOS mode: class=CMSIS, group=RTOS2, mode=CMSIS_V2, owner=FREERTOS
2026-09-17 11:07:33,882 [INFO] RtosManager:484 - Registered RTOS mode: class=RTOS, group=Core, mode=CMSIS_V1, owner=FREERTOS
2026-09-17 11:07:33,882 [INFO] RtosManager:484 - Registered RTOS mode: class=RTOS, group=Core, mode=CMSIS_V2, owner=FREERTOS
2026-09-17 11:07:33,882 [WARN] ModelIntegratedComponent:181 - Missing modes for component STMicroelectronics:FreeRTOS:0.0.1:STMicroelectronics:RTOS:FreeRTOS:Core:::10.2.0:
2026-09-17 11:07:33,882 [WARN] ApiManager:304 - Cannot register API 'Board Extension:NFC04A1' from pack STMicroelectronics.X-CUBE-NFC4.3.0.0: no header file found
2026-09-17 11:07:33,888 [WARN] ApiManager:304 - Cannot register API 'Board Extension:S2868A1' from pack STMicroelectronics.X-CUBE-SUBG2.5.0.0: no header file found
2026-09-17 11:07:33,888 [WARN] ApiManager:304 - Cannot register API 'Board Extension:S2868A2' from pack STMicroelectronics.X-CUBE-SUBG2.5.0.0: no header file found
2026-09-17 11:07:33,888 [WARN] ApiManager:304 - Cannot register API 'Board Extension:S2915A1' from pack STMicroelectronics.X-CUBE-SUBG2.5.0.0: no header file found
2026-09-17 11:07:33,977 [WARN] ApiManager:304 - Cannot register API 'Board Extension:IKS02A1' from pack STMicroelectronics.X-CUBE-MEMS1.13.0.0: no header file found
2026-09-17 11:07:33,977 [WARN] ApiManager:304 - Cannot register API 'Board Extension:IKS4A1' from pack STMicroelectronics.X-CUBE-MEMS1.13.0.0: no header file found
2026-09-17 11:07:33,977 [WARN] ApiManager:304 - Cannot register API 'Board Extension:IKS5A1' from pack STMicroelectronics.X-CUBE-MEMS1.13.0.0: no header file found
2026-09-17 11:07:33,985 [WARN] ApiManager:304 - Cannot register API 'Board Extension:NFC07A1' from pack STMicroelectronics.X-CUBE-NFC7.2.0.0: no header file found
2026-09-17 11:07:33,985 [WARN] ApiManager:304 - Cannot register API 'Board Extension:GNSS1A1' from pack STMicroelectronics.X-CUBE-GNSS1.7.1.1: no header file found
2026-09-17 11:07:33,985 [WARN] ApiManager:304 - Cannot register API 'Board Support:Custom' from pack STMicroelectronics.X-CUBE-GNSS1.7.1.1: no header file found
2026-09-17 11:07:33,985 [WARN] ApiManager:304 - Cannot register API 'Data Exchange:lib_gnss' from pack STMicroelectronics.X-CUBE-GNSS1.7.1.1: no header file found
2026-09-17 11:07:33,985 [WARN] ApiManager:304 - Cannot register API 'Board Extension:NFC10A1' from pack STMicroelectronics.X-CUBE-NFC10.1.0.0: no header file found
2026-09-17 11:07:33,985 [WARN] ModelIntegratedComponent:60 - No mode defined for component null
2026-09-17 11:07:33,985 [WARN] ModelIntegratedComponent:60 - No mode defined for component null
2026-09-17 11:07:33,985 [WARN] ModelIntegratedComponent:60 - No mode defined for component null
2026-09-17 11:07:33,985 [WARN] ModelIntegratedComponent:60 - No mode defined for component null
2026-09-17 11:07:33,985 [WARN] ModelIntegratedComponent:60 - No mode defined for component null
2026-09-17 11:07:33,985 [WARN] ModelIntegratedComponent:60 - No mode defined for component null
2026-09-17 11:07:33,985 [WARN] ModelIntegratedComponent:60 - No mode defined for component null
2026-09-17 11:07:33,985 [WARN] ModelIntegratedComponent:60 - No mode defined for component null
2026-09-17 11:07:33,985 [WARN] ModelIntegratedComponent:60 - No mode defined for component null
2026-09-17 11:07:33,985 [WARN] ModelIntegratedComponent:60 - No mode defined for component null
2026-09-17 11:07:33,985 [WARN] ModelIntegratedComponent:60 - No mode defined for component null
2026-09-17 11:07:33,985 [WARN] ModelIntegratedComponent:60 - No mode defined for component null
2026-09-17 11:07:33,985 [WARN] ModelIntegratedComponent:60 - No mode defined for component null
2026-09-17 11:07:33,985 [WARN] ModelIntegratedComponent:60 - No mode defined for component null
2026-09-17 11:07:33,985 [WARN] ModelIntegratedComponent:60 - No mode defined for component null
2026-09-17 11:07:33,985 [WARN] ModelIntegratedComponent:60 - No mode defined for component null
2026-09-17 11:07:33,985 [WARN] ModelIntegratedComponent:60 - No mode defined for component null
2026-09-17 11:07:33,985 [WARN] ModelIntegratedComponent:60 - No mode defined for component null
2026-09-17 11:07:33,985 [WARN] ModelIntegratedComponent:60 - No mode defined for component null
2026-09-17 11:07:33,985 [WARN] ModelIntegratedComponent:60 - No mode defined for component null
2026-09-17 11:07:33,985 [WARN] ModelIntegratedComponent:60 - No mode defined for component null
2026-09-17 11:07:33,985 [WARN] ModelIntegratedComponent:60 - No mode defined for component null
2026-09-17 11:07:33,985 [WARN] ModelIntegratedComponent:60 - No mode defined for component null
2026-09-17 11:07:33,985 [WARN] ModelIntegratedComponent:60 - No mode defined for component null
2026-09-17 11:07:33,985 [WARN] ModelIntegratedComponent:60 - No mode defined for component null
2026-09-17 11:07:33,985 [WARN] ModelIntegratedComponent:60 - No mode defined for component null
2026-09-17 11:07:33,985 [WARN] ModelIntegratedComponent:60 - No mode defined for component null
2026-09-17 11:07:33,985 [WARN] ModelIntegratedComponent:60 - No mode defined for component null
2026-09-17 11:07:33,985 [WARN] ModelIntegratedComponent:60 - No mode defined for component null
2026-09-17 11:07:33,985 [WARN] ModelIntegratedComponent:60 - No mode defined for component null
2026-09-17 11:07:33,985 [WARN] ModelIntegratedComponent:60 - No mode defined for component null
2026-09-17 11:07:33,985 [WARN] ApiManager:304 - Cannot register API 'Board Extension:NFC06A1' from pack STMicroelectronics.X-CUBE-NFC6.3.2.0: no header file found
2026-09-17 11:07:33,985 [WARN] ApiManager:304 - Cannot register API 'Board Extension:NFC08A1' from pack STMicroelectronics.X-CUBE-NFC6.3.2.0: no header file found
2026-09-17 11:07:33,985 [WARN] ApiManager:304 - Cannot register API 'Board Extension:S2868A1' from pack STMicroelectronics.X-CUBE-SFXS2LP1.4.0.0: no header file found
2026-09-17 11:07:33,985 [WARN] ApiManager:304 - Cannot register API 'Board Extension:S2868A2' from pack STMicroelectronics.X-CUBE-SFXS2LP1.4.0.0: no header file found
2026-09-17 11:07:33,985 [WARN] ApiManager:304 - Cannot register API 'Board Extension:S2915A1' from pack STMicroelectronics.X-CUBE-SFXS2LP1.4.0.0: no header file found
2026-09-17 11:07:33,985 [WARN] ApiManager:304 - Cannot register API 'Wireless:BlueNRG-2' from pack STMicroelectronics.X-CUBE-BLE2.3.3.0: no header file found
2026-09-17 11:07:33,985 [WARN] ApiManager:304 - Cannot register API 'Board Extension:NFC13A1' from pack STMicroelectronics.X-CUBE-NFC13.1.0.0: no header file found
2026-09-17 11:07:33,985 [WARN] ApiManager:304 - Cannot register API 'Wireless:STM32WB05N' from pack STMicroelectronics.X-CUBE-WB05N.2.1.0: no header file found
2026-09-17 11:07:35,188 [INFO] UtilMem:74 - End LoadConfig() Used Memory: 825954752 Bytes (907018240)
2026-09-17 11:07:35,188 [WARN] ThirdParty:779 - waiting for thirdparty lock release [change project]
2026-09-17 11:07:35,188 [INFO] ThirdParty:781 - entering critical section [change project]
2026-09-17 11:07:35,188 [INFO] ThirdParty:967 - CMSIS Pack Vendor :STMicroelectronics X-CUBE-AZRTOS-H7 3.5.0
2026-09-17 11:07:35,188 [INFO] ThirdParty:967 - CMSIS Pack Vendor :STMicroelectronics X-CUBE-PM33A1 1.0.0
2026-09-17 11:07:35,188 [INFO] ThirdParty:967 - CMSIS Pack Vendor :STMicroelectronics X-CUBE-NFC9 1.0.0
2026-09-17 11:07:35,188 [INFO] ThirdParty:967 - CMSIS Pack Vendor :STMicroelectronics USB_HOST 2.0.0
2026-09-17 11:07:35,188 [INFO] ThirdParty:967 - CMSIS Pack Vendor :STMicroelectronics FP-ATR-ASTRA1 2.0.3
2026-09-17 11:07:35,188 [INFO] ThirdParty:967 - CMSIS Pack Vendor :STMicroelectronics X-CUBE-AZRTOS-F4 1.1.0
2026-09-17 11:07:35,188 [INFO] ThirdParty:967 - CMSIS Pack Vendor :STMicroelectronics X-CUBE-BLE1 7.1.0
2026-09-17 11:07:35,188 [INFO] ThirdParty:967 - CMSIS Pack Vendor :wolfSSL I-CUBE-wolfMQTT 1.19.2
2026-09-17 11:07:35,188 [INFO] ThirdParty:967 - CMSIS Pack Vendor :STMicroelectronics USB_DEVICE 3.0.0
2026-09-17 11:07:35,188 [INFO] ThirdParty:967 - CMSIS Pack Vendor :STMicroelectronics X-CUBE-ISPU 2.1.0
2026-09-17 11:07:35,188 [INFO] ThirdParty:967 - CMSIS Pack Vendor :STMicroelectronics X-CUBE-EEPRMA1 5.2.0
2026-09-17 11:07:35,188 [INFO] ThirdParty:967 - CMSIS Pack Vendor :STMicroelectronics X-CUBE-AZRTOS-WB 2.0.0
2026-09-17 11:07:35,188 [INFO] ThirdParty:967 - CMSIS Pack Vendor :STMicroelectronics X-CUBE-NFC12 1.0.0
2026-09-17 11:07:35,188 [INFO] ThirdParty:967 - CMSIS Pack Vendor :STMicroelectronics X-CUBE-AZRTOS-F7 1.1.0
2026-09-17 11:07:35,188 [INFO] ThirdParty:967 - CMSIS Pack Vendor :STMicroelectronics X-CUBE-AZRTOS-L5 2.0.0
2026-09-17 11:07:35,188 [INFO] ThirdParty:967 - CMSIS Pack Vendor :STMicroelectronics USB_DEVICE 2.0.0
2026-09-17 11:07:35,188 [INFO] ThirdParty:967 - CMSIS Pack Vendor :STMicroelectronics X-CUBE-STSE01 2.0.0
2026-09-17 11:07:35,188 [INFO] ThirdParty:967 - CMSIS Pack Vendor :STMicroelectronics X-CUBE-ALGOBUILD 1.5.0
2026-09-17 11:07:35,188 [INFO] ThirdParty:967 - CMSIS Pack Vendor :STMicroelectronics FreeRTOS 0.0.1
2026-09-17 11:07:35,188 [INFO] ThirdParty:967 - CMSIS Pack Vendor :STMicroelectronics X-CUBE-AZRTOS-H7RS 1.3.0
2026-09-17 11:07:35,188 [INFO] ThirdParty:967 - CMSIS Pack Vendor :STMicroelectronics X-CUBE-AZRTOS-G0 1.1.0
2026-09-17 11:07:35,188 [INFO] ThirdParty:967 - CMSIS Pack Vendor :STMicroelectronics X-CUBE-NFC4 3.0.0
2026-09-17 11:07:35,188 [INFO] ThirdParty:967 - CMSIS Pack Vendor :STMicroelectronics X-CUBE-SUBG2 5.0.0
2026-09-17 11:07:35,188 [INFO] ThirdParty:967 - CMSIS Pack Vendor :STMicroelectronics lwIP 2.0.3
2026-09-17 11:07:35,188 [INFO] ThirdParty:967 - CMSIS Pack Vendor :STMicroelectronics X-CUBE-MEMS1 13.0.0
2026-09-17 11:07:35,188 [INFO] ThirdParty:967 - CMSIS Pack Vendor :STMicroelectronics USB_HOST 1.0.0
2026-09-17 11:07:35,188 [INFO] ThirdParty:967 - CMSIS Pack Vendor :STMicroelectronics X-CUBE-AZRTOS-G4 2.0.0
2026-09-17 11:07:35,188 [INFO] ThirdParty:967 - CMSIS Pack Vendor :STMicroelectronics PDM2PCM 3.1.0
2026-09-17 11:07:35,188 [INFO] ThirdParty:967 - CMSIS Pack Vendor :STMicroelectronics PDM2PCM 3.3.0
2026-09-17 11:07:35,188 [INFO] ThirdParty:967 - CMSIS Pack Vendor :wolfSSL I-CUBE-wolfTPM 3.8.0
2026-09-17 11:07:35,188 [INFO] ThirdParty:967 - CMSIS Pack Vendor :wolfSSL I-CUBE-wolfSSH 1.4.20
2026-09-17 11:07:35,188 [INFO] ThirdParty:967 - CMSIS Pack Vendor :STMicroelectronics X-CUBE-NFC7 2.0.0
2026-09-17 11:07:35,188 [INFO] ThirdParty:967 - CMSIS Pack Vendor :STMicroelectronics X-CUBE-GNSS1 7.1.1
2026-09-17 11:07:35,188 [INFO] ThirdParty:967 - CMSIS Pack Vendor :STMicroelectronics FP-ATR-SIGFOX1 3.2.0
2026-09-17 11:07:35,188 [INFO] ThirdParty:967 - CMSIS Pack Vendor :STMicroelectronics X-CUBE-NFC10 1.0.0
2026-09-17 11:07:35,188 [INFO] ThirdParty:967 - CMSIS Pack Vendor :STMicroelectronics HAL Drivers 0.0.0
2026-09-17 11:07:35,188 [INFO] ThirdParty:967 - CMSIS Pack Vendor :STMicroelectronics MBEDTLS 2.16.2
2026-09-17 11:07:35,188 [INFO] ThirdParty:967 - CMSIS Pack Vendor :wolfSSL I-CUBE-wolfSSL 5.9.2
2026-09-17 11:07:35,188 [INFO] ThirdParty:967 - CMSIS Pack Vendor :STMicroelectronics MBEDTLS 2.14.1
2026-09-17 11:07:35,188 [INFO] ThirdParty:967 - CMSIS Pack Vendor :STMicroelectronics X-CUBE-TOUCHGFX 4.26.1
2026-09-17 11:07:35,188 [INFO] ThirdParty:967 - CMSIS Pack Vendor :STMicroelectronics X-CUBE-NFC6 3.2.0
2026-09-17 11:07:35,188 [INFO] ThirdParty:967 - CMSIS Pack Vendor :STMicroelectronics X-CUBE-AI 10.2.1
2026-09-17 11:07:35,188 [INFO] ThirdParty:967 - CMSIS Pack Vendor :STMicroelectronics X-CUBE-AZRTOS-WL 2.0.0
2026-09-17 11:07:35,188 [INFO] ThirdParty:967 - CMSIS Pack Vendor :SEGGER I-CUBE-embOS 1.3.1
2026-09-17 11:07:35,188 [INFO] ThirdParty:967 - CMSIS Pack Vendor :STMicroelectronics USB_DEVICE 1.0.0
2026-09-17 11:07:35,188 [INFO] ThirdParty:967 - CMSIS Pack Vendor :STMicroelectronics X-CUBE-AZRTOS-L4 2.0.0
2026-09-17 11:07:35,188 [INFO] ThirdParty:967 - CMSIS Pack Vendor :STMicroelectronics ThreadX 0.0.2
2026-09-17 11:07:35,188 [INFO] ThirdParty:967 - CMSIS Pack Vendor :STMicroelectronics lwIP 2.1.2
2026-09-17 11:07:35,188 [INFO] ThirdParty:967 - CMSIS Pack Vendor :STMicroelectronics X-CUBE-SFXS2LP1 4.0.0
2026-09-17 11:07:35,188 [INFO] ThirdParty:967 - CMSIS Pack Vendor :STMicroelectronics X-CUBE-BLE2 3.3.0
2026-09-17 11:07:35,188 [INFO] ThirdParty:967 - CMSIS Pack Vendor :STMicroelectronics X-CUBE-NFC13 1.0.0
2026-09-17 11:07:35,188 [INFO] ThirdParty:967 - CMSIS Pack Vendor :STMicroelectronics PDM2PCM 3.2.0
2026-09-17 11:07:35,188 [INFO] ThirdParty:967 - CMSIS Pack Vendor :STMicroelectronics X-CUBE-WB05N 2.1.0
2026-09-17 11:07:35,188 [INFO] ThirdParty:787 - exiting critical section [change project]
2026-09-17 11:07:35,375 [INFO] PinOutPanel:1463 - setPackage(No Configuration,No Configuration)
2026-09-17 11:07:35,375 [INFO] PinOutPanel:1463 - setPackage(STM32F103C6Ux,UFQFPN48)
2026-09-17 11:07:35,604 [INFO] UtilMem:74 - Before build in PCC Used Memory: 836455488 Bytes (907018240)
2026-09-17 11:07:36,048 [INFO] UtilMem:74 - After build in PCC Used Memory: 840648920 Bytes (907018240)
2026-09-17 11:07:36,062 [INFO] IPUIPlugin:74 - create IPUIPlugin
2026-09-17 11:07:36,063 [INFO] IPUIPlugin:74 - create IPUIPlugin
2026-09-17 11:07:36,063 [INFO] IPUIPlugin:74 - create IPUIPlugin
2026-09-17 11:07:36,063 [INFO] IPUIPlugin:74 - create IPUIPlugin
2026-09-17 11:07:36,063 [INFO] IPUIPlugin:74 - create IPUIPlugin
2026-09-17 11:07:36,063 [INFO] IPUIPlugin:74 - create IPUIPlugin
2026-09-17 11:07:36,063 [INFO] IPUIPlugin:74 - create IPUIPlugin
2026-09-17 11:07:36,063 [INFO] IPUIPlugin:74 - create IPUIPlugin
2026-09-17 11:07:36,063 [INFO] IPUIPlugin:74 - create IPUIPlugin
2026-09-17 11:07:36,063 [INFO] IPUIPlugin:74 - create IPUIPlugin
2026-09-17 11:07:36,063 [INFO] IPUIPlugin:74 - create IPUIPlugin
2026-09-17 11:07:36,063 [INFO] IPUIPlugin:74 - create IPUIPlugin
2026-09-17 11:07:36,063 [INFO] IPUIPlugin:74 - create IPUIPlugin
2026-09-17 11:07:36,063 [INFO] IPUIPlugin:74 - create IPUIPlugin
2026-09-17 11:07:36,063 [INFO] IPUIPlugin:74 - create IPUIPlugin
2026-09-17 11:07:36,063 [INFO] IPUIPlugin:74 - create IPUIPlugin
2026-09-17 11:07:36,066 [INFO] IPUIPlugin:74 - create IPUIPlugin
2026-09-17 11:07:36,066 [INFO] IPUIPlugin:74 - create IPUIPlugin
2026-09-17 11:07:36,066 [INFO] IPUIPlugin:74 - create IPUIPlugin
2026-09-17 11:07:36,066 [INFO] IPUIPlugin:74 - create IPUIPlugin
2026-09-17 11:07:36,066 [INFO] IPUIPlugin:74 - create IPUIPlugin
2026-09-17 11:07:36,066 [INFO] IPUIPlugin:74 - create IPUIPlugin
2026-09-17 11:07:36,066 [INFO] IPUIPlugin:74 - create IPUIPlugin
2026-09-17 11:07:36,174 [INFO] OpenFileManager:333 - Restore cursor
2026-09-17 11:07:36,417 [INFO] UtilMem:74 - End SaveConfig() Used Memory: 865480296 Bytes (907018240)
2026-09-17 11:07:36,481 [INFO] UtilMem:74 - End SaveConfig() Used Memory: 839241560 Bytes (907018240)
2026-09-17 11:07:36,664 [INFO] BlockDiagram:2740 - set Specific Code input for plugin: NVIC
2026-09-17 11:07:36,666 [INFO] BlockDiagram:2740 - set Specific Code input for plugin: SYS
2026-09-17 11:07:36,666 [INFO] BlockDiagram:2740 - set Specific Code input for plugin: RCC
2026-09-17 11:07:36,666 [INFO] CodeGenerator:663 - code generatio: config db path: D:\STM32CubeIDE_1.7.0\STM32CubeIDE\plugins\com.st.stm32cube.common.mx_6.3.0.202107141111\\db\
2026-09-17 11:07:36,829 [INFO] CodeEngine:239 - oldGeneratedFile, D:\Lab_VXL\Lab 1\Ex 10\MXTmpFiles\license.tmp_save
2026-09-17 11:07:37,046 [INFO] CodeEngine:257 - Generated code: D:\Lab_VXL\Lab 1\Ex 10\MXTmpFiles\license.tmp
2026-09-17 11:07:37,122 [INFO] CodeEngine:239 - oldGeneratedFile, D:\Lab_VXL\Lab 1\Ex 10\Core\Src\stm32f1xx_it.c_save
2026-09-17 11:07:37,219 [INFO] CodeEngine:257 - Generated code: D:\Lab_VXL\Lab 1\Ex 10\Core\Src\stm32f1xx_it.c
2026-09-17 11:07:37,219 [INFO] CodeEngine:239 - oldGeneratedFile, D:\Lab_VXL\Lab 1\Ex 10\Core\Inc\stm32f1xx_it.h_save
2026-09-17 11:07:37,260 [INFO] CodeEngine:257 - Generated code: D:\Lab_VXL\Lab 1\Ex 10\Core\Inc\stm32f1xx_it.h
2026-09-17 11:07:37,267 [INFO] CodeEngine:239 - oldGeneratedFile, D:\Lab_VXL\Lab 1\Ex 10\Core\Src\stm32f1xx_hal_msp.c_save
2026-09-17 11:07:37,336 [INFO] CodeEngine:257 - Generated code: D:\Lab_VXL\Lab 1\Ex 10\Core\Src\stm32f1xx_hal_msp.c
2026-09-17 11:07:37,336 [INFO] CodeEngine:239 - oldGeneratedFile, D:\Lab_VXL\Lab 1\Ex 10\MXTmpFiles\system.tmp_save
2026-09-17 11:07:37,391 [INFO] CodeEngine:257 - Generated code: D:\Lab_VXL\Lab 1\Ex 10\MXTmpFiles\system.tmp
2026-09-17 11:07:37,394 [INFO] CodeEngine:239 - oldGeneratedFile, D:\Lab_VXL\Lab 1\Ex 10\Core\Inc\stm32f1xx_hal_conf.h_save
2026-09-17 11:07:37,455 [INFO] CodeEngine:257 - Generated code: D:\Lab_VXL\Lab 1\Ex 10\Core\Inc\stm32f1xx_hal_conf.h
2026-09-17 11:07:37,486 [INFO] CodeEngine:239 - oldGeneratedFile, D:\Lab_VXL\Lab 1\Ex 10\Core\Inc\main.h_save
2026-09-17 11:07:37,534 [INFO] CodeEngine:257 - Generated code: D:\Lab_VXL\Lab 1\Ex 10\Core\Inc\main.h
2026-09-17 11:07:37,534 [INFO] CodeEngine:239 - oldGeneratedFile, D:\Lab_VXL\Lab 1\Ex 10\Core\Src\main.c_save
2026-09-17 11:07:37,624 [INFO] CodeEngine:257 - Generated code: D:\Lab_VXL\Lab 1\Ex 10\Core\Src\main.c
2026-09-17 11:07:38,121 [INFO] ProjectBuilder:2578 - Time for Copy HAL[1] : 64mS.
2026-09-17 11:07:38,121 [INFO] ProjectBuilder:3622 - Project Generator version: 3.14.1
2026-09-17 11:07:38,579 [INFO] ConfigFileManager:1271 - The Die is : DIE412
2026-09-17 11:07:38,579 [INFO] ApiDbMcu:468 - Load IP Config File for FATFS
2026-09-17 11:07:38,595 [INFO] ApiDbMcu:468 - Load IP Config File for FREERTOS
2026-09-17 11:07:38,622 [INFO] ApiDbMcu:468 - Load IP Config File for USB_DEVICE
2026-09-17 11:07:40,343 [INFO] ProjectBuilder:3789 - Time for Generating toolchain IDE Files: 2222mS.
2026-09-17 11:07:40,345 [INFO] ProjectBuilder:2457 - Time for Copy CMSIS : 2mS.
2026-09-17 11:07:40,345 [INFO] ProjectBuilder:2457 - Time for Copy CMSIS : 0mS.
2026-09-17 11:07:43,371 [INFO] McuFinderGlobals:52 - Set McuFinderConnectedMode to true
2026-09-17 11:07:43,382 [INFO] ApiDb:276 - Save user favorites file C:\Users\Hius/.stm32cubeide/favorites.mcus.txt: 0 item(s)
2026-09-17 11:07:43,382 [INFO] ApiDb:280 - User favorites MCUs=[]
2026-09-17 11:08:32,818 [INFO] UtilMem:74 - End SaveConfig() Used Memory: 807903376 Bytes (1073741824)
2026-09-17 11:08:35,354 [INFO] UtilMem:74 - End SaveConfig() Used Memory: 819326048 Bytes (1073741824)
2026-09-17 11:08:39,281 [INFO] UtilMem:74 - End SaveConfig() Used Memory: 884292024 Bytes (1073741824)
2026-09-17 11:08:39,487 [INFO] BlockDiagram:2740 - set Specific Code input for plugin: NVIC
2026-09-17 11:08:39,501 [INFO] BlockDiagram:2740 - set Specific Code input for plugin: SYS
2026-09-17 11:08:39,501 [INFO] BlockDiagram:2740 - set Specific Code input for plugin: GPIO
2026-09-17 11:08:39,501 [INFO] BlockDiagram:2740 - set Specific Code input for plugin: RCC
2026-09-17 11:08:39,501 [INFO] CodeGenerator:663 - code generatio: config db path: D:\STM32CubeIDE_1.7.0\STM32CubeIDE\plugins\com.st.stm32cube.common.mx_6.3.0.202107141111\\db\
2026-09-17 11:08:39,674 [INFO] CodeEngine:239 - oldGeneratedFile, D:\Lab_VXL\Lab 1\Ex 10\MXTmpFiles\license.tmp_save
2026-09-17 11:08:39,725 [INFO] CodeEngine:257 - Generated code: D:\Lab_VXL\Lab 1\Ex 10\MXTmpFiles\license.tmp
2026-09-17 11:08:39,770 [INFO] CodeEngine:239 - oldGeneratedFile, D:\Lab_VXL\Lab 1\Ex 10\MXTmpFiles\gpio.tmp_save
2026-09-17 11:08:39,850 [INFO] CodeEngine:257 - Generated code: D:\Lab_VXL\Lab 1\Ex 10\MXTmpFiles\gpio.tmp
2026-09-17 11:08:39,868 [INFO] CodeEngine:239 - oldGeneratedFile, D:\Lab_VXL\Lab 1\Ex 10\Core\Src\stm32f1xx_it.c_save
2026-09-17 11:08:39,931 [INFO] CodeEngine:257 - Generated code: D:\Lab_VXL\Lab 1\Ex 10\Core\Src\stm32f1xx_it.c
2026-09-17 11:08:39,942 [INFO] CodeEngine:239 - oldGeneratedFile, D:\Lab_VXL\Lab 1\Ex 10\Core\Inc\stm32f1xx_it.h_save
2026-09-17 11:08:39,976 [INFO] CodeEngine:257 - Generated code: D:\Lab_VXL\Lab 1\Ex 10\Core\Inc\stm32f1xx_it.h
2026-09-17 11:08:39,992 [INFO] CodeEngine:239 - oldGeneratedFile, D:\Lab_VXL\Lab 1\Ex 10\Core\Src\stm32f1xx_hal_msp.c_save
2026-09-17 11:08:40,077 [INFO] CodeEngine:257 - Generated code: D:\Lab_VXL\Lab 1\Ex 10\Core\Src\stm32f1xx_hal_msp.c
2026-09-17 11:08:40,079 [INFO] CodeEngine:239 - oldGeneratedFile, D:\Lab_VXL\Lab 1\Ex 10\MXTmpFiles\system.tmp_save
2026-09-17 11:08:40,148 [INFO] CodeEngine:257 - Generated code: D:\Lab_VXL\Lab 1\Ex 10\MXTmpFiles\system.tmp
2026-09-17 11:08:40,165 [INFO] CodeEngine:239 - oldGeneratedFile, D:\Lab_VXL\Lab 1\Ex 10\Core\Inc\stm32f1xx_hal_conf.h_save
2026-09-17 11:08:40,295 [INFO] CodeEngine:257 - Generated code: D:\Lab_VXL\Lab 1\Ex 10\Core\Inc\stm32f1xx_hal_conf.h
2026-09-17 11:08:40,333 [INFO] CodeEngine:239 - oldGeneratedFile, D:\Lab_VXL\Lab 1\Ex 10\Core\Inc\main.h_save
2026-09-17 11:08:40,417 [INFO] CodeEngine:257 - Generated code: D:\Lab_VXL\Lab 1\Ex 10\Core\Inc\main.h
2026-09-17 11:08:40,433 [INFO] CodeEngine:239 - oldGeneratedFile, D:\Lab_VXL\Lab 1\Ex 10\Core\Src\main.c_save
2026-09-17 11:08:40,611 [INFO] CodeEngine:257 - Generated code: D:\Lab_VXL\Lab 1\Ex 10\Core\Src\main.c
2026-09-17 11:08:41,487 [INFO] ProjectBuilder:2578 - Time for Copy HAL[1] : 69mS.
2026-09-17 11:08:41,491 [INFO] ProjectBuilder:3622 - Project Generator version: 3.14.1
2026-09-17 11:08:42,233 [INFO] ConfigFileManager:1271 - The Die is : DIE412
2026-09-17 11:08:44,150 [INFO] ProjectBuilder:3789 - Time for Generating toolchain IDE Files: 2659mS.
2026-09-17 11:08:44,150 [INFO] ProjectBuilder:2457 - Time for Copy CMSIS : 0mS.
2026-09-17 11:08:44,152 [INFO] ProjectBuilder:2457 - Time for Copy CMSIS : 0mS.
2026-09-17 11:47:20,757 [INFO] Activator:177 - 


2026-09-17 11:47:20,763 [INFO] Activator:178 - !SESSION log4j initialized
2026-09-18 19:55:20,445 [INFO] Activator:177 - 


2026-09-18 19:55:20,449 [INFO] Activator:178 - !SESSION log4j initialized
2026-09-18 19:56:02,865 [INFO] McuFinderGlobals:39 - Set McuFinder mode to 2 (CubeIDE integrated)
2026-09-18 19:56:03,656 [INFO] ApplicationProperties:181 - Using Application install path: D:\STM32CubeIDE_1.7.0\STM32CubeIDE\plugins\com.st.stm32cube.common.mx_6.3.0.202107141111
2026-09-18 19:56:03,673 [INFO] DbMcusXml:74 - Set database path to: D:\STM32CubeIDE_1.7.0\STM32CubeIDE\plugins\com.st.stm32cube.common.mx_6.3.0.202107141111\\db\/mcu/
2026-09-18 19:56:03,673 [INFO] DbBoardsPdsc:56 - Set plugin database path to: D:\STM32CubeIDE_1.7.0\STM32CubeIDE\plugins\com.st.stm32cube.common.mx_6.3.0.202107141111\\db\/plugins/boardmanager/
2026-09-18 19:56:03,673 [INFO] DbMcus:258 - Set plugin images path to: D:\STM32CubeIDE_1.7.0\STM32CubeIDE\plugins\com.st.stm32cube.common.mx_6.3.0.202107141111\\db\/plugins/mcufinder/images/
2026-09-18 19:56:03,673 [INFO] DbBoards:264 - Set plugin images path to: D:\STM32CubeIDE_1.7.0\STM32CubeIDE\plugins\com.st.stm32cube.common.mx_6.3.0.202107141111\\db\/plugins/mcufinder/images/
2026-09-18 19:56:03,673 [INFO] DbExamples:333 - Set plugin images path to: D:\STM32CubeIDE_1.7.0\STM32CubeIDE\plugins\com.st.stm32cube.common.mx_6.3.0.202107141111\\db\/plugins/mcufinder/images/
2026-09-18 19:56:03,686 [INFO] DbMcusAds:119 - Set database path to: C:\Users\Hius\.stmcufinder\plugins\mcufinder//mcu/
2026-09-18 19:56:03,686 [INFO] DbMcusDocs:110 - Set database path to: C:\Users\Hius\.stmcufinder\plugins\mcufinder//mcu/
2026-09-18 19:56:03,688 [INFO] DbMcusJson:64 - Set database path to: C:\Users\Hius\.stmcufinder\plugins\mcufinder//mcu/
2026-09-18 19:56:03,688 [INFO] DbBoardsDocs:110 - Set database path to: C:\Users\Hius\.stmcufinder\plugins\mcufinder//mcu/
2026-09-18 19:56:03,688 [INFO] DbBoardsJson:57 - Set database path to: C:\Users\Hius\.stmcufinder\plugins\mcufinder//mcu/
2026-09-18 19:56:03,702 [INFO] CrossReferenceDbSqlite:196 - Set database path to: C:\Users\Hius\.stmcufinder\plugins\mcufinder//mcu/cs/
2026-09-18 19:56:03,706 [INFO] DbExamplesSqlite:767 - Set database path to: C:\Users\Hius\.stmcufinder\plugins\mcufinder//mcu/
2026-09-18 19:56:03,791 [INFO] RulesReader:57 - Compatibility file has been processed (242 Rules)
2026-09-18 19:56:03,877 [INFO] DbMcusXml:74 - Set database path to: D:\STM32CubeIDE_1.7.0\STM32CubeIDE\plugins\com.st.stm32cube.common.mx_6.3.0.202107141111\\db\/mcu/
2026-09-18 19:56:03,877 [INFO] DbBoardsPdsc:56 - Set plugin database path to: D:\STM32CubeIDE_1.7.0\STM32CubeIDE\plugins\com.st.stm32cube.common.mx_6.3.0.202107141111\\db\/plugins/boardmanager/
2026-09-18 19:56:03,877 [INFO] DbMcus:258 - Set plugin images path to: D:\STM32CubeIDE_1.7.0\STM32CubeIDE\plugins\com.st.stm32cube.common.mx_6.3.0.202107141111\\db\/plugins/mcufinder/images/
2026-09-18 19:56:03,877 [INFO] DbBoards:264 - Set plugin images path to: D:\STM32CubeIDE_1.7.0\STM32CubeIDE\plugins\com.st.stm32cube.common.mx_6.3.0.202107141111\\db\/plugins/mcufinder/images/
2026-09-18 19:56:03,877 [INFO] DbExamples:333 - Set plugin images path to: D:\STM32CubeIDE_1.7.0\STM32CubeIDE\plugins\com.st.stm32cube.common.mx_6.3.0.202107141111\\db\/plugins/mcufinder/images/
2026-09-18 19:56:03,877 [WARN] DbFile:35 - Overriding database path with different value: C:\Users\Hius\.stmcufinder\plugins\mcufinder/ => C:\Users\Hius\.stmcufinder\plugins\mcufinder
2026-09-18 19:56:03,877 [INFO] DbMcusAds:119 - Set database path to: C:\Users\Hius\.stmcufinder\plugins\mcufinder//mcu/
2026-09-18 19:56:03,877 [WARN] DbFile:35 - Overriding database path with different value: C:\Users\Hius\.stmcufinder\plugins\mcufinder/ => C:\Users\Hius\.stmcufinder\plugins\mcufinder
2026-09-18 19:56:03,877 [INFO] DbMcusDocs:110 - Set database path to: C:\Users\Hius\.stmcufinder\plugins\mcufinder//mcu/
2026-09-18 19:56:03,877 [WARN] DbFile:35 - Overriding database path with different value: C:\Users\Hius\.stmcufinder\plugins\mcufinder/ => C:\Users\Hius\.stmcufinder\plugins\mcufinder
2026-09-18 19:56:03,877 [INFO] DbMcusJson:64 - Set database path to: C:\Users\Hius\.stmcufinder\plugins\mcufinder//mcu/
2026-09-18 19:56:03,877 [WARN] DbFile:35 - Overriding database path with different value: C:\Users\Hius\.stmcufinder\plugins\mcufinder/ => C:\Users\Hius\.stmcufinder\plugins\mcufinder
2026-09-18 19:56:03,877 [INFO] DbBoardsDocs:110 - Set database path to: C:\Users\Hius\.stmcufinder\plugins\mcufinder//mcu/
2026-09-18 19:56:03,877 [WARN] DbFile:35 - Overriding database path with different value: C:\Users\Hius\.stmcufinder\plugins\mcufinder/ => C:\Users\Hius\.stmcufinder\plugins\mcufinder
2026-09-18 19:56:03,877 [INFO] DbBoardsJson:57 - Set database path to: C:\Users\Hius\.stmcufinder\plugins\mcufinder//mcu/
2026-09-18 19:56:03,877 [WARN] DbFile:35 - Overriding database path with different value: C:\Users\Hius\.stmcufinder\plugins\mcufinder/ => C:\Users\Hius\.stmcufinder\plugins\mcufinder
2026-09-18 19:56:03,877 [WARN] DbFile:35 - Overriding database path with different value: C:\Users\Hius\.stmcufinder\plugins\mcufinder/ => C:\Users\Hius\.stmcufinder\plugins\mcufinder
2026-09-18 19:56:03,877 [INFO] CrossReferenceDbSqlite:196 - Set database path to: C:\Users\Hius\.stmcufinder\plugins\mcufinder//mcu/cs/
2026-09-18 19:56:03,877 [WARN] DbFile:35 - Overriding database path with different value: C:\Users\Hius\.stmcufinder\plugins\mcufinder/ => C:\Users\Hius\.stmcufinder\plugins\mcufinder
2026-09-18 19:56:03,877 [INFO] DbExamplesSqlite:767 - Set database path to: C:\Users\Hius\.stmcufinder\plugins\mcufinder//mcu/
2026-09-18 19:56:03,954 [INFO] MainPanel:214 - HeapMemory: 268435456
2026-09-18 19:56:04,055 [INFO] DbMcusXml:74 - Set database path to: D:\STM32CubeIDE_1.7.0\STM32CubeIDE\plugins\com.st.stm32cube.common.mx_6.3.0.202107141111\\db\/mcu/
2026-09-18 19:56:04,055 [INFO] DbBoardsPdsc:56 - Set plugin database path to: D:\STM32CubeIDE_1.7.0\STM32CubeIDE\plugins\com.st.stm32cube.common.mx_6.3.0.202107141111\\db\/plugins/boardmanager/
2026-09-18 19:56:04,055 [INFO] DbMcus:258 - Set plugin images path to: D:\STM32CubeIDE_1.7.0\STM32CubeIDE\plugins\com.st.stm32cube.common.mx_6.3.0.202107141111\\db\/plugins/mcufinder/images/
2026-09-18 19:56:04,055 [INFO] DbBoards:264 - Set plugin images path to: D:\STM32CubeIDE_1.7.0\STM32CubeIDE\plugins\com.st.stm32cube.common.mx_6.3.0.202107141111\\db\/plugins/mcufinder/images/
2026-09-18 19:56:04,055 [INFO] DbExamples:333 - Set plugin images path to: D:\STM32CubeIDE_1.7.0\STM32CubeIDE\plugins\com.st.stm32cube.common.mx_6.3.0.202107141111\\db\/plugins/mcufinder/images/
2026-09-18 19:56:04,055 [WARN] DbFile:35 - Overriding database path with different value: C:\Users\Hius\.stmcufinder\plugins\mcufinder/ => C:\Users\Hius\.stmcufinder\plugins\mcufinder
2026-09-18 19:56:04,055 [INFO] DbMcusAds:119 - Set database path to: C:\Users\Hius\.stmcufinder\plugins\mcufinder//mcu/
2026-09-18 19:56:04,057 [WARN] DbFile:35 - Overriding database path with different value: C:\Users\Hius\.stmcufinder\plugins\mcufinder/ => C:\Users\Hius\.stmcufinder\plugins\mcufinder
2026-09-18 19:56:04,057 [INFO] DbMcusDocs:110 - Set database path to: C:\Users\Hius\.stmcufinder\plugins\mcufinder//mcu/
2026-09-18 19:56:04,057 [WARN] DbFile:35 - Overriding database path with different value: C:\Users\Hius\.stmcufinder\plugins\mcufinder/ => C:\Users\Hius\.stmcufinder\plugins\mcufinder
2026-09-18 19:56:04,057 [INFO] DbMcusJson:64 - Set database path to: C:\Users\Hius\.stmcufinder\plugins\mcufinder//mcu/
2026-09-18 19:56:04,057 [WARN] DbFile:35 - Overriding database path with different value: C:\Users\Hius\.stmcufinder\plugins\mcufinder/ => C:\Users\Hius\.stmcufinder\plugins\mcufinder
2026-09-18 19:56:04,057 [INFO] DbBoardsDocs:110 - Set database path to: C:\Users\Hius\.stmcufinder\plugins\mcufinder//mcu/
2026-09-18 19:56:04,057 [WARN] DbFile:35 - Overriding database path with different value: C:\Users\Hius\.stmcufinder\plugins\mcufinder/ => C:\Users\Hius\.stmcufinder\plugins\mcufinder
2026-09-18 19:56:04,057 [INFO] DbBoardsJson:57 - Set database path to: C:\Users\Hius\.stmcufinder\plugins\mcufinder//mcu/
2026-09-18 19:56:04,057 [WARN] DbFile:35 - Overriding database path with different value: C:\Users\Hius\.stmcufinder\plugins\mcufinder/ => C:\Users\Hius\.stmcufinder\plugins\mcufinder
2026-09-18 19:56:04,057 [WARN] DbFile:35 - Overriding database path with different value: C:\Users\Hius\.stmcufinder\plugins\mcufinder/ => C:\Users\Hius\.stmcufinder\plugins\mcufinder
2026-09-18 19:56:04,057 [INFO] CrossReferenceDbSqlite:196 - Set database path to: C:\Users\Hius\.stmcufinder\plugins\mcufinder//mcu/cs/
2026-09-18 19:56:04,057 [WARN] DbFile:35 - Overriding database path with different value: C:\Users\Hius\.stmcufinder\plugins\mcufinder/ => C:\Users\Hius\.stmcufinder\plugins\mcufinder
2026-09-18 19:56:04,057 [INFO] DbExamplesSqlite:767 - Set database path to: C:\Users\Hius\.stmcufinder\plugins\mcufinder//mcu/
2026-09-18 19:56:04,077 [INFO] ApplicationProperties:181 - Using Application install path: D:\STM32CubeIDE_1.7.0\STM32CubeIDE\plugins\com.st.stm32cube.common.mx_6.3.0.202107141111
2026-09-18 19:56:04,077 [INFO] PluginManage:188 - Search for loadable plugins [exclusion list=, ]
2026-09-18 19:56:04,077 [INFO] PluginManage:302 - Check plugin analytics
2026-09-18 19:56:04,196 [INFO] AnalyticsPlugin:257 - Accepted Software Licenses: 
2026-09-18 19:56:04,196 [INFO] AnalyticsPlugin:259 - Accepted CMSIS Pack Licenses: 
2026-09-18 19:56:04,196 [INFO] AnalyticsPlugin:261 - Accepted Firmware Licenses: 
2026-09-18 19:56:04,196 [INFO] PluginManage:352 - Loaded plugin analytics (category:tool,tabindex:-1)
2026-09-18 19:56:04,196 [INFO] PluginManage:302 - Check plugin clock
2026-09-18 19:56:04,221 [INFO] PluginManage:352 - Loaded plugin clock (category:base,tabindex:2)
2026-09-18 19:56:04,221 [INFO] PluginManage:302 - Check plugin ddr
2026-09-18 19:56:04,221 [INFO] PluginManage:352 - Loaded plugin ddr (category:tool,tabindex:6)
2026-09-18 19:56:04,221 [INFO] PluginManage:302 - Check plugin filemanager
2026-09-18 19:56:04,324 [INFO] PluginManage:352 - Loaded plugin filemanager (category:base,tabindex:10)
2026-09-18 19:56:04,324 [INFO] PluginManage:302 - Check plugin ipmanager
2026-09-18 19:56:04,336 [INFO] PluginManage:352 - Loaded plugin ipmanager (category:base,tabindex:5)
2026-09-18 19:56:04,336 [INFO] PluginManage:302 - Check plugin pinoutandconfiguration
2026-09-18 19:56:04,352 [INFO] PluginManage:352 - Loaded plugin pinoutandconfiguration (category:base,tabindex:1)
2026-09-18 19:56:04,352 [INFO] PluginManage:302 - Check plugin pinoutconfig
2026-09-18 19:56:04,383 [INFO] PluginManage:352 - Loaded plugin pinoutconfig (category:base,tabindex:0)
2026-09-18 19:56:04,383 [INFO] PluginManage:302 - Check plugin power
2026-09-18 19:56:04,413 [INFO] PluginManage:352 - Loaded plugin power (category:power,tabindex:4)
2026-09-18 19:56:04,413 [INFO] PluginManage:302 - Check plugin projectmanager
2026-09-18 19:56:04,427 [INFO] PluginManage:352 - Loaded plugin projectmanager (category:projectmanager,tabindex:3)
2026-09-18 19:56:04,427 [INFO] PluginManage:302 - Check plugin thirdparty
2026-09-18 19:56:04,685 [INFO] PluginManage:352 - Loaded plugin thirdparty (category:base,tabindex:-1)
2026-09-18 19:56:04,685 [INFO] PluginManage:302 - Check plugin tools
2026-09-18 19:56:04,685 [WARN] IntegrityCheckThread:78 - waiting for thirdparty lock release [integrity check]
2026-09-18 19:56:04,685 [INFO] IntegrityCheckThread:80 - entering critical section [integrity check]
2026-09-18 19:56:04,685 [INFO] ThirdPartyUpdaterWithRetryManager:66 - Updater plugin not ready yet. [1/15]
2026-09-18 19:56:04,749 [INFO] PluginManage:352 - Loaded plugin tools (category:base,tabindex:7)
2026-09-18 19:56:04,749 [INFO] PluginManage:302 - Check plugin tutovideos
2026-09-18 19:56:04,956 [INFO] PluginManage:352 - Loaded plugin tutovideos (category:base,tabindex:-1)
2026-09-18 19:56:04,956 [INFO] PluginManage:302 - Check plugin updater
2026-09-18 19:56:04,982 [INFO] PluginManage:352 - Loaded plugin updater (category:base,tabindex:12)
2026-09-18 19:56:04,982 [INFO] PluginManage:275 - PluginManage : Loaded plugins [13]
2026-09-18 19:56:05,139 [INFO] PinOutPanel:1463 - setPackage(No Configuration,No Configuration)
2026-09-18 19:56:05,240 [INFO] IPUIPlugin:74 - create IPUIPlugin
2026-09-18 19:56:05,240 [INFO] PluginManager:213 - loadIPPluginJar : add adc
2026-09-18 19:56:05,296 [INFO] IPUIPlugin:74 - create IPUIPlugin
2026-09-18 19:56:05,296 [INFO] PluginManager:213 - loadIPPluginJar : add aes
2026-09-18 19:56:05,360 [INFO] IPUIPlugin:74 - create IPUIPlugin
2026-09-18 19:56:05,360 [INFO] PluginManager:213 - loadIPPluginJar : add can
2026-09-18 19:56:05,385 [INFO] IPUIPlugin:74 - create IPUIPlugin
2026-09-18 19:56:05,385 [INFO] PluginManager:213 - loadIPPluginJar : add comp
2026-09-18 19:56:05,414 [INFO] IPUIPlugin:74 - create IPUIPlugin
2026-09-18 19:56:05,414 [INFO] PluginManager:213 - loadIPPluginJar : add cryp
2026-09-18 19:56:05,451 [INFO] IPUIPlugin:74 - create IPUIPlugin
2026-09-18 19:56:05,451 [INFO] PluginManager:213 - loadIPPluginJar : add dfsdm
2026-09-18 19:56:05,494 [INFO] IPUIPlugin:74 - create IPUIPlugin
2026-09-18 19:56:05,494 [INFO] PluginManager:213 - loadIPPluginJar : add dma
2026-09-18 19:56:05,539 [INFO] IPUIPlugin:74 - create IPUIPlugin
2026-09-18 19:56:05,539 [INFO] PluginManager:213 - loadIPPluginJar : add dma3
2026-09-18 19:56:05,590 [INFO] IPUIPlugin:74 - create IPUIPlugin
2026-09-18 19:56:05,590 [INFO] PluginManager:213 - loadIPPluginJar : add fatfs
2026-09-18 19:56:05,645 [INFO] IPUIPlugin:74 - create IPUIPlugin
2026-09-18 19:56:05,645 [INFO] PluginManager:213 - loadIPPluginJar : add fmc
2026-09-18 19:56:05,674 [INFO] IPUIPlugin:74 - create IPUIPlugin
2026-09-18 19:56:05,679 [INFO] PluginManager:213 - loadIPPluginJar : add freertos
2026-09-18 19:56:05,702 [INFO] IPUIPlugin:74 - create IPUIPlugin
2026-09-18 19:56:05,702 [INFO] PluginManager:213 - loadIPPluginJar : add genericplugin
2026-09-18 19:56:05,782 [INFO] IPUIPlugin:74 - create IPUIPlugin
2026-09-18 19:56:05,782 [INFO] PluginManager:213 - loadIPPluginJar : add gfxmmu
2026-09-18 19:56:05,894 [INFO] IPUIPlugin:74 - create IPUIPlugin
2026-09-18 19:56:05,895 [INFO] PluginManager:213 - loadIPPluginJar : add gic
2026-09-18 19:56:05,910 [INFO] IPUIPlugin:74 - create IPUIPlugin
2026-09-18 19:56:05,910 [INFO] PluginManager:213 - loadIPPluginJar : add gpio
2026-09-18 19:56:05,982 [INFO] IPUIPlugin:74 - create IPUIPlugin
2026-09-18 19:56:05,982 [INFO] PluginManager:213 - loadIPPluginJar : add gtzc
2026-09-18 19:56:06,040 [INFO] IPUIPlugin:74 - create IPUIPlugin
2026-09-18 19:56:06,040 [INFO] PluginManager:213 - loadIPPluginJar : add hash
2026-09-18 19:56:06,095 [INFO] IPUIPlugin:74 - create IPUIPlugin
2026-09-18 19:56:06,095 [INFO] PluginManager:213 - loadIPPluginJar : add i2c
2026-09-18 19:56:06,198 [INFO] IPUIPlugin:74 - create IPUIPlugin
2026-09-18 19:56:06,200 [INFO] PluginManager:213 - loadIPPluginJar : add i2s
2026-09-18 19:56:06,201 [INFO] IPUIPlugin:74 - create IPUIPlugin
2026-09-18 19:56:06,212 [INFO] PluginManager:213 - loadIPPluginJar : add ipddr
2026-09-18 19:56:06,276 [INFO] IPUIPlugin:74 - create IPUIPlugin
2026-09-18 19:56:06,276 [INFO] PluginManager:213 - loadIPPluginJar : add linkedlist
2026-09-18 19:56:06,355 [INFO] IPUIPlugin:74 - create IPUIPlugin
2026-09-18 19:56:06,355 [INFO] PluginManager:213 - loadIPPluginJar : add lorawan
2026-09-18 19:56:06,423 [INFO] IPUIPlugin:74 - create IPUIPlugin
2026-09-18 19:56:06,423 [INFO] PluginManager:213 - loadIPPluginJar : add ltdc
2026-09-18 19:56:06,467 [INFO] IPUIPlugin:74 - create IPUIPlugin
2026-09-18 19:56:06,469 [INFO] PluginManager:213 - loadIPPluginJar : add mdma
2026-09-18 19:56:06,481 [INFO] IPUIPlugin:74 - create IPUIPlugin
2026-09-18 19:56:06,481 [INFO] PluginManager:213 - loadIPPluginJar : add nvic
2026-09-18 19:56:06,530 [INFO] IPUIPlugin:74 - create IPUIPlugin
2026-09-18 19:56:06,530 [INFO] PluginManager:213 - loadIPPluginJar : add opamp
2026-09-18 19:56:06,594 [INFO] IPUIPlugin:74 - create IPUIPlugin
2026-09-18 19:56:06,594 [INFO] PluginManager:213 - loadIPPluginJar : add openamp
2026-09-18 19:56:06,678 [INFO] IPUIPlugin:74 - create IPUIPlugin
2026-09-18 19:56:06,678 [INFO] PluginManager:213 - loadIPPluginJar : add pdm2pcm
2026-09-18 19:56:06,693 [INFO] IPUIPlugin:74 - create IPUIPlugin
2026-09-18 19:56:06,693 [INFO] PluginManager:213 - loadIPPluginJar : add plateformsettings
2026-09-18 19:56:06,721 [INFO] IPUIPlugin:74 - create IPUIPlugin
2026-09-18 19:56:06,721 [INFO] PluginManager:213 - loadIPPluginJar : add quadspi
2026-09-18 19:56:06,739 [INFO] IPUIPlugin:74 - create IPUIPlugin
2026-09-18 19:56:06,739 [INFO] PluginManager:213 - loadIPPluginJar : add resmgrutility
2026-09-18 19:56:06,794 [INFO] IPUIPlugin:74 - create IPUIPlugin
2026-09-18 19:56:06,794 [INFO] PluginManager:213 - loadIPPluginJar : add sai
2026-09-18 19:56:06,842 [INFO] IPUIPlugin:74 - create IPUIPlugin
2026-09-18 19:56:06,842 [INFO] PluginManager:213 - loadIPPluginJar : add spi
2026-09-18 19:56:06,915 [INFO] IPUIPlugin:74 - create IPUIPlugin
2026-09-18 19:56:06,915 [INFO] PluginManager:213 - loadIPPluginJar : add stm32_wpan
2026-09-18 19:56:06,980 [INFO] IPUIPlugin:74 - create IPUIPlugin
2026-09-18 19:56:06,980 [INFO] PluginManager:213 - loadIPPluginJar : add tim
2026-09-18 19:56:07,070 [INFO] IPUIPlugin:74 - create IPUIPlugin
2026-09-18 19:56:07,086 [INFO] PluginManager:213 - loadIPPluginJar : add touchsensing
2026-09-18 19:56:07,138 [INFO] IPUIPlugin:74 - create IPUIPlugin
2026-09-18 19:56:07,138 [INFO] PluginManager:213 - loadIPPluginJar : add tracer_emb
2026-09-18 19:56:07,201 [INFO] IPUIPlugin:74 - create IPUIPlugin
2026-09-18 19:56:07,201 [INFO] PluginManager:213 - loadIPPluginJar : add ts
2026-09-18 19:56:07,265 [INFO] IPUIPlugin:74 - create IPUIPlugin
2026-09-18 19:56:07,265 [INFO] PluginManager:213 - loadIPPluginJar : add tsc
2026-09-18 19:56:07,294 [INFO] IPUIPlugin:74 - create IPUIPlugin
2026-09-18 19:56:07,294 [INFO] PluginManager:213 - loadIPPluginJar : add ucpd
2026-09-18 19:56:07,373 [INFO] IPUIPlugin:74 - create IPUIPlugin
2026-09-18 19:56:07,373 [INFO] PluginManager:213 - loadIPPluginJar : add usart
2026-09-18 19:56:07,421 [INFO] IPUIPlugin:74 - create IPUIPlugin
2026-09-18 19:56:07,421 [INFO] PluginManager:213 - loadIPPluginJar : add usbx
2026-09-18 19:56:07,693 [INFO] ThirdPartyUpdaterWithRetryManager:66 - Updater plugin not ready yet. [2/15]
2026-09-18 19:56:07,788 [FATAL] Updater:294 - Updater called before beeing initialized
2026-09-18 19:56:07,886 [FATAL] Updater:294 - Updater called before beeing initialized
2026-09-18 19:56:07,900 [INFO] DbMcusAds:47 - JSON generation date=Wed Jul 15 16:44:54 ICT 2026 (1784108694001)
2026-09-18 19:56:07,900 [FATAL] Updater:294 - Updater called before beeing initialized
2026-09-18 19:56:07,979 [WARN] DetailPanel:314 - Failed to get advertising image, set to default
2026-09-18 19:56:08,078 [FATAL] Updater:294 - Updater called before beeing initialized
2026-09-18 19:56:08,112 [FATAL] Updater:294 - Updater called before beeing initialized
2026-09-18 19:56:08,112 [FATAL] Updater:294 - Updater called before beeing initialized
2026-09-18 19:56:08,114 [WARN] DetailPanel:314 - Failed to get advertising image, set to default
2026-09-18 19:56:08,114 [FATAL] Updater:294 - Updater called before beeing initialized
2026-09-18 19:56:08,154 [ERROR] Updater:1075 - MainUpdater not yet initialized. External WinMGr cannot be set.
2026-09-18 19:56:08,170 [INFO] Updater:1012 - Updater Version found : 6.3.0
2026-09-18 19:56:08,203 [INFO] ApplicationProperties:181 - Using Application install path: D:\STM32CubeIDE_1.7.0\STM32CubeIDE\plugins\com.st.stm32cube.common.mx_6.3.0.202107141111
2026-09-18 19:56:08,956 [INFO] MainUpdater:2671 - connection check result : 10
2026-09-18 19:56:08,956 [INFO] MainUpdater:265 - Updater Check For Update Now.
2026-09-18 19:56:08,956 [INFO] MicroXplorer:478 - Change Database Version : DB.6.0.30
2026-09-18 19:56:09,165 [INFO] CheckServerUpdateThread:112 - End of CheckServer Thread
2026-09-18 19:56:09,246 [INFO] MainUpdater:2671 - connection check result : 10
2026-09-18 19:56:09,294 [INFO] McuFinderGlobals:52 - Set McuFinderConnectedMode to true
2026-09-18 19:56:09,664 [INFO] ServerAccessManage:362 - Download File mcusAds.json._tmp_
2026-09-18 19:56:09,808 [INFO] LoadUrlFilesThread:145 - End of LoadUrlFiles Thread
2026-09-18 19:56:10,699 [WARN] MainUpdater:1122 - Updater busy. Cannot search thirdparties
2026-09-18 19:56:10,699 [INFO] ThirdPartyUpdaterWithRetryManager:92 - Updater plugin is busy. [1/15]
2026-09-18 19:56:13,705 [WARN] MainUpdater:1122 - Updater busy. Cannot search thirdparties
2026-09-18 19:56:13,705 [INFO] ThirdPartyUpdaterWithRetryManager:92 - Updater plugin is busy. [2/15]
2026-09-18 19:56:16,711 [WARN] MainUpdater:1122 - Updater busy. Cannot search thirdparties
2026-09-18 19:56:16,711 [INFO] ThirdPartyUpdaterWithRetryManager:92 - Updater plugin is busy. [3/15]
2026-09-18 19:56:19,715 [WARN] MainUpdater:1122 - Updater busy. Cannot search thirdparties
2026-09-18 19:56:19,715 [INFO] ThirdPartyUpdaterWithRetryManager:92 - Updater plugin is busy. [4/15]
2026-09-18 19:56:22,720 [WARN] MainUpdater:1122 - Updater busy. Cannot search thirdparties
2026-09-18 19:56:22,720 [INFO] ThirdPartyUpdaterWithRetryManager:92 - Updater plugin is busy. [5/15]
2026-09-18 19:56:25,724 [WARN] MainUpdater:1122 - Updater busy. Cannot search thirdparties
2026-09-18 19:56:25,724 [INFO] ThirdPartyUpdaterWithRetryManager:92 - Updater plugin is busy. [6/15]
2026-09-18 19:56:28,724 [WARN] MainUpdater:1122 - Updater busy. Cannot search thirdparties
2026-09-18 19:56:28,724 [INFO] ThirdPartyUpdaterWithRetryManager:92 - Updater plugin is busy. [7/15]
2026-09-18 19:56:29,775 [ERROR] ServerAccessManage:1016 - HTTP unexpected response (522) for https://stmcufinder.com/API/getFiles.php?
2026-09-18 19:56:29,775 [ERROR] ServerAccessManage:531 - Error during Access to HTTP Server. : mcusDocs.json._tmp_.
2026-09-18 19:56:31,727 [WARN] MainUpdater:1122 - Updater busy. Cannot search thirdparties
2026-09-18 19:56:31,728 [INFO] ThirdPartyUpdaterWithRetryManager:92 - Updater plugin is busy. [8/15]
2026-09-18 19:56:32,936 [INFO] LoadUrlFilesThread:145 - End of LoadUrlFiles Thread
2026-09-18 19:56:34,170 [INFO] DbMcusAds:47 - JSON generation date=Wed Jul 15 16:44:54 ICT 2026 (1784108694001)
2026-09-18 19:56:34,203 [INFO] DbMcusDocs:143 - JSON generation date=Mon Jun 07 15:53:21 ICT 2021 (1623056001)
2026-09-18 19:56:34,203 [INFO] DbMcusXml:100 - Load MCU database from D:\STM32CubeIDE_1.7.0\STM32CubeIDE\plugins\com.st.stm32cube.common.mx_6.3.0.202107141111\\db\/mcu/families.xml
2026-09-18 19:56:35,298 [INFO] DbMcusJson:93 - JSON generation date=Mon Jun 07 15:53:21 ICT 2021 (1623056001)
2026-09-18 19:56:35,308 [WARN] PackLoader:238 - Cannot read IP mode file for STMicroelectronics.X-CUBE-AZRTOS-H7.3.5.0
2026-09-18 19:56:35,350 [WARN] PackLoader:238 - Cannot read IP mode file for STMicroelectronics.FP-ATR-ASTRA1.2.0.3
2026-09-18 19:56:35,380 [ERROR] Engine:463 - C:\Users\Hius\.stm32cubemx\thirdparties\pdsc\STMicroelectronics.X-CUBE-SMBUS.2.1.1.pdsc: PDSC version is not supported
2026-09-18 19:56:35,430 [WARN] PackLoader:238 - Cannot read IP mode file for STMicroelectronics.X-CUBE-AZRTOS-F7.1.1.0
2026-09-18 19:56:35,474 [ERROR] Engine:463 - C:\Users\Hius\.stm32cubemx\thirdparties\pdsc\STMicroelectronics.X-CUBE-FREERTOS.1.6.0.pdsc: PDSC version is not supported
2026-09-18 19:56:35,491 [ERROR] Engine:463 - C:\Users\Hius\.stm32cubemx\thirdparties\pdsc\STMicroelectronics.FP-SNS-MOTENV1.5.1.0.pdsc: PDSC version is not supported
2026-09-18 19:56:35,558 [WARN] PackLoader:238 - Cannot read IP mode file for STMicroelectronics.X-CUBE-AZRTOS-H7RS.1.3.0
2026-09-18 19:56:35,580 [ERROR] Engine:463 - C:\Users\Hius\.stm32cubemx\thirdparties\pdsc\WES.I-CUBE-Cesium.1.4.0.pdsc: PDSC version is not supported
2026-09-18 19:56:35,600 [ERROR] Engine:463 - C:\Users\Hius\.stm32cubemx\thirdparties\pdsc\STMicroelectronics.X-CUBE-DISPLAY.3.0.0.pdsc: PDSC version is not supported
2026-09-18 19:56:35,630 [WARN] PackLoader:238 - Cannot read IP mode file for STMicroelectronics.X-CUBE-GNSS1.7.1.1
2026-09-18 19:56:35,650 [ERROR] Engine:463 - C:\Users\Hius\.stm32cubemx\thirdparties\pdsc\STMicroelectronics.FP-SNS-MOTENVWB1.1.5.0.pdsc: PDSC version is not supported
2026-09-18 19:56:35,674 [WARN] PackLoader:238 - Cannot read IP mode file for STMicroelectronics.X-CUBE-NFC10.1.0.0
2026-09-18 19:56:35,695 [ERROR] Engine:463 - C:\Users\Hius\.stm32cubemx\thirdparties\pdsc\STMicroelectronics.X-CUBE-ST60.1.1.0.pdsc: PDSC version is not supported
2026-09-18 19:56:35,712 [ERROR] Engine:463 - C:\Users\Hius\.stm32cubemx\thirdparties\pdsc\emotas.I-CUBE-CANOPEN.1.3.0.pdsc: PDSC version is not supported
2026-09-18 19:56:35,730 [WARN] PackLoader:238 - Cannot read IP mode file for wolfSSL.I-CUBE-wolfSSL.5.9.2
2026-09-18 19:56:35,760 [ERROR] Engine:463 - C:\Users\Hius\.stm32cubemx\thirdparties\pdsc\STMicroelectronics.X-CUBE-WBA.1.1.0.pdsc: PDSC version is not supported
2026-09-18 19:56:35,780 [ERROR] Engine:463 - C:\Users\Hius\.stm32cubemx\thirdparties\pdsc\STMicroelectronics.FP-SNS-STBOX1.2.1.0.pdsc: PDSC version is not supported
2026-09-18 19:56:35,800 [ERROR] Engine:463 - C:\Users\Hius\.stm32cubemx\thirdparties\pdsc\STMicroelectronics.FP-SNS-SMARTAG2.1.2.0.pdsc: PDSC version is not supported
2026-09-18 19:56:35,815 [ERROR] Engine:463 - C:\Users\Hius\.stm32cubemx\thirdparties\pdsc\STMicroelectronics.FP-SNS-FLIGHT1.5.1.0.pdsc: PDSC version is not supported
2026-09-18 19:56:35,850 [INFO] LogOutputStream:76 - [STDOUT_REDIRECT] 1 : Invalid condition id : UX_CORESTACK_Condition cause : null
2026-09-18 19:56:35,850 [INFO] LogOutputStream:76 - [STDOUT_REDIRECT] 1 : Invalid condition id : UX_CORESTACK_Condition cause : null
2026-09-18 19:56:35,850 [INFO] LogOutputStream:76 - [STDOUT_REDIRECT] 1 : Invalid condition id : UX_CORESTACK_Condition cause : null
2026-09-18 19:56:35,850 [INFO] LogOutputStream:76 - [STDOUT_REDIRECT] 1 : Invalid condition id : UX_CORESTACK_Condition cause : null
2026-09-18 19:56:35,850 [INFO] LogOutputStream:76 - [STDOUT_REDIRECT] 1 : Invalid condition id : UX_CORESTACK_Condition cause : null
2026-09-18 19:56:35,857 [WARN] PackLoader:238 - Cannot read IP mode file for STMicroelectronics.X-CUBE-AZRTOS-WL.2.0.0
2026-09-18 19:56:35,881 [WARN] PackLoader:238 - Cannot read IP mode file for STMicroelectronics.X-CUBE-BLE2.3.3.0
2026-09-18 19:56:35,900 [ERROR] Engine:463 - C:\Users\Hius\.stm32cubemx\thirdparties\pdsc\Avnet-IOTCONNECT.X-CUBE-iotc-st67-sdk.1.0.0.pdsc: PDSC version is not supported
2026-09-18 19:56:35,934 [ERROR] Engine:463 - C:\Users\Hius\.stm32cubemx\thirdparties\pdsc\Infineon.AIROC-Wi-Fi-Bluetooth-STM32.1.8.0.pdsc: PDSC version is not supported
2026-09-18 19:56:35,960 [WARN] PackLoader:238 - Cannot read IP mode file for STMicroelectronics.X-CUBE-NFC9.1.0.0
2026-09-18 19:56:35,981 [WARN] PackLoader:238 - Cannot read IP mode file for STMicroelectronics.X-CUBE-BLE1.7.1.0
2026-09-18 19:56:36,000 [WARN] PackLoader:238 - Cannot read IP mode file for wolfSSL.I-CUBE-wolfMQTT.1.19.2
2026-09-18 19:56:36,025 [WARN] PackLoader:238 - Cannot read IP mode file for STMicroelectronics.X-CUBE-EEPRMA1.5.2.0
2026-09-18 19:56:36,080 [WARN] PackLoader:238 - Cannot read IP mode file for STMicroelectronics.X-CUBE-AZRTOS-G0.1.1.0
2026-09-18 19:56:36,107 [WARN] PackLoader:238 - Cannot read IP mode file for STMicroelectronics.X-CUBE-NFC4.3.0.0
2026-09-18 19:56:36,114 [INFO] DbMcus:175 - Found 1951 MCUs (1903 are supported by CubeMX, 1903 are visible in CubeMX)
2026-09-18 19:56:36,120 [INFO] ApiDb:251 - Load user favorites file C:\Users\Hius/.stm32cubeide/favorites.mcus.txt: 0 item(s)
2026-09-18 19:56:36,120 [INFO] ApiDb:255 - User favorites MCUs=[]
2026-09-18 19:56:36,120 [INFO] DbMcus:187 - Set 0 / 0 favorites MCUs
2026-09-18 19:56:36,128 [ERROR] Engine:463 - C:\Users\Hius\.stm32cubemx\thirdparties\pdsc\EmbeddedOffice.I-CUBE-FS-RTOS.1.0.1.pdsc: PDSC version is not supported
2026-09-18 19:56:36,147 [WARN] PackLoader:238 - Cannot read IP mode file for wolfSSL.I-CUBE-wolfTPM.3.8.0
2026-09-18 19:56:36,172 [ERROR] Engine:463 - C:\Users\Hius\.stm32cubemx\thirdparties\pdsc\STMicroelectronics.X-CUBE-TCPP.4.2.0.pdsc: PDSC version is not supported
2026-09-18 19:56:36,191 [ERROR] Engine:463 - C:\Users\Hius\.stm32cubemx\thirdparties\pdsc\RealThread.X-CUBE-RT-Thread_Nano.4.1.1.pdsc: PDSC version is not supported
2026-09-18 19:56:36,212 [WARN] PackLoader:238 - Cannot read IP mode file for STMicroelectronics.FP-ATR-SIGFOX1.3.2.0
2026-09-18 19:56:36,234 [ERROR] Engine:463 - C:\Users\Hius\.stm32cubemx\thirdparties\pdsc\ITTIA_DB.I-CUBE-ITTIADB.8.9.0.pdsc: PDSC version is not supported
2026-09-18 19:56:36,250 [ERROR] Engine:463 - C:\Users\Hius\.stm32cubemx\thirdparties\pdsc\Cesanta.I-CUBE-Mongoose.7.21.7.pdsc: PDSC version is not supported
2026-09-18 19:56:36,274 [WARN] PackLoader:238 - Cannot read IP mode file for STMicroelectronics.X-CUBE-NFC6.3.2.0
2026-09-18 19:56:36,298 [WARN] PackLoader:238 - Cannot read IP mode file for STMicroelectronics.X-CUBE-AI.10.2.1
2026-09-18 19:56:36,350 [WARN] PackLoader:238 - Cannot read IP mode file for SEGGER.I-CUBE-embOS.1.3.1
2026-09-18 19:56:36,450 [ERROR] Engine:463 - C:\Users\Hius\.stm32cubemx\thirdparties\pdsc\STMicroelectronics.FP-SNS-STAIOTCFT.2.0.0.pdsc: PDSC version is not supported
2026-09-18 19:56:36,478 [WARN] PackLoader:238 - Cannot read IP mode file for STMicroelectronics.X-CUBE-NFC13.1.0.0
2026-09-18 19:56:36,503 [WARN] PackLoader:238 - Cannot read IP mode file for STMicroelectronics.X-CUBE-PM33A1.1.0.0
2026-09-18 19:56:36,541 [WARN] PackLoader:238 - Cannot read IP mode file for STMicroelectronics.X-CUBE-AZRTOS-F4.1.1.0
2026-09-18 19:56:36,564 [WARN] PackLoader:238 - Cannot read IP mode file for STMicroelectronics.X-CUBE-ISPU.2.1.0
2026-09-18 19:56:36,591 [ERROR] Engine:463 - C:\Users\Hius\.stm32cubemx\thirdparties\pdsc\STMicroelectronics.X-CUBE-IPS.3.2.0.pdsc: PDSC version is not supported
2026-09-18 19:56:36,607 [ERROR] Engine:463 - C:\Users\Hius\.stm32cubemx\thirdparties\pdsc\STMicroelectronics.eDS-WB_DPC_TT-BIDIR.2.1.1.pdsc: PDSC version is not supported
2026-09-18 19:56:36,628 [INFO] DbMcusDocs:79 - Found 669 MCUs documents
2026-09-18 19:56:36,628 [INFO] ApiDb:276 - Save user favorites file C:\Users\Hius/.stm32cubeide/favorites.mcus.txt: 0 item(s)
2026-09-18 19:56:36,630 [INFO] ApiDb:280 - User favorites MCUs=[]
2026-09-18 19:56:36,630 [INFO] DbMcusXml:100 - Load MCU database from D:\STM32CubeIDE_1.7.0\STM32CubeIDE\plugins\com.st.stm32cube.common.mx_6.3.0.202107141111\\db\/mcu/families.xml
2026-09-18 19:56:36,630 [WARN] PackLoader:238 - Cannot read IP mode file for STMicroelectronics.X-CUBE-NFC12.1.0.0
2026-09-18 19:56:36,674 [WARN] PackLoader:238 - Cannot read IP mode file for STMicroelectronics.X-CUBE-AZRTOS-L5.2.0.0
2026-09-18 19:56:36,726 [WARN] PackLoader:238 - Cannot read IP mode file for STMicroelectronics.X-CUBE-ALGOBUILD.1.5.0
2026-09-18 19:56:36,752 [ERROR] Engine:463 - C:\Users\Hius\.stm32cubemx\thirdparties\pdsc\STMicroelectronics.eDS-WB_DPC_VIENNA.1.2.0.pdsc: PDSC version is not supported
2026-09-18 19:56:36,865 [WARN] PackLoader:238 - Cannot read IP mode file for STMicroelectronics.X-CUBE-MEMS1.13.0.0
2026-09-18 19:56:37,080 [ERROR] Engine:463 - C:\Users\Hius\.stm32cubemx\thirdparties\pdsc\STMicroelectronics.eDS-WB_DPC_3PH2L-BIDIR.1.1.1.pdsc: PDSC version is not supported
2026-09-18 19:56:37,094 [ERROR] Engine:463 - C:\Users\Hius\.stm32cubemx\thirdparties\pdsc\STMicroelectronics.X-CUBE-ST67W61.1.3.0.pdsc: PDSC version is not supported
2026-09-18 19:56:37,120 [WARN] PackLoader:238 - Cannot read IP mode file for STMicroelectronics.X-CUBE-TOUCHGFX.4.26.1
2026-09-18 19:56:37,140 [ERROR] Engine:463 - C:\Users\Hius\.stm32cubemx\thirdparties\pdsc\STMicroelectronics.X-CUBE-DPower.1.3.0.pdsc: PDSC version is not supported
2026-09-18 19:56:37,190 [WARN] ConditionMgr:437 - getConditionDescription Invalid condition id : LAN8742 Phy interface Condition cause : null
2026-09-18 19:56:37,196 [WARN] PackLoader:238 - Cannot read IP mode file for STMicroelectronics.X-CUBE-AZRTOS-L4.2.0.0
2026-09-18 19:56:37,198 [WARN] ConditionMgr:1038 - genDependencies : Invalid condition id : LAN8742 Phy interface Condition cause : null
2026-09-18 19:56:37,198 [WARN] ConditionMgr:1038 - genDependencies : Invalid condition id : LAN8742 Phy interface Condition cause : null
2026-09-18 19:56:37,200 [WARN] ConditionMgr:1038 - genDependencies : Invalid condition id : LAN8742 Phy interface Condition cause : null
2026-09-18 19:56:37,242 [WARN] PackLoader:238 - Cannot read IP mode file for STMicroelectronics.X-CUBE-SFXS2LP1.4.0.0
2026-09-18 19:56:37,263 [WARN] PackLoader:238 - Cannot read IP mode file for STMicroelectronics.X-CUBE-WB05N.2.1.0
2026-09-18 19:56:37,304 [WARN] ConditionMgr:437 - getConditionDescription Invalid condition id : UX DEVICE CLASS RTOS Condition cause : null
2026-09-18 19:56:37,304 [WARN] ConditionMgr:437 - getConditionDescription Invalid condition id : UX DEVICE CLASS RTOS Condition cause : null
2026-09-18 19:56:37,306 [WARN] PackLoader:238 - Cannot read IP mode file for STMicroelectronics.X-CUBE-AZRTOS-WB.2.0.0
2026-09-18 19:56:37,307 [WARN] ConditionMgr:1038 - genDependencies : Invalid condition id : UX DEVICE CLASS RTOS Condition cause : null
2026-09-18 19:56:37,307 [WARN] ConditionMgr:1038 - genDependencies : Invalid condition id : UX DEVICE CLASS RTOS Condition cause : null
2026-09-18 19:56:37,307 [WARN] ConditionMgr:1038 - genDependencies : Invalid condition id : UX DEVICE CLASS RTOS Condition cause : null
2026-09-18 19:56:37,307 [WARN] ConditionMgr:1038 - genDependencies : Invalid condition id : UX DEVICE CLASS RTOS Condition cause : null
2026-09-18 19:56:37,307 [WARN] ConditionMgr:1038 - genDependencies : Invalid condition id : UX DEVICE CLASS RTOS Condition cause : null
2026-09-18 19:56:37,329 [ERROR] Engine:463 - C:\Users\Hius\.stm32cubemx\thirdparties\pdsc\quantropi.X-CUBE-qispace-sdk-base.2.1.0.pdsc: PDSC version is not supported
2026-09-18 19:56:37,352 [WARN] PackLoader:238 - Cannot read IP mode file for STMicroelectronics.X-CUBE-STSE01.2.0.0
2026-09-18 19:56:37,395 [WARN] PackLoader:238 - Cannot read IP mode file for STMicroelectronics.X-CUBE-SUBG2.5.0.0
2026-09-18 19:56:37,464 [WARN] PackLoader:238 - Cannot read IP mode file for STMicroelectronics.X-CUBE-AZRTOS-G4.2.0.0
2026-09-18 19:56:37,483 [INFO] DbMcusJson:93 - JSON generation date=Mon Jun 07 15:53:21 ICT 2021 (1623056001)
2026-09-18 19:56:37,501 [WARN] PackLoader:238 - Cannot read IP mode file for wolfSSL.I-CUBE-wolfSSH.1.4.20
2026-09-18 19:56:37,520 [WARN] PackLoader:238 - Cannot read IP mode file for STMicroelectronics.X-CUBE-NFC7.2.0.0
2026-09-18 19:56:37,546 [ERROR] Engine:463 - C:\Users\Hius\.stm32cubemx\thirdparties\pdsc\STMicroelectronics.X-CUBE-BLEMGR.4.2.0.pdsc: PDSC version is not supported
2026-09-18 19:56:37,564 [ERROR] Engine:463 - C:\Users\Hius\.stm32cubemx\thirdparties\pdsc\STMicroelectronics.X-CUBE-ALS.1.0.2.pdsc: PDSC version is not supported
2026-09-18 19:56:37,580 [ERROR] Engine:463 - C:\Users\Hius\.stm32cubemx\thirdparties\pdsc\STMicroelectronics.X-CUBE-TOF1.3.4.3.pdsc: PDSC version is not supported
2026-09-18 19:56:37,580 [INFO] ThirdParty:915 - Integrity check success = true
2026-09-18 19:56:37,580 [INFO] IntegrityCheckThread:94 - exiting critical section [integrity check]
2026-09-18 19:56:37,580 [INFO] IntegrityCheckThread:97 - End integrity checks thread
2026-09-18 19:56:37,890 [INFO] DbMcus:175 - Found 1951 MCUs (1903 are supported by CubeMX, 1903 are visible in CubeMX)
2026-09-18 19:56:37,890 [INFO] ApiDb:251 - Load user favorites file C:\Users\Hius/.stm32cubeide/favorites.mcus.txt: 0 item(s)
2026-09-18 19:56:37,890 [INFO] ApiDb:255 - User favorites MCUs=[]
2026-09-18 19:56:37,890 [INFO] DbMcus:187 - Set 0 / 0 favorites MCUs
2026-09-18 19:56:37,920 [INFO] DbBoardsDocs:143 - JSON generation date=Tue Jun 01 12:52:40 ICT 2021 (1622526760)
2026-09-18 19:56:37,935 [INFO] DbBoardsPdsc:90 - Found 25 items
2026-09-18 19:56:37,951 [INFO] DbBoardsPdsc:90 - Found 9 items
2026-09-18 19:56:37,967 [INFO] DbBoardsPdsc:90 - Found 33 items
2026-09-18 19:56:37,976 [INFO] DbBoardsPdsc:90 - Found 1 items
2026-09-18 19:56:37,990 [INFO] DbBoardsPdsc:90 - Found 48 items
2026-09-18 19:56:38,010 [INFO] DbBoardsPdsc:90 - Found 43 items
2026-09-18 19:56:38,020 [INFO] DbBoardsPdsc:90 - Found 2 items
2026-09-18 19:56:38,031 [INFO] DbBoardsPdsc:90 - Found 5 items
2026-09-18 19:56:38,031 [WARN] DbBoardsPdsc:254 - Board STM32H7B3I-DK: unknown feature type=Audio, name=, username=Audio stereo codec with Headphone Amp (CS42L51-CNZ), n=1
2026-09-18 19:56:38,031 [WARN] DbBoardsPdsc:254 - Board STM32H735G-DK: unknown feature type=Audio, name=, username=Audio stereo codec with Headphone Amp (WM8994ECS/R), n=1
2026-09-18 19:56:38,040 [WARN] DbBoardsPdsc:254 - Board STM32H7B3I-EVAL: unknown feature type=Audio, name=, username=Multi-Channel Audio Codec (CS42L51-CNZ), n=1
2026-09-18 19:56:38,040 [WARN] DbBoardsPdsc:254 - Board STM32H7B3I-EVAL: unknown feature type=Meter, name=, username=Power-metering and Temperature-monitoring with sigma-delta modulators, n=1
2026-09-18 19:56:38,040 [WARN] DbBoardsPdsc:254 - Board STM32H7B3I-EVAL: unknown feature type=Motor, name=, username=Motor Control, n=1
2026-09-18 19:56:38,040 [WARN] DbBoardsPdsc:254 - Board STM32U575I-EV: unknown feature type=joystick, name=, username=4-direction joystick with selection button, n=1
2026-09-18 19:56:38,060 [INFO] DbBoardsJson:86 - JSON generation date=Tue Jun 01 12:52:40 ICT 2021 (1622526760)
2026-09-18 19:56:38,061 [INFO] DbBoards:117 - Found 166 boards (163 are supported by CubeMX)
2026-09-18 19:56:38,070 [INFO] DbBoardsDocs:143 - JSON generation date=Tue Jun 01 12:52:40 ICT 2021 (1622526760)
2026-09-18 19:56:38,080 [INFO] DbBoardsDocs:79 - Found 193 boards documents
2026-09-18 19:56:38,080 [WARN] DbBoards:127 - board B-L462E-CELL1 has no document id list !
2026-09-18 19:56:38,080 [WARN] DbBoards:127 - board B-L475E-IOT01A2 has no document id list !
2026-09-18 19:56:38,080 [WARN] DbBoards:127 - board B-U585I-IOT02A has no document id list !
2026-09-18 19:56:38,080 [WARN] DbBoards:127 - board NUCLEO-G0B1RE has no document id list !
2026-09-18 19:56:38,080 [WARN] DbBoards:127 - board NUCLEO-H743ZI has no document id list !
2026-09-18 19:56:38,080 [WARN] DbBoards:127 - board NUCLEO-L4A6ZG has no document id list !
2026-09-18 19:56:38,080 [WARN] DbBoards:127 - board NUCLEO-U575ZI-Q has no document id list !
2026-09-18 19:56:38,080 [WARN] DbBoards:127 - board NUCLEO-WB15CC has no document id list !
2026-09-18 19:56:38,080 [WARN] DbBoards:127 - board NUCLEO-WB55RG has no document id list !
2026-09-18 19:56:38,080 [WARN] DbBoards:127 - board NUCLEO-WL55JC2 has no document id list !
2026-09-18 19:56:38,080 [WARN] DbBoards:127 - board P-NUCLEO-WB55-Nucleo has no document id list !
2026-09-18 19:56:38,080 [WARN] DbBoards:127 - board P-NUCLEO-WB55-USBDongle has no document id list !
2026-09-18 19:56:38,080 [WARN] DbBoards:127 - board STEVAL-BFA001V1B has no document id list !
2026-09-18 19:56:38,080 [WARN] DbBoards:127 - board STEVAL-BFA001V2B has no document id list !
2026-09-18 19:56:38,080 [WARN] DbBoards:127 - board STEVAL-IDP005V1 has no document id list !
2026-09-18 19:56:38,080 [WARN] DbBoards:127 - board STEVAL-IDP005V2 has no document id list !
2026-09-18 19:56:38,080 [WARN] DbBoards:127 - board STEVAL-MKSBOX1V1 has no document id list !
2026-09-18 19:56:38,080 [WARN] DbBoards:127 - board STEVAL-STWINKT1 has no document id list !
2026-09-18 19:56:38,080 [WARN] DbBoards:127 - board STEVAL-STWINKT1B has no document id list !
2026-09-18 19:56:38,080 [WARN] DbBoards:127 - board STM32F401C-DISCO has no document id list !
2026-09-18 19:56:38,080 [WARN] DbBoards:127 - board STM32F769I-DISC1 has no document id list !
2026-09-18 19:56:38,090 [WARN] DbBoards:127 - board STM32G0C1E-EV has no document id list !
2026-09-18 19:56:38,090 [WARN] DbBoards:127 - board STM32G474E-EVAL1 has no document id list !
2026-09-18 19:56:38,090 [WARN] DbBoards:127 - board STM32H743I-EVAL2 has no document id list !
2026-09-18 19:56:38,090 [WARN] DbBoards:127 - board STM32H747I-DISC1 has no document id list !
2026-09-18 19:56:38,090 [WARN] DbBoards:127 - board STM32H753I-EVAL2 has no document id list !
2026-09-18 19:56:38,090 [WARN] DbBoards:127 - board STM32L-DISCOVERY has no document id list !
2026-09-18 19:56:38,090 [WARN] DbBoards:127 - board STM32MP157A-DK1 has no document id list !
2026-09-18 19:56:38,090 [WARN] DbBoards:127 - board STM32MP157D-DK1 has no document id list !
2026-09-18 19:56:38,090 [WARN] DbBoards:127 - board STM32MP157D-EV1 has no document id list !
2026-09-18 19:56:38,090 [WARN] DbBoards:127 - board STM32MP157F-DK2 has no document id list !
2026-09-18 19:56:38,090 [WARN] DbBoards:127 - board STM32MP157F-EV1 has no document id list !
2026-09-18 19:56:38,090 [WARN] DbBoards:127 - board STM32U575I-EV has no document id list !
2026-09-18 19:56:38,090 [WARN] DbBoards:127 - board STM32WB5MM-DK has no document id list !
2026-09-18 19:56:40,140 [INFO] ApiDb:251 - Load user favorites file C:\Users\Hius/.stm32cubeide/favorites.boards.txt: 0 item(s)
2026-09-18 19:56:40,140 [INFO] ApiDb:255 - User favorites Boards=[]
2026-09-18 19:56:40,140 [INFO] DbBoards:206 - Set 0 / 0 favorites Boards
2026-09-18 19:56:40,150 [INFO] DbBoardsDocs:79 - Found 386 boards documents
2026-09-18 19:56:40,150 [INFO] ApiDb:276 - Save user favorites file C:\Users\Hius/.stm32cubeide/favorites.boards.txt: 0 item(s)
2026-09-18 19:56:40,150 [INFO] ApiDb:280 - User favorites Boards=[]
2026-09-18 19:56:40,158 [INFO] DbBoardsPdsc:90 - Found 25 items
2026-09-18 19:56:40,160 [INFO] DbBoardsPdsc:90 - Found 9 items
2026-09-18 19:56:40,160 [INFO] DbBoardsPdsc:90 - Found 33 items
2026-09-18 19:56:40,160 [INFO] DbBoardsPdsc:90 - Found 1 items
2026-09-18 19:56:40,160 [INFO] DbBoardsPdsc:90 - Found 48 items
2026-09-18 19:56:40,174 [INFO] DbBoardsPdsc:90 - Found 43 items
2026-09-18 19:56:40,174 [INFO] DbBoardsPdsc:90 - Found 2 items
2026-09-18 19:56:40,178 [INFO] DbBoardsPdsc:90 - Found 5 items
2026-09-18 19:56:40,180 [WARN] DbBoardsPdsc:254 - Board STM32H7B3I-DK: unknown feature type=Audio, name=, username=Audio stereo codec with Headphone Amp (CS42L51-CNZ), n=1
2026-09-18 19:56:40,180 [WARN] DbBoardsPdsc:254 - Board STM32H735G-DK: unknown feature type=Audio, name=, username=Audio stereo codec with Headphone Amp (WM8994ECS/R), n=1
2026-09-18 19:56:40,180 [WARN] DbBoardsPdsc:254 - Board STM32H7B3I-EVAL: unknown feature type=Audio, name=, username=Multi-Channel Audio Codec (CS42L51-CNZ), n=1
2026-09-18 19:56:40,180 [WARN] DbBoardsPdsc:254 - Board STM32H7B3I-EVAL: unknown feature type=Meter, name=, username=Power-metering and Temperature-monitoring with sigma-delta modulators, n=1
2026-09-18 19:56:40,180 [WARN] DbBoardsPdsc:254 - Board STM32H7B3I-EVAL: unknown feature type=Motor, name=, username=Motor Control, n=1
2026-09-18 19:56:40,191 [WARN] DbBoardsPdsc:254 - Board STM32U575I-EV: unknown feature type=joystick, name=, username=4-direction joystick with selection button, n=1
2026-09-18 19:56:40,204 [INFO] DbBoardsJson:86 - JSON generation date=Tue Jun 01 12:52:40 ICT 2021 (1622526760)
2026-09-18 19:56:40,212 [INFO] DbBoards:117 - Found 166 boards (163 are supported by CubeMX)
2026-09-18 19:56:40,212 [WARN] DbBoards:127 - board B-L462E-CELL1 has no document id list !
2026-09-18 19:56:40,212 [WARN] DbBoards:127 - board B-L475E-IOT01A2 has no document id list !
2026-09-18 19:56:40,212 [WARN] DbBoards:127 - board B-U585I-IOT02A has no document id list !
2026-09-18 19:56:40,212 [WARN] DbBoards:127 - board NUCLEO-G0B1RE has no document id list !
2026-09-18 19:56:40,212 [WARN] DbBoards:127 - board NUCLEO-H743ZI has no document id list !
2026-09-18 19:56:40,212 [WARN] DbBoards:127 - board NUCLEO-L4A6ZG has no document id list !
2026-09-18 19:56:40,212 [WARN] DbBoards:127 - board NUCLEO-U575ZI-Q has no document id list !
2026-09-18 19:56:40,212 [WARN] DbBoards:127 - board NUCLEO-WB15CC has no document id list !
2026-09-18 19:56:40,212 [WARN] DbBoards:127 - board NUCLEO-WB55RG has no document id list !
2026-09-18 19:56:40,212 [WARN] DbBoards:127 - board NUCLEO-WL55JC2 has no document id list !
2026-09-18 19:56:40,212 [WARN] DbBoards:127 - board P-NUCLEO-WB55-Nucleo has no document id list !
2026-09-18 19:56:40,212 [WARN] DbBoards:127 - board P-NUCLEO-WB55-USBDongle has no document id list !
2026-09-18 19:56:40,212 [WARN] DbBoards:127 - board STEVAL-BFA001V1B has no document id list !
2026-09-18 19:56:40,212 [WARN] DbBoards:127 - board STEVAL-BFA001V2B has no document id list !
2026-09-18 19:56:40,212 [WARN] DbBoards:127 - board STEVAL-IDP005V1 has no document id list !
2026-09-18 19:56:40,212 [WARN] DbBoards:127 - board STEVAL-IDP005V2 has no document id list !
2026-09-18 19:56:40,212 [WARN] DbBoards:127 - board STEVAL-MKSBOX1V1 has no document id list !
2026-09-18 19:56:40,212 [WARN] DbBoards:127 - board STEVAL-STWINKT1 has no document id list !
2026-09-18 19:56:40,212 [WARN] DbBoards:127 - board STEVAL-STWINKT1B has no document id list !
2026-09-18 19:56:40,212 [WARN] DbBoards:127 - board STM32F401C-DISCO has no document id list !
2026-09-18 19:56:40,212 [WARN] DbBoards:127 - board STM32F769I-DISC1 has no document id list !
2026-09-18 19:56:40,212 [WARN] DbBoards:127 - board STM32G0C1E-EV has no document id list !
2026-09-18 19:56:40,212 [WARN] DbBoards:127 - board STM32G474E-EVAL1 has no document id list !
2026-09-18 19:56:40,212 [WARN] DbBoards:127 - board STM32H743I-EVAL2 has no document id list !
2026-09-18 19:56:40,212 [WARN] DbBoards:127 - board STM32H747I-DISC1 has no document id list !
2026-09-18 19:56:40,212 [WARN] DbBoards:127 - board STM32H753I-EVAL2 has no document id list !
2026-09-18 19:56:40,212 [WARN] DbBoards:127 - board STM32L-DISCOVERY has no document id list !
2026-09-18 19:56:40,212 [WARN] DbBoards:127 - board STM32MP157A-DK1 has no document id list !
2026-09-18 19:56:40,212 [WARN] DbBoards:127 - board STM32MP157D-DK1 has no document id list !
2026-09-18 19:56:40,212 [WARN] DbBoards:127 - board STM32MP157D-EV1 has no document id list !
2026-09-18 19:56:40,212 [WARN] DbBoards:127 - board STM32MP157F-DK2 has no document id list !
2026-09-18 19:56:40,212 [WARN] DbBoards:127 - board STM32MP157F-EV1 has no document id list !
2026-09-18 19:56:40,212 [WARN] DbBoards:127 - board STM32U575I-EV has no document id list !
2026-09-18 19:56:40,212 [WARN] DbBoards:127 - board STM32WB5MM-DK has no document id list !
2026-09-18 19:56:41,590 [INFO] ApiDb:251 - Load user favorites file C:\Users\Hius/.stm32cubeide/favorites.boards.txt: 0 item(s)
2026-09-18 19:56:41,590 [INFO] ApiDb:255 - User favorites Boards=[]
2026-09-18 19:56:41,590 [INFO] DbBoards:206 - Set 0 / 0 favorites Boards
2026-09-18 19:56:41,613 [ERROR] TargetSelectorAdapter:232 - Unable to refresh data
2026-09-18 19:56:42,044 [INFO] McuFinderGlobals:52 - Set McuFinderConnectedMode to false
2026-09-18 19:56:42,150 [INFO] CrossSelectorPresenter:1330 - Cross Selector saved comparison directory: C:\Users\Hius\.stmcufinder\plugins\mcufinder\mcu\cs_comparisons_mx
2026-09-18 19:56:42,159 [INFO] MultiScanPanel:197 - Auto-refresh data requested => check proxy status ongoing
2026-09-18 19:56:42,159 [INFO] MultiScanPanel:201 - Proxy status is invalid
2026-09-18 19:56:42,160 [INFO] FinderPluginLoader:87 - Searching for filters in installed packs
2026-09-18 19:56:42,622 [WARN] DetailPanel:314 - Failed to get advertising image, set to default
2026-09-18 19:58:00,776 [INFO] MainUpdater:2671 - connection check result : 10
2026-09-18 19:58:00,778 [INFO] MainUpdater:2671 - connection check result : 10
2026-09-18 19:58:00,886 [INFO] MicroXplorer:448 - Change Database Path : 
2026-09-18 19:58:00,889 [INFO] MicroXplorer:478 - Change Database Version : DB.6.0.30
2026-09-18 19:58:00,889 [WARN] ThirdParty:813 - waiting for thirdparty lock release [close project]
2026-09-18 19:58:00,889 [INFO] ThirdParty:815 - entering critical section [close project]
2026-09-18 19:58:00,889 [INFO] ThirdParty:825 - exiting critical section [close project]
2026-09-18 19:58:00,896 [INFO] PinOutPanel:1463 - setPackage(No Configuration,No Configuration)
2026-09-18 19:58:00,902 [INFO] UtilMem:74 - Begin LoadConfig() Used Memory: 553886576 Bytes (579862528)
2026-09-18 19:58:00,904 [INFO] MicroXplorer:448 - Change Database Path : 
2026-09-18 19:58:00,904 [INFO] MicroXplorer:478 - Change Database Version : DB.6.0.30
2026-09-18 19:58:00,904 [INFO] OpenFileManager:313 - Change cursor
2026-09-18 19:58:01,976 [INFO] Context:592 - Trying to add GPIOservice into a context  which must be forbidden
2026-09-18 19:58:02,194 [INFO] ImportTextPane:167 - (OptionalMessage_ERROR) Unable to find key (Mcu.ThirdPartyNb) in loaded IOC file
2026-09-18 19:58:02,194 [INFO] ImportTextPane:167 - (OptionalMessage_ERROR) Unable to find key (Mcu.PinsNb) in loaded IOC file
2026-09-18 19:58:02,194 [INFO] ImportTextPane:167 - (OptionalMessage_ERROR) Unable to find key (Mcu.IPNb) in loaded IOC file
2026-09-18 19:58:02,242 [WARN] ApiManager:304 - Cannot register API 'Board Extension:PM33A1' from pack STMicroelectronics.X-CUBE-PM33A1.1.0.0: no header file found
2026-09-18 19:58:02,242 [WARN] ApiManager:304 - Cannot register API 'Board Extension:NFC09A1' from pack STMicroelectronics.X-CUBE-NFC9.1.0.0: no header file found
2026-09-18 19:58:02,255 [WARN] ApiManager:304 - Cannot register API 'Wireless:BlueNRG-MS' from pack STMicroelectronics.X-CUBE-BLE1.7.1.0: no header file found
2026-09-18 19:58:02,258 [WARN] ApiManager:304 - Cannot register API 'Board Extension:EEPRMA2' from pack STMicroelectronics.X-CUBE-EEPRMA1.5.2.0: no header file found
2026-09-18 19:58:02,258 [WARN] ApiManager:304 - Cannot register API 'Board Extension:PGEEZ1' from pack STMicroelectronics.X-CUBE-EEPRMA1.5.2.0: no header file found
2026-09-18 19:58:02,258 [WARN] ApiManager:304 - Cannot register API 'Board Extension:EEICA1' from pack STMicroelectronics.X-CUBE-EEPRMA1.5.2.0: no header file found
2026-09-18 19:58:02,258 [WARN] ApiManager:304 - Cannot register API 'Board Part:M24' from pack STMicroelectronics.X-CUBE-EEPRMA1.5.2.0: no header file found
2026-09-18 19:58:02,258 [WARN] ApiManager:304 - Cannot register API 'Board Part:M95' from pack STMicroelectronics.X-CUBE-EEPRMA1.5.2.0: no header file found
2026-09-18 19:58:02,258 [WARN] ApiManager:304 - Cannot register API 'Board Part:M95P32' from pack STMicroelectronics.X-CUBE-EEPRMA1.5.2.0: no header file found
2026-09-18 19:58:02,258 [WARN] ApiManager:304 - Cannot register API 'Board Part:M24256E-F' from pack STMicroelectronics.X-CUBE-EEPRMA1.5.2.0: no header file found
2026-09-18 19:58:02,258 [WARN] ApiManager:304 - Cannot register API 'Board Part:M24M01E-F' from pack STMicroelectronics.X-CUBE-EEPRMA1.5.2.0: no header file found
2026-09-18 19:58:02,258 [WARN] ApiManager:304 - Cannot register API 'PGEEZ1:SPI' from pack STMicroelectronics.X-CUBE-EEPRMA1.5.2.0: no header file found
2026-09-18 19:58:02,258 [WARN] ApiManager:304 - Cannot register API 'PGEEZ1:QDSPI' from pack STMicroelectronics.X-CUBE-EEPRMA1.5.2.0: no header file found
2026-09-18 19:58:02,260 [WARN] ApiManager:304 - Cannot register API 'Board Extension:NFC12A1' from pack STMicroelectronics.X-CUBE-NFC12.1.0.0: no header file found
2026-09-18 19:58:02,268 [WARN] ApiManager:304 - Cannot register API 'Board Extension:SAFEA1' from pack STMicroelectronics.X-CUBE-STSE01.2.0.0: no header file found
2026-09-18 19:58:02,268 [WARN] ApiManager:304 - Cannot register API 'Board Extension:ESE01A1' from pack STMicroelectronics.X-CUBE-STSE01.2.0.0: no header file found
2026-09-18 19:58:02,268 [WARN] ApiManager:304 - Cannot register API 'Board Extension:ESE02A1' from pack STMicroelectronics.X-CUBE-STSE01.2.0.0: no header file found
2026-09-18 19:58:02,268 [WARN] ApiManager:304 - Cannot register API 'Board Part:STSAFEA110' from pack STMicroelectronics.X-CUBE-STSE01.2.0.0: no header file found
2026-09-18 19:58:02,268 [WARN] ApiManager:304 - Cannot register API 'Board Part:STSAFEA120' from pack STMicroelectronics.X-CUBE-STSE01.2.0.0: no header file found
2026-09-18 19:58:02,268 [WARN] ApiManager:304 - Cannot register API 'Board Part:STSAFEL010' from pack STMicroelectronics.X-CUBE-STSE01.2.0.0: no header file found
2026-09-18 19:58:02,268 [WARN] ApiManager:304 - Cannot register API 'Security:STM32_Cryptographic' from pack STMicroelectronics.X-CUBE-STSE01.2.0.0: no header file found
2026-09-18 19:58:02,268 [WARN] ApiManager:304 - Cannot register API 'Security:STSELib' from pack STMicroelectronics.X-CUBE-STSE01.2.0.0: no header file found
2026-09-18 19:58:02,270 [INFO] RtosManager:484 - Registered RTOS mode: class=CMSIS, group=RTOS, mode=CMSIS_V1, owner=FREERTOS
2026-09-18 19:58:02,270 [INFO] RtosManager:484 - Registered RTOS mode: class=CMSIS, group=RTOS2, mode=CMSIS_V2, owner=FREERTOS
2026-09-18 19:58:02,270 [INFO] RtosManager:484 - Registered RTOS mode: class=RTOS, group=Core, mode=CMSIS_V1, owner=FREERTOS
2026-09-18 19:58:02,270 [INFO] RtosManager:484 - Registered RTOS mode: class=RTOS, group=Core, mode=CMSIS_V2, owner=FREERTOS
2026-09-18 19:58:02,270 [WARN] ModelIntegratedComponent:181 - Missing modes for component STMicroelectronics:FreeRTOS:0.0.1:STMicroelectronics:RTOS:FreeRTOS:Core:::10.2.0:
2026-09-18 19:58:02,274 [WARN] ApiManager:304 - Cannot register API 'Board Extension:NFC04A1' from pack STMicroelectronics.X-CUBE-NFC4.3.0.0: no header file found
2026-09-18 19:58:02,278 [WARN] ApiManager:304 - Cannot register API 'Board Extension:S2868A1' from pack STMicroelectronics.X-CUBE-SUBG2.5.0.0: no header file found
2026-09-18 19:58:02,278 [WARN] ApiManager:304 - Cannot register API 'Board Extension:S2868A2' from pack STMicroelectronics.X-CUBE-SUBG2.5.0.0: no header file found
2026-09-18 19:58:02,278 [WARN] ApiManager:304 - Cannot register API 'Board Extension:S2915A1' from pack STMicroelectronics.X-CUBE-SUBG2.5.0.0: no header file found
2026-09-18 19:58:02,409 [WARN] ApiManager:304 - Cannot register API 'Board Extension:IKS02A1' from pack STMicroelectronics.X-CUBE-MEMS1.13.0.0: no header file found
2026-09-18 19:58:02,409 [WARN] ApiManager:304 - Cannot register API 'Board Extension:IKS4A1' from pack STMicroelectronics.X-CUBE-MEMS1.13.0.0: no header file found
2026-09-18 19:58:02,409 [WARN] ApiManager:304 - Cannot register API 'Board Extension:IKS5A1' from pack STMicroelectronics.X-CUBE-MEMS1.13.0.0: no header file found
2026-09-18 19:58:02,421 [WARN] ApiManager:304 - Cannot register API 'Board Extension:NFC07A1' from pack STMicroelectronics.X-CUBE-NFC7.2.0.0: no header file found
2026-09-18 19:58:02,421 [WARN] ApiManager:304 - Cannot register API 'Board Extension:GNSS1A1' from pack STMicroelectronics.X-CUBE-GNSS1.7.1.1: no header file found
2026-09-18 19:58:02,421 [WARN] ApiManager:304 - Cannot register API 'Board Support:Custom' from pack STMicroelectronics.X-CUBE-GNSS1.7.1.1: no header file found
2026-09-18 19:58:02,421 [WARN] ApiManager:304 - Cannot register API 'Data Exchange:lib_gnss' from pack STMicroelectronics.X-CUBE-GNSS1.7.1.1: no header file found
2026-09-18 19:58:02,423 [WARN] ApiManager:304 - Cannot register API 'Board Extension:NFC10A1' from pack STMicroelectronics.X-CUBE-NFC10.1.0.0: no header file found
2026-09-18 19:58:02,425 [WARN] ModelIntegratedComponent:60 - No mode defined for component null
2026-09-18 19:58:02,425 [WARN] ModelIntegratedComponent:60 - No mode defined for component null
2026-09-18 19:58:02,425 [WARN] ModelIntegratedComponent:60 - No mode defined for component null
2026-09-18 19:58:02,425 [WARN] ModelIntegratedComponent:60 - No mode defined for component null
2026-09-18 19:58:02,425 [WARN] ModelIntegratedComponent:60 - No mode defined for component null
2026-09-18 19:58:02,425 [WARN] ModelIntegratedComponent:60 - No mode defined for component null
2026-09-18 19:58:02,425 [WARN] ModelIntegratedComponent:60 - No mode defined for component null
2026-09-18 19:58:02,425 [WARN] ModelIntegratedComponent:60 - No mode defined for component null
2026-09-18 19:58:02,425 [WARN] ModelIntegratedComponent:60 - No mode defined for component null
2026-09-18 19:58:02,425 [WARN] ModelIntegratedComponent:60 - No mode defined for component null
2026-09-18 19:58:02,425 [WARN] ModelIntegratedComponent:60 - No mode defined for component null
2026-09-18 19:58:02,425 [WARN] ModelIntegratedComponent:60 - No mode defined for component null
2026-09-18 19:58:02,425 [WARN] ModelIntegratedComponent:60 - No mode defined for component null
2026-09-18 19:58:02,425 [WARN] ModelIntegratedComponent:60 - No mode defined for component null
2026-09-18 19:58:02,425 [WARN] ModelIntegratedComponent:60 - No mode defined for component null
2026-09-18 19:58:02,425 [WARN] ModelIntegratedComponent:60 - No mode defined for component null
2026-09-18 19:58:02,425 [WARN] ModelIntegratedComponent:60 - No mode defined for component null
2026-09-18 19:58:02,425 [WARN] ModelIntegratedComponent:60 - No mode defined for component null
2026-09-18 19:58:02,425 [WARN] ModelIntegratedComponent:60 - No mode defined for component null
2026-09-18 19:58:02,425 [WARN] ModelIntegratedComponent:60 - No mode defined for component null
2026-09-18 19:58:02,425 [WARN] ModelIntegratedComponent:60 - No mode defined for component null
2026-09-18 19:58:02,425 [WARN] ModelIntegratedComponent:60 - No mode defined for component null
2026-09-18 19:58:02,425 [WARN] ModelIntegratedComponent:60 - No mode defined for component null
2026-09-18 19:58:02,425 [WARN] ModelIntegratedComponent:60 - No mode defined for component null
2026-09-18 19:58:02,425 [WARN] ModelIntegratedComponent:60 - No mode defined for component null
2026-09-18 19:58:02,425 [WARN] ModelIntegratedComponent:60 - No mode defined for component null
2026-09-18 19:58:02,425 [WARN] ModelIntegratedComponent:60 - No mode defined for component null
2026-09-18 19:58:02,425 [WARN] ModelIntegratedComponent:60 - No mode defined for component null
2026-09-18 19:58:02,425 [WARN] ModelIntegratedComponent:60 - No mode defined for component null
2026-09-18 19:58:02,425 [WARN] ModelIntegratedComponent:60 - No mode defined for component null
2026-09-18 19:58:02,425 [WARN] ModelIntegratedComponent:60 - No mode defined for component null
2026-09-18 19:58:02,427 [WARN] ApiManager:304 - Cannot register API 'Board Extension:NFC06A1' from pack STMicroelectronics.X-CUBE-NFC6.3.2.0: no header file found
2026-09-18 19:58:02,427 [WARN] ApiManager:304 - Cannot register API 'Board Extension:NFC08A1' from pack STMicroelectronics.X-CUBE-NFC6.3.2.0: no header file found
2026-09-18 19:58:02,437 [WARN] ApiManager:304 - Cannot register API 'Board Extension:S2868A1' from pack STMicroelectronics.X-CUBE-SFXS2LP1.4.0.0: no header file found
2026-09-18 19:58:02,437 [WARN] ApiManager:304 - Cannot register API 'Board Extension:S2868A2' from pack STMicroelectronics.X-CUBE-SFXS2LP1.4.0.0: no header file found
2026-09-18 19:58:02,437 [WARN] ApiManager:304 - Cannot register API 'Board Extension:S2915A1' from pack STMicroelectronics.X-CUBE-SFXS2LP1.4.0.0: no header file found
2026-09-18 19:58:02,437 [WARN] ApiManager:304 - Cannot register API 'Wireless:BlueNRG-2' from pack STMicroelectronics.X-CUBE-BLE2.3.3.0: no header file found
2026-09-18 19:58:02,437 [WARN] ApiManager:304 - Cannot register API 'Board Extension:NFC13A1' from pack STMicroelectronics.X-CUBE-NFC13.1.0.0: no header file found
2026-09-18 19:58:02,437 [WARN] ApiManager:304 - Cannot register API 'Wireless:STM32WB05N' from pack STMicroelectronics.X-CUBE-WB05N.2.1.0: no header file found
2026-09-18 19:58:03,764 [INFO] UtilMem:74 - End LoadConfig() Used Memory: 643274000 Bytes (741343232)
2026-09-18 19:58:03,764 [WARN] ThirdParty:779 - waiting for thirdparty lock release [change project]
2026-09-18 19:58:03,764 [INFO] ThirdParty:781 - entering critical section [change project]
2026-09-18 19:58:03,764 [INFO] ThirdParty:967 - CMSIS Pack Vendor :STMicroelectronics X-CUBE-AZRTOS-H7 3.5.0
2026-09-18 19:58:03,764 [INFO] ThirdParty:967 - CMSIS Pack Vendor :STMicroelectronics X-CUBE-PM33A1 1.0.0
2026-09-18 19:58:03,764 [INFO] ThirdParty:967 - CMSIS Pack Vendor :STMicroelectronics X-CUBE-NFC9 1.0.0
2026-09-18 19:58:03,764 [INFO] ThirdParty:967 - CMSIS Pack Vendor :STMicroelectronics USB_HOST 2.0.0
2026-09-18 19:58:03,764 [INFO] ThirdParty:967 - CMSIS Pack Vendor :STMicroelectronics FP-ATR-ASTRA1 2.0.3
2026-09-18 19:58:03,764 [INFO] ThirdParty:967 - CMSIS Pack Vendor :STMicroelectronics X-CUBE-AZRTOS-F4 1.1.0
2026-09-18 19:58:03,764 [INFO] ThirdParty:967 - CMSIS Pack Vendor :STMicroelectronics X-CUBE-BLE1 7.1.0
2026-09-18 19:58:03,764 [INFO] ThirdParty:967 - CMSIS Pack Vendor :wolfSSL I-CUBE-wolfMQTT 1.19.2
2026-09-18 19:58:03,775 [INFO] ThirdParty:967 - CMSIS Pack Vendor :STMicroelectronics USB_DEVICE 3.0.0
2026-09-18 19:58:03,775 [INFO] ThirdParty:967 - CMSIS Pack Vendor :STMicroelectronics X-CUBE-ISPU 2.1.0
2026-09-18 19:58:03,775 [INFO] ThirdParty:967 - CMSIS Pack Vendor :STMicroelectronics X-CUBE-EEPRMA1 5.2.0
2026-09-18 19:58:03,775 [INFO] ThirdParty:967 - CMSIS Pack Vendor :STMicroelectronics X-CUBE-AZRTOS-WB 2.0.0
2026-09-18 19:58:03,775 [INFO] ThirdParty:967 - CMSIS Pack Vendor :STMicroelectronics X-CUBE-NFC12 1.0.0
2026-09-18 19:58:03,775 [INFO] ThirdParty:967 - CMSIS Pack Vendor :STMicroelectronics X-CUBE-AZRTOS-F7 1.1.0
2026-09-18 19:58:03,775 [INFO] ThirdParty:967 - CMSIS Pack Vendor :STMicroelectronics X-CUBE-AZRTOS-L5 2.0.0
2026-09-18 19:58:03,775 [INFO] ThirdParty:967 - CMSIS Pack Vendor :STMicroelectronics USB_DEVICE 2.0.0
2026-09-18 19:58:03,775 [INFO] ThirdParty:967 - CMSIS Pack Vendor :STMicroelectronics X-CUBE-STSE01 2.0.0
2026-09-18 19:58:03,775 [INFO] ThirdParty:967 - CMSIS Pack Vendor :STMicroelectronics X-CUBE-ALGOBUILD 1.5.0
2026-09-18 19:58:03,775 [INFO] ThirdParty:967 - CMSIS Pack Vendor :STMicroelectronics FreeRTOS 0.0.1
2026-09-18 19:58:03,775 [INFO] ThirdParty:967 - CMSIS Pack Vendor :STMicroelectronics X-CUBE-AZRTOS-H7RS 1.3.0
2026-09-18 19:58:03,775 [INFO] ThirdParty:967 - CMSIS Pack Vendor :STMicroelectronics X-CUBE-AZRTOS-G0 1.1.0
2026-09-18 19:58:03,775 [INFO] ThirdParty:967 - CMSIS Pack Vendor :STMicroelectronics X-CUBE-NFC4 3.0.0
2026-09-18 19:58:03,775 [INFO] ThirdParty:967 - CMSIS Pack Vendor :STMicroelectronics X-CUBE-SUBG2 5.0.0
2026-09-18 19:58:03,775 [INFO] ThirdParty:967 - CMSIS Pack Vendor :STMicroelectronics lwIP 2.0.3
2026-09-18 19:58:03,775 [INFO] ThirdParty:967 - CMSIS Pack Vendor :STMicroelectronics X-CUBE-MEMS1 13.0.0
2026-09-18 19:58:03,775 [INFO] ThirdParty:967 - CMSIS Pack Vendor :STMicroelectronics USB_HOST 1.0.0
2026-09-18 19:58:03,775 [INFO] ThirdParty:967 - CMSIS Pack Vendor :STMicroelectronics X-CUBE-AZRTOS-G4 2.0.0
2026-09-18 19:58:03,775 [INFO] ThirdParty:967 - CMSIS Pack Vendor :STMicroelectronics PDM2PCM 3.1.0
2026-09-18 19:58:03,775 [INFO] ThirdParty:967 - CMSIS Pack Vendor :STMicroelectronics PDM2PCM 3.3.0
2026-09-18 19:58:03,775 [INFO] ThirdParty:967 - CMSIS Pack Vendor :wolfSSL I-CUBE-wolfTPM 3.8.0
2026-09-18 19:58:03,775 [INFO] ThirdParty:967 - CMSIS Pack Vendor :wolfSSL I-CUBE-wolfSSH 1.4.20
2026-09-18 19:58:03,775 [INFO] ThirdParty:967 - CMSIS Pack Vendor :STMicroelectronics X-CUBE-NFC7 2.0.0
2026-09-18 19:58:03,775 [INFO] ThirdParty:967 - CMSIS Pack Vendor :STMicroelectronics X-CUBE-GNSS1 7.1.1
2026-09-18 19:58:03,775 [INFO] ThirdParty:967 - CMSIS Pack Vendor :STMicroelectronics FP-ATR-SIGFOX1 3.2.0
2026-09-18 19:58:03,775 [INFO] ThirdParty:967 - CMSIS Pack Vendor :STMicroelectronics X-CUBE-NFC10 1.0.0
2026-09-18 19:58:03,775 [INFO] ThirdParty:967 - CMSIS Pack Vendor :STMicroelectronics HAL Drivers 0.0.0
2026-09-18 19:58:03,775 [INFO] ThirdParty:967 - CMSIS Pack Vendor :STMicroelectronics MBEDTLS 2.16.2
2026-09-18 19:58:03,775 [INFO] ThirdParty:967 - CMSIS Pack Vendor :wolfSSL I-CUBE-wolfSSL 5.9.2
2026-09-18 19:58:03,775 [INFO] ThirdParty:967 - CMSIS Pack Vendor :STMicroelectronics MBEDTLS 2.14.1
2026-09-18 19:58:03,775 [INFO] ThirdParty:967 - CMSIS Pack Vendor :STMicroelectronics X-CUBE-TOUCHGFX 4.26.1
2026-09-18 19:58:03,775 [INFO] ThirdParty:967 - CMSIS Pack Vendor :STMicroelectronics X-CUBE-NFC6 3.2.0
2026-09-18 19:58:03,775 [INFO] ThirdParty:967 - CMSIS Pack Vendor :STMicroelectronics X-CUBE-AI 10.2.1
2026-09-18 19:58:03,775 [INFO] ThirdParty:967 - CMSIS Pack Vendor :STMicroelectronics X-CUBE-AZRTOS-WL 2.0.0
2026-09-18 19:58:03,775 [INFO] ThirdParty:967 - CMSIS Pack Vendor :SEGGER I-CUBE-embOS 1.3.1
2026-09-18 19:58:03,775 [INFO] ThirdParty:967 - CMSIS Pack Vendor :STMicroelectronics USB_DEVICE 1.0.0
2026-09-18 19:58:03,775 [INFO] ThirdParty:967 - CMSIS Pack Vendor :STMicroelectronics X-CUBE-AZRTOS-L4 2.0.0
2026-09-18 19:58:03,775 [INFO] ThirdParty:967 - CMSIS Pack Vendor :STMicroelectronics ThreadX 0.0.2
2026-09-18 19:58:03,775 [INFO] ThirdParty:967 - CMSIS Pack Vendor :STMicroelectronics lwIP 2.1.2
2026-09-18 19:58:03,775 [INFO] ThirdParty:967 - CMSIS Pack Vendor :STMicroelectronics X-CUBE-SFXS2LP1 4.0.0
2026-09-18 19:58:03,775 [INFO] ThirdParty:967 - CMSIS Pack Vendor :STMicroelectronics X-CUBE-BLE2 3.3.0
2026-09-18 19:58:03,775 [INFO] ThirdParty:967 - CMSIS Pack Vendor :STMicroelectronics X-CUBE-NFC13 1.0.0
2026-09-18 19:58:03,775 [INFO] ThirdParty:967 - CMSIS Pack Vendor :STMicroelectronics PDM2PCM 3.2.0
2026-09-18 19:58:03,775 [INFO] ThirdParty:967 - CMSIS Pack Vendor :STMicroelectronics X-CUBE-WB05N 2.1.0
2026-09-18 19:58:03,775 [INFO] ThirdParty:787 - exiting critical section [change project]
2026-09-18 19:58:03,989 [INFO] PinOutPanel:1463 - setPackage(No Configuration,No Configuration)
2026-09-18 19:58:03,990 [INFO] PinOutPanel:1463 - setPackage(STM32F103C6Ux,UFQFPN48)
2026-09-18 19:58:04,366 [INFO] UtilMem:74 - Before build in PCC Used Memory: 614350000 Bytes (741343232)
2026-09-18 19:58:04,984 [INFO] UtilMem:74 - After build in PCC Used Memory: 618714848 Bytes (741343232)
2026-09-18 19:58:05,004 [INFO] IPUIPlugin:74 - create IPUIPlugin
2026-09-18 19:58:05,004 [INFO] IPUIPlugin:74 - create IPUIPlugin
2026-09-18 19:58:05,004 [INFO] IPUIPlugin:74 - create IPUIPlugin
2026-09-18 19:58:05,004 [INFO] IPUIPlugin:74 - create IPUIPlugin
2026-09-18 19:58:05,004 [INFO] IPUIPlugin:74 - create IPUIPlugin
2026-09-18 19:58:05,004 [INFO] IPUIPlugin:74 - create IPUIPlugin
2026-09-18 19:58:05,004 [INFO] IPUIPlugin:74 - create IPUIPlugin
2026-09-18 19:58:05,004 [INFO] IPUIPlugin:74 - create IPUIPlugin
2026-09-18 19:58:05,004 [INFO] IPUIPlugin:74 - create IPUIPlugin
2026-09-18 19:58:05,004 [INFO] IPUIPlugin:74 - create IPUIPlugin
2026-09-18 19:58:05,004 [INFO] IPUIPlugin:74 - create IPUIPlugin
2026-09-18 19:58:05,004 [INFO] IPUIPlugin:74 - create IPUIPlugin
2026-09-18 19:58:05,004 [INFO] IPUIPlugin:74 - create IPUIPlugin
2026-09-18 19:58:05,006 [INFO] IPUIPlugin:74 - create IPUIPlugin
2026-09-18 19:58:05,006 [INFO] IPUIPlugin:74 - create IPUIPlugin
2026-09-18 19:58:05,006 [INFO] IPUIPlugin:74 - create IPUIPlugin
2026-09-18 19:58:05,006 [INFO] IPUIPlugin:74 - create IPUIPlugin
2026-09-18 19:58:05,006 [INFO] IPUIPlugin:74 - create IPUIPlugin
2026-09-18 19:58:05,006 [INFO] IPUIPlugin:74 - create IPUIPlugin
2026-09-18 19:58:05,006 [INFO] IPUIPlugin:74 - create IPUIPlugin
2026-09-18 19:58:05,008 [INFO] IPUIPlugin:74 - create IPUIPlugin
2026-09-18 19:58:05,008 [INFO] IPUIPlugin:74 - create IPUIPlugin
2026-09-18 19:58:05,008 [INFO] IPUIPlugin:74 - create IPUIPlugin
2026-09-18 19:58:05,156 [INFO] OpenFileManager:333 - Restore cursor
2026-09-18 19:58:05,410 [INFO] UtilMem:74 - End SaveConfig() Used Memory: 649167920 Bytes (741343232)
2026-09-18 19:58:05,446 [INFO] UtilMem:74 - End SaveConfig() Used Memory: 624159712 Bytes (741343232)
2026-09-18 19:58:05,664 [INFO] BlockDiagram:2740 - set Specific Code input for plugin: NVIC
2026-09-18 19:58:05,664 [INFO] BlockDiagram:2740 - set Specific Code input for plugin: SYS
2026-09-18 19:58:05,664 [INFO] BlockDiagram:2740 - set Specific Code input for plugin: RCC
2026-09-18 19:58:05,664 [INFO] CodeGenerator:663 - code generatio: config db path: D:\STM32CubeIDE_1.7.0\STM32CubeIDE\plugins\com.st.stm32cube.common.mx_6.3.0.202107141111\\db\
2026-09-18 19:58:05,891 [INFO] CodeEngine:239 - oldGeneratedFile, D:\VXL\MXTmpFiles\license.tmp_save
2026-09-18 19:58:06,116 [INFO] CodeEngine:257 - Generated code: D:\VXL\MXTmpFiles\license.tmp
2026-09-18 19:58:06,302 [INFO] CodeEngine:239 - oldGeneratedFile, D:\VXL\Core\Src\stm32f1xx_it.c_save
2026-09-18 19:58:06,401 [INFO] CodeEngine:257 - Generated code: D:\VXL\Core\Src\stm32f1xx_it.c
2026-09-18 19:58:06,439 [INFO] CodeEngine:239 - oldGeneratedFile, D:\VXL\Core\Inc\stm32f1xx_it.h_save
2026-09-18 19:58:06,504 [INFO] CodeEngine:257 - Generated code: D:\VXL\Core\Inc\stm32f1xx_it.h
2026-09-18 19:58:06,546 [INFO] CodeEngine:239 - oldGeneratedFile, D:\VXL\Core\Src\stm32f1xx_hal_msp.c_save
2026-09-18 19:58:06,646 [INFO] CodeEngine:257 - Generated code: D:\VXL\Core\Src\stm32f1xx_hal_msp.c
2026-09-18 19:58:06,682 [INFO] CodeEngine:239 - oldGeneratedFile, D:\VXL\MXTmpFiles\system.tmp_save
2026-09-18 19:58:06,738 [INFO] CodeEngine:257 - Generated code: D:\VXL\MXTmpFiles\system.tmp
2026-09-18 19:58:06,754 [INFO] CodeEngine:239 - oldGeneratedFile, D:\VXL\Core\Inc\stm32f1xx_hal_conf.h_save
2026-09-18 19:58:06,839 [INFO] CodeEngine:257 - Generated code: D:\VXL\Core\Inc\stm32f1xx_hal_conf.h
2026-09-18 19:58:06,885 [INFO] CodeEngine:239 - oldGeneratedFile, D:\VXL\Core\Inc\main.h_save
2026-09-18 19:58:06,958 [INFO] CodeEngine:257 - Generated code: D:\VXL\Core\Inc\main.h
2026-09-18 19:58:06,975 [INFO] CodeEngine:239 - oldGeneratedFile, D:\VXL\Core\Src\main.c_save
2026-09-18 19:58:07,074 [INFO] CodeEngine:257 - Generated code: D:\VXL\Core\Src\main.c
2026-09-18 19:58:07,643 [INFO] ProjectBuilder:2578 - Time for Copy HAL[1] : 91mS.
2026-09-18 19:58:07,647 [INFO] ProjectBuilder:3622 - Project Generator version: 3.14.1
2026-09-18 19:58:07,946 [INFO] ConfigFileManager:1271 - The Die is : DIE412
2026-09-18 19:58:07,978 [INFO] ApiDbMcu:468 - Load IP Config File for FATFS
2026-09-18 19:58:08,019 [INFO] ApiDbMcu:468 - Load IP Config File for FREERTOS
2026-09-18 19:58:08,040 [INFO] ApiDbMcu:468 - Load IP Config File for USB_DEVICE
2026-09-18 19:58:15,081 [INFO] ProjectBuilder:3789 - Time for Generating toolchain IDE Files: 7434mS.
2026-09-18 19:58:15,081 [INFO] ProjectBuilder:2457 - Time for Copy CMSIS : 0mS.
2026-09-18 19:58:15,082 [INFO] ProjectBuilder:2457 - Time for Copy CMSIS : 0mS.
2026-09-18 19:58:16,631 [INFO] McuFinderGlobals:52 - Set McuFinderConnectedMode to true
2026-09-18 19:58:16,632 [INFO] ApiDb:276 - Save user favorites file C:\Users\Hius/.stm32cubeide/favorites.mcus.txt: 0 item(s)
2026-09-18 19:58:16,632 [INFO] ApiDb:280 - User favorites MCUs=[]
2026-09-18 19:58:49,669 [INFO] Gpio:254 - dependency for GPIO []
2026-09-18 19:59:36,185 [INFO] UtilMem:74 - End SaveConfig() Used Memory: 846057984 Bytes (1073741824)
2026-09-18 19:59:36,236 [INFO] UtilMem:74 - End SaveConfig() Used Memory: 859763168 Bytes (1073741824)
2026-09-18 19:59:37,246 [INFO] UtilMem:74 - End SaveConfig() Used Memory: 936873944 Bytes (1073741824)
2026-09-18 19:59:37,444 [INFO] BlockDiagram:2740 - set Specific Code input for plugin: NVIC
2026-09-18 19:59:37,444 [INFO] BlockDiagram:2740 - set Specific Code input for plugin: SYS
2026-09-18 19:59:37,444 [INFO] BlockDiagram:2740 - set Specific Code input for plugin: GPIO
2026-09-18 19:59:37,444 [INFO] BlockDiagram:2740 - set Specific Code input for plugin: RCC
2026-09-18 19:59:37,444 [INFO] CodeGenerator:663 - code generatio: config db path: D:\STM32CubeIDE_1.7.0\STM32CubeIDE\plugins\com.st.stm32cube.common.mx_6.3.0.202107141111\\db\
2026-09-18 19:59:37,623 [INFO] CodeEngine:239 - oldGeneratedFile, D:\VXL\MXTmpFiles\license.tmp_save
2026-09-18 19:59:37,663 [INFO] CodeEngine:257 - Generated code: D:\VXL\MXTmpFiles\license.tmp
2026-09-18 19:59:37,727 [INFO] CodeEngine:239 - oldGeneratedFile, D:\VXL\MXTmpFiles\gpio.tmp_save
2026-09-18 19:59:37,804 [INFO] CodeEngine:257 - Generated code: D:\VXL\MXTmpFiles\gpio.tmp
2026-09-18 19:59:37,818 [INFO] CodeEngine:239 - oldGeneratedFile, D:\VXL\Core\Src\stm32f1xx_it.c_save
2026-09-18 19:59:37,898 [INFO] CodeEngine:257 - Generated code: D:\VXL\Core\Src\stm32f1xx_it.c
2026-09-18 19:59:37,904 [INFO] CodeEngine:239 - oldGeneratedFile, D:\VXL\Core\Inc\stm32f1xx_it.h_save
2026-09-18 19:59:37,944 [INFO] CodeEngine:257 - Generated code: D:\VXL\Core\Inc\stm32f1xx_it.h
2026-09-18 19:59:37,960 [INFO] CodeEngine:239 - oldGeneratedFile, D:\VXL\Core\Src\stm32f1xx_hal_msp.c_save
2026-09-18 19:59:38,018 [INFO] CodeEngine:257 - Generated code: D:\VXL\Core\Src\stm32f1xx_hal_msp.c
2026-09-18 19:59:38,023 [INFO] CodeEngine:239 - oldGeneratedFile, D:\VXL\MXTmpFiles\system.tmp_save
2026-09-18 19:59:38,069 [INFO] CodeEngine:257 - Generated code: D:\VXL\MXTmpFiles\system.tmp
2026-09-18 19:59:38,088 [INFO] CodeEngine:239 - oldGeneratedFile, D:\VXL\Core\Inc\stm32f1xx_hal_conf.h_save
2026-09-18 19:59:38,167 [INFO] CodeEngine:257 - Generated code: D:\VXL\Core\Inc\stm32f1xx_hal_conf.h
2026-09-18 19:59:38,195 [INFO] CodeEngine:239 - oldGeneratedFile, D:\VXL\Core\Inc\main.h_save
2026-09-18 19:59:38,266 [INFO] CodeEngine:257 - Generated code: D:\VXL\Core\Inc\main.h
2026-09-18 19:59:38,280 [INFO] CodeEngine:239 - oldGeneratedFile, D:\VXL\Core\Src\main.c_save
2026-09-18 19:59:38,425 [INFO] CodeEngine:257 - Generated code: D:\VXL\Core\Src\main.c
2026-09-18 19:59:39,039 [INFO] ProjectBuilder:2578 - Time for Copy HAL[1] : 53mS.
2026-09-18 19:59:39,040 [INFO] ProjectBuilder:3622 - Project Generator version: 3.14.1
2026-09-18 19:59:39,588 [INFO] ConfigFileManager:1271 - The Die is : DIE412
2026-09-18 19:59:42,183 [INFO] ProjectBuilder:3789 - Time for Generating toolchain IDE Files: 3143mS.
2026-09-18 19:59:42,185 [INFO] ProjectBuilder:2457 - Time for Copy CMSIS : 0mS.
2026-09-18 19:59:42,185 [INFO] ProjectBuilder:2457 - Time for Copy CMSIS : 0mS.
2026-09-18 20:01:49,803 [INFO] Gpio:254 - dependency for GPIO []
2026-09-18 20:01:59,494 [INFO] UtilMem:74 - End SaveConfig() Used Memory: 965303512 Bytes (1073741824)
2026-09-18 20:01:59,562 [INFO] UtilMem:74 - End SaveConfig() Used Memory: 978808632 Bytes (1073741824)
2026-09-18 20:02:00,117 [INFO] UtilMem:74 - End SaveConfig() Used Memory: 962644768 Bytes (1073741824)
2026-09-18 20:02:00,347 [INFO] BlockDiagram:2740 - set Specific Code input for plugin: NVIC
2026-09-18 20:02:00,347 [INFO] BlockDiagram:2740 - set Specific Code input for plugin: SYS
2026-09-18 20:02:00,347 [INFO] BlockDiagram:2740 - set Specific Code input for plugin: GPIO
2026-09-18 20:02:00,347 [INFO] BlockDiagram:2740 - set Specific Code input for plugin: RCC
2026-09-18 20:02:00,349 [INFO] CodeGenerator:663 - code generatio: config db path: D:\STM32CubeIDE_1.7.0\STM32CubeIDE\plugins\com.st.stm32cube.common.mx_6.3.0.202107141111\\db\
2026-09-18 20:02:01,000 [INFO] CodeEngine:239 - oldGeneratedFile, D:\VXL\MXTmpFiles\license.tmp_save
2026-09-18 20:02:01,063 [INFO] CodeEngine:257 - Generated code: D:\VXL\MXTmpFiles\license.tmp
2026-09-18 20:02:01,079 [INFO] CodeEngine:239 - oldGeneratedFile, D:\VXL\MXTmpFiles\gpio.tmp_save
2026-09-18 20:02:01,142 [INFO] CodeEngine:257 - Generated code: D:\VXL\MXTmpFiles\gpio.tmp
2026-09-18 20:02:01,167 [INFO] CodeEngine:239 - oldGeneratedFile, D:\VXL\Core\Src\stm32f1xx_it.c_save
2026-09-18 20:02:01,227 [INFO] CodeEngine:257 - Generated code: D:\VXL\Core\Src\stm32f1xx_it.c
2026-09-18 20:02:01,230 [INFO] CodeEngine:239 - oldGeneratedFile, D:\VXL\Core\Inc\stm32f1xx_it.h_save
2026-09-18 20:02:01,288 [INFO] CodeEngine:257 - Generated code: D:\VXL\Core\Inc\stm32f1xx_it.h
2026-09-18 20:02:01,306 [INFO] CodeEngine:239 - oldGeneratedFile, D:\VXL\Core\Src\stm32f1xx_hal_msp.c_save
2026-09-18 20:02:01,376 [INFO] CodeEngine:257 - Generated code: D:\VXL\Core\Src\stm32f1xx_hal_msp.c
2026-09-18 20:02:01,378 [INFO] CodeEngine:239 - oldGeneratedFile, D:\VXL\MXTmpFiles\system.tmp_save
2026-09-18 20:02:01,431 [INFO] CodeEngine:257 - Generated code: D:\VXL\MXTmpFiles\system.tmp
2026-09-18 20:02:01,445 [INFO] CodeEngine:239 - oldGeneratedFile, D:\VXL\Core\Inc\stm32f1xx_hal_conf.h_save
2026-09-18 20:02:01,527 [INFO] CodeEngine:257 - Generated code: D:\VXL\Core\Inc\stm32f1xx_hal_conf.h
2026-09-18 20:02:01,555 [INFO] CodeEngine:239 - oldGeneratedFile, D:\VXL\Core\Inc\main.h_save
2026-09-18 20:02:01,622 [INFO] CodeEngine:257 - Generated code: D:\VXL\Core\Inc\main.h
2026-09-18 20:02:01,633 [INFO] CodeEngine:239 - oldGeneratedFile, D:\VXL\Core\Src\main.c_save
2026-09-18 20:02:01,716 [INFO] CodeEngine:257 - Generated code: D:\VXL\Core\Src\main.c
2026-09-18 20:02:02,361 [INFO] ProjectBuilder:2578 - Time for Copy HAL[1] : 47mS.
2026-09-18 20:02:02,364 [INFO] ProjectBuilder:3622 - Project Generator version: 3.14.1
2026-09-18 20:02:03,085 [INFO] ConfigFileManager:1271 - The Die is : DIE412
2026-09-18 20:02:05,462 [INFO] ProjectBuilder:3789 - Time for Generating toolchain IDE Files: 3098mS.
2026-09-18 20:02:05,462 [INFO] ProjectBuilder:2457 - Time for Copy CMSIS : 0mS.
2026-09-18 20:02:05,464 [INFO] ProjectBuilder:2457 - Time for Copy CMSIS : 0mS.
2026-09-19 09:35:42,990 [INFO] Activator:177 - 


2026-09-19 09:35:42,993 [INFO] Activator:178 - !SESSION log4j initialized
2026-09-19 09:58:16,742 [INFO] McuFinderGlobals:39 - Set McuFinder mode to 2 (CubeIDE integrated)
2026-09-19 09:58:17,262 [INFO] ApplicationProperties:181 - Using Application install path: D:\STM32CubeIDE_1.7.0\STM32CubeIDE\plugins\com.st.stm32cube.common.mx_6.3.0.202107141111
2026-09-19 09:58:17,286 [INFO] DbMcusXml:74 - Set database path to: D:\STM32CubeIDE_1.7.0\STM32CubeIDE\plugins\com.st.stm32cube.common.mx_6.3.0.202107141111\\db\/mcu/
2026-09-19 09:58:17,290 [INFO] DbBoardsPdsc:56 - Set plugin database path to: D:\STM32CubeIDE_1.7.0\STM32CubeIDE\plugins\com.st.stm32cube.common.mx_6.3.0.202107141111\\db\/plugins/boardmanager/
2026-09-19 09:58:17,290 [INFO] DbMcus:258 - Set plugin images path to: D:\STM32CubeIDE_1.7.0\STM32CubeIDE\plugins\com.st.stm32cube.common.mx_6.3.0.202107141111\\db\/plugins/mcufinder/images/
2026-09-19 09:58:17,290 [INFO] DbBoards:264 - Set plugin images path to: D:\STM32CubeIDE_1.7.0\STM32CubeIDE\plugins\com.st.stm32cube.common.mx_6.3.0.202107141111\\db\/plugins/mcufinder/images/
2026-09-19 09:58:17,294 [INFO] DbExamples:333 - Set plugin images path to: D:\STM32CubeIDE_1.7.0\STM32CubeIDE\plugins\com.st.stm32cube.common.mx_6.3.0.202107141111\\db\/plugins/mcufinder/images/
2026-09-19 09:58:17,294 [INFO] DbMcusAds:119 - Set database path to: C:\Users\Hius\.stmcufinder\plugins\mcufinder//mcu/
2026-09-19 09:58:17,294 [INFO] DbMcusDocs:110 - Set database path to: C:\Users\Hius\.stmcufinder\plugins\mcufinder//mcu/
2026-09-19 09:58:17,305 [INFO] DbMcusJson:64 - Set database path to: C:\Users\Hius\.stmcufinder\plugins\mcufinder//mcu/
2026-09-19 09:58:17,307 [INFO] DbBoardsDocs:110 - Set database path to: C:\Users\Hius\.stmcufinder\plugins\mcufinder//mcu/
2026-09-19 09:58:17,307 [INFO] DbBoardsJson:57 - Set database path to: C:\Users\Hius\.stmcufinder\plugins\mcufinder//mcu/
2026-09-19 09:58:17,407 [INFO] CrossReferenceDbSqlite:196 - Set database path to: C:\Users\Hius\.stmcufinder\plugins\mcufinder//mcu/cs/
2026-09-19 09:58:17,440 [INFO] DbExamplesSqlite:767 - Set database path to: C:\Users\Hius\.stmcufinder\plugins\mcufinder//mcu/
2026-09-19 09:58:17,566 [INFO] RulesReader:57 - Compatibility file has been processed (242 Rules)
2026-09-19 09:58:17,678 [INFO] DbMcusXml:74 - Set database path to: D:\STM32CubeIDE_1.7.0\STM32CubeIDE\plugins\com.st.stm32cube.common.mx_6.3.0.202107141111\\db\/mcu/
2026-09-19 09:58:17,678 [INFO] DbBoardsPdsc:56 - Set plugin database path to: D:\STM32CubeIDE_1.7.0\STM32CubeIDE\plugins\com.st.stm32cube.common.mx_6.3.0.202107141111\\db\/plugins/boardmanager/
2026-09-19 09:58:17,678 [INFO] DbMcus:258 - Set plugin images path to: D:\STM32CubeIDE_1.7.0\STM32CubeIDE\plugins\com.st.stm32cube.common.mx_6.3.0.202107141111\\db\/plugins/mcufinder/images/
2026-09-19 09:58:17,678 [INFO] DbBoards:264 - Set plugin images path to: D:\STM32CubeIDE_1.7.0\STM32CubeIDE\plugins\com.st.stm32cube.common.mx_6.3.0.202107141111\\db\/plugins/mcufinder/images/
2026-09-19 09:58:17,678 [INFO] DbExamples:333 - Set plugin images path to: D:\STM32CubeIDE_1.7.0\STM32CubeIDE\plugins\com.st.stm32cube.common.mx_6.3.0.202107141111\\db\/plugins/mcufinder/images/
2026-09-19 09:58:17,678 [WARN] DbFile:35 - Overriding database path with different value: C:\Users\Hius\.stmcufinder\plugins\mcufinder/ => C:\Users\Hius\.stmcufinder\plugins\mcufinder
2026-09-19 09:58:17,678 [INFO] DbMcusAds:119 - Set database path to: C:\Users\Hius\.stmcufinder\plugins\mcufinder//mcu/
2026-09-19 09:58:17,678 [WARN] DbFile:35 - Overriding database path with different value: C:\Users\Hius\.stmcufinder\plugins\mcufinder/ => C:\Users\Hius\.stmcufinder\plugins\mcufinder
2026-09-19 09:58:17,678 [INFO] DbMcusDocs:110 - Set database path to: C:\Users\Hius\.stmcufinder\plugins\mcufinder//mcu/
2026-09-19 09:58:17,678 [WARN] DbFile:35 - Overriding database path with different value: C:\Users\Hius\.stmcufinder\plugins\mcufinder/ => C:\Users\Hius\.stmcufinder\plugins\mcufinder
2026-09-19 09:58:17,678 [INFO] DbMcusJson:64 - Set database path to: C:\Users\Hius\.stmcufinder\plugins\mcufinder//mcu/
2026-09-19 09:58:17,678 [WARN] DbFile:35 - Overriding database path with different value: C:\Users\Hius\.stmcufinder\plugins\mcufinder/ => C:\Users\Hius\.stmcufinder\plugins\mcufinder
2026-09-19 09:58:17,678 [INFO] DbBoardsDocs:110 - Set database path to: C:\Users\Hius\.stmcufinder\plugins\mcufinder//mcu/
2026-09-19 09:58:17,678 [WARN] DbFile:35 - Overriding database path with different value: C:\Users\Hius\.stmcufinder\plugins\mcufinder/ => C:\Users\Hius\.stmcufinder\plugins\mcufinder
2026-09-19 09:58:17,678 [INFO] DbBoardsJson:57 - Set database path to: C:\Users\Hius\.stmcufinder\plugins\mcufinder//mcu/
2026-09-19 09:58:17,678 [WARN] DbFile:35 - Overriding database path with different value: C:\Users\Hius\.stmcufinder\plugins\mcufinder/ => C:\Users\Hius\.stmcufinder\plugins\mcufinder
2026-09-19 09:58:17,678 [WARN] DbFile:35 - Overriding database path with different value: C:\Users\Hius\.stmcufinder\plugins\mcufinder/ => C:\Users\Hius\.stmcufinder\plugins\mcufinder
2026-09-19 09:58:17,682 [INFO] CrossReferenceDbSqlite:196 - Set database path to: C:\Users\Hius\.stmcufinder\plugins\mcufinder//mcu/cs/
2026-09-19 09:58:17,682 [WARN] DbFile:35 - Overriding database path with different value: C:\Users\Hius\.stmcufinder\plugins\mcufinder/ => C:\Users\Hius\.stmcufinder\plugins\mcufinder
2026-09-19 09:58:17,682 [INFO] DbExamplesSqlite:767 - Set database path to: C:\Users\Hius\.stmcufinder\plugins\mcufinder//mcu/
2026-09-19 09:58:17,779 [INFO] MainPanel:214 - HeapMemory: 1073741824
2026-09-19 09:58:17,892 [INFO] DbMcusXml:74 - Set database path to: D:\STM32CubeIDE_1.7.0\STM32CubeIDE\plugins\com.st.stm32cube.common.mx_6.3.0.202107141111\\db\/mcu/
2026-09-19 09:58:17,892 [INFO] DbBoardsPdsc:56 - Set plugin database path to: D:\STM32CubeIDE_1.7.0\STM32CubeIDE\plugins\com.st.stm32cube.common.mx_6.3.0.202107141111\\db\/plugins/boardmanager/
2026-09-19 09:58:17,892 [INFO] DbMcus:258 - Set plugin images path to: D:\STM32CubeIDE_1.7.0\STM32CubeIDE\plugins\com.st.stm32cube.common.mx_6.3.0.202107141111\\db\/plugins/mcufinder/images/
2026-09-19 09:58:17,892 [INFO] DbBoards:264 - Set plugin images path to: D:\STM32CubeIDE_1.7.0\STM32CubeIDE\plugins\com.st.stm32cube.common.mx_6.3.0.202107141111\\db\/plugins/mcufinder/images/
2026-09-19 09:58:17,892 [INFO] DbExamples:333 - Set plugin images path to: D:\STM32CubeIDE_1.7.0\STM32CubeIDE\plugins\com.st.stm32cube.common.mx_6.3.0.202107141111\\db\/plugins/mcufinder/images/
2026-09-19 09:58:17,892 [WARN] DbFile:35 - Overriding database path with different value: C:\Users\Hius\.stmcufinder\plugins\mcufinder/ => C:\Users\Hius\.stmcufinder\plugins\mcufinder
2026-09-19 09:58:17,892 [INFO] DbMcusAds:119 - Set database path to: C:\Users\Hius\.stmcufinder\plugins\mcufinder//mcu/
2026-09-19 09:58:17,892 [WARN] DbFile:35 - Overriding database path with different value: C:\Users\Hius\.stmcufinder\plugins\mcufinder/ => C:\Users\Hius\.stmcufinder\plugins\mcufinder
2026-09-19 09:58:17,892 [INFO] DbMcusDocs:110 - Set database path to: C:\Users\Hius\.stmcufinder\plugins\mcufinder//mcu/
2026-09-19 09:58:17,892 [WARN] DbFile:35 - Overriding database path with different value: C:\Users\Hius\.stmcufinder\plugins\mcufinder/ => C:\Users\Hius\.stmcufinder\plugins\mcufinder
2026-09-19 09:58:17,892 [INFO] DbMcusJson:64 - Set database path to: C:\Users\Hius\.stmcufinder\plugins\mcufinder//mcu/
2026-09-19 09:58:17,892 [WARN] DbFile:35 - Overriding database path with different value: C:\Users\Hius\.stmcufinder\plugins\mcufinder/ => C:\Users\Hius\.stmcufinder\plugins\mcufinder
2026-09-19 09:58:17,892 [INFO] DbBoardsDocs:110 - Set database path to: C:\Users\Hius\.stmcufinder\plugins\mcufinder//mcu/
2026-09-19 09:58:17,892 [WARN] DbFile:35 - Overriding database path with different value: C:\Users\Hius\.stmcufinder\plugins\mcufinder/ => C:\Users\Hius\.stmcufinder\plugins\mcufinder
2026-09-19 09:58:17,892 [INFO] DbBoardsJson:57 - Set database path to: C:\Users\Hius\.stmcufinder\plugins\mcufinder//mcu/
2026-09-19 09:58:17,892 [WARN] DbFile:35 - Overriding database path with different value: C:\Users\Hius\.stmcufinder\plugins\mcufinder/ => C:\Users\Hius\.stmcufinder\plugins\mcufinder
2026-09-19 09:58:17,892 [WARN] DbFile:35 - Overriding database path with different value: C:\Users\Hius\.stmcufinder\plugins\mcufinder/ => C:\Users\Hius\.stmcufinder\plugins\mcufinder
2026-09-19 09:58:17,892 [INFO] CrossReferenceDbSqlite:196 - Set database path to: C:\Users\Hius\.stmcufinder\plugins\mcufinder//mcu/cs/
2026-09-19 09:58:17,892 [WARN] DbFile:35 - Overriding database path with different value: C:\Users\Hius\.stmcufinder\plugins\mcufinder/ => C:\Users\Hius\.stmcufinder\plugins\mcufinder
2026-09-19 09:58:17,892 [INFO] DbExamplesSqlite:767 - Set database path to: C:\Users\Hius\.stmcufinder\plugins\mcufinder//mcu/
2026-09-19 09:58:17,920 [INFO] ApplicationProperties:181 - Using Application install path: D:\STM32CubeIDE_1.7.0\STM32CubeIDE\plugins\com.st.stm32cube.common.mx_6.3.0.202107141111
2026-09-19 09:58:17,922 [INFO] PluginManage:188 - Search for loadable plugins [exclusion list=, ]
2026-09-19 09:58:17,922 [INFO] PluginManage:302 - Check plugin analytics
2026-09-19 09:58:18,079 [INFO] AnalyticsPlugin:257 - Accepted Software Licenses: 
2026-09-19 09:58:18,079 [INFO] AnalyticsPlugin:259 - Accepted CMSIS Pack Licenses: 
2026-09-19 09:58:18,079 [INFO] AnalyticsPlugin:261 - Accepted Firmware Licenses: 
2026-09-19 09:58:18,079 [INFO] PluginManage:352 - Loaded plugin analytics (category:tool,tabindex:-1)
2026-09-19 09:58:18,079 [INFO] PluginManage:302 - Check plugin clock
2026-09-19 09:58:18,107 [INFO] PluginManage:352 - Loaded plugin clock (category:base,tabindex:2)
2026-09-19 09:58:18,107 [INFO] PluginManage:302 - Check plugin ddr
2026-09-19 09:58:18,107 [INFO] PluginManage:352 - Loaded plugin ddr (category:tool,tabindex:6)
2026-09-19 09:58:18,107 [INFO] PluginManage:302 - Check plugin filemanager
2026-09-19 09:58:18,245 [INFO] PluginManage:352 - Loaded plugin filemanager (category:base,tabindex:10)
2026-09-19 09:58:18,245 [INFO] PluginManage:302 - Check plugin ipmanager
2026-09-19 09:58:18,252 [INFO] PluginManage:352 - Loaded plugin ipmanager (category:base,tabindex:5)
2026-09-19 09:58:18,252 [INFO] PluginManage:302 - Check plugin pinoutandconfiguration
2026-09-19 09:58:18,274 [INFO] PluginManage:352 - Loaded plugin pinoutandconfiguration (category:base,tabindex:1)
2026-09-19 09:58:18,276 [INFO] PluginManage:302 - Check plugin pinoutconfig
2026-09-19 09:58:18,315 [INFO] PluginManage:352 - Loaded plugin pinoutconfig (category:base,tabindex:0)
2026-09-19 09:58:18,315 [INFO] PluginManage:302 - Check plugin power
2026-09-19 09:58:18,344 [INFO] PluginManage:352 - Loaded plugin power (category:power,tabindex:4)
2026-09-19 09:58:18,344 [INFO] PluginManage:302 - Check plugin projectmanager
2026-09-19 09:58:18,360 [INFO] PluginManage:352 - Loaded plugin projectmanager (category:projectmanager,tabindex:3)
2026-09-19 09:58:18,360 [INFO] PluginManage:302 - Check plugin thirdparty
2026-09-19 09:58:18,645 [INFO] PluginManage:352 - Loaded plugin thirdparty (category:base,tabindex:-1)
2026-09-19 09:58:18,645 [INFO] PluginManage:302 - Check plugin tools
2026-09-19 09:58:18,645 [WARN] IntegrityCheckThread:78 - waiting for thirdparty lock release [integrity check]
2026-09-19 09:58:18,645 [INFO] IntegrityCheckThread:80 - entering critical section [integrity check]
2026-09-19 09:58:18,645 [INFO] ThirdPartyUpdaterWithRetryManager:66 - Updater plugin not ready yet. [1/15]
2026-09-19 09:58:18,709 [INFO] PluginManage:352 - Loaded plugin tools (category:base,tabindex:7)
2026-09-19 09:58:18,709 [INFO] PluginManage:302 - Check plugin tutovideos
2026-09-19 09:58:18,978 [INFO] PluginManage:352 - Loaded plugin tutovideos (category:base,tabindex:-1)
2026-09-19 09:58:18,978 [INFO] PluginManage:302 - Check plugin updater
2026-09-19 09:58:18,994 [INFO] PluginManage:352 - Loaded plugin updater (category:base,tabindex:12)
2026-09-19 09:58:18,994 [INFO] PluginManage:275 - PluginManage : Loaded plugins [13]
2026-09-19 09:58:19,184 [INFO] PinOutPanel:1463 - setPackage(No Configuration,No Configuration)
2026-09-19 09:58:19,294 [INFO] IPUIPlugin:74 - create IPUIPlugin
2026-09-19 09:58:19,294 [INFO] PluginManager:213 - loadIPPluginJar : add adc
2026-09-19 09:58:19,342 [INFO] IPUIPlugin:74 - create IPUIPlugin
2026-09-19 09:58:19,342 [INFO] PluginManager:213 - loadIPPluginJar : add aes
2026-09-19 09:58:19,409 [INFO] IPUIPlugin:74 - create IPUIPlugin
2026-09-19 09:58:19,409 [INFO] PluginManager:213 - loadIPPluginJar : add can
2026-09-19 09:58:19,468 [INFO] IPUIPlugin:74 - create IPUIPlugin
2026-09-19 09:58:19,469 [INFO] PluginManager:213 - loadIPPluginJar : add comp
2026-09-19 09:58:19,500 [INFO] IPUIPlugin:74 - create IPUIPlugin
2026-09-19 09:58:19,500 [INFO] PluginManager:213 - loadIPPluginJar : add cryp
2026-09-19 09:58:19,538 [INFO] IPUIPlugin:74 - create IPUIPlugin
2026-09-19 09:58:19,538 [INFO] PluginManager:213 - loadIPPluginJar : add dfsdm
2026-09-19 09:58:19,579 [INFO] IPUIPlugin:74 - create IPUIPlugin
2026-09-19 09:58:19,579 [INFO] PluginManager:213 - loadIPPluginJar : add dma
2026-09-19 09:58:19,631 [INFO] IPUIPlugin:74 - create IPUIPlugin
2026-09-19 09:58:19,631 [INFO] PluginManager:213 - loadIPPluginJar : add dma3
2026-09-19 09:58:19,675 [INFO] IPUIPlugin:74 - create IPUIPlugin
2026-09-19 09:58:19,675 [INFO] PluginManager:213 - loadIPPluginJar : add fatfs
2026-09-19 09:58:19,724 [INFO] IPUIPlugin:74 - create IPUIPlugin
2026-09-19 09:58:19,724 [INFO] PluginManager:213 - loadIPPluginJar : add fmc
2026-09-19 09:58:19,740 [INFO] IPUIPlugin:74 - create IPUIPlugin
2026-09-19 09:58:19,740 [INFO] PluginManager:213 - loadIPPluginJar : add freertos
2026-09-19 09:58:19,773 [INFO] IPUIPlugin:74 - create IPUIPlugin
2026-09-19 09:58:19,773 [INFO] PluginManager:213 - loadIPPluginJar : add genericplugin
2026-09-19 09:58:19,854 [INFO] IPUIPlugin:74 - create IPUIPlugin
2026-09-19 09:58:19,854 [INFO] PluginManager:213 - loadIPPluginJar : add gfxmmu
2026-09-19 09:58:19,978 [INFO] IPUIPlugin:74 - create IPUIPlugin
2026-09-19 09:58:19,994 [INFO] PluginManager:213 - loadIPPluginJar : add gic
2026-09-19 09:58:20,025 [INFO] IPUIPlugin:74 - create IPUIPlugin
2026-09-19 09:58:20,025 [INFO] PluginManager:213 - loadIPPluginJar : add gpio
2026-09-19 09:58:20,104 [INFO] IPUIPlugin:74 - create IPUIPlugin
2026-09-19 09:58:20,104 [INFO] PluginManager:213 - loadIPPluginJar : add gtzc
2026-09-19 09:58:20,152 [INFO] IPUIPlugin:74 - create IPUIPlugin
2026-09-19 09:58:20,152 [INFO] PluginManager:213 - loadIPPluginJar : add hash
2026-09-19 09:58:20,225 [INFO] IPUIPlugin:74 - create IPUIPlugin
2026-09-19 09:58:20,225 [INFO] PluginManager:213 - loadIPPluginJar : add i2c
2026-09-19 09:58:20,279 [INFO] IPUIPlugin:74 - create IPUIPlugin
2026-09-19 09:58:20,279 [INFO] PluginManager:213 - loadIPPluginJar : add i2s
2026-09-19 09:58:20,295 [INFO] IPUIPlugin:74 - create IPUIPlugin
2026-09-19 09:58:20,295 [INFO] PluginManager:213 - loadIPPluginJar : add ipddr
2026-09-19 09:58:20,391 [INFO] IPUIPlugin:74 - create IPUIPlugin
2026-09-19 09:58:20,391 [INFO] PluginManager:213 - loadIPPluginJar : add linkedlist
2026-09-19 09:58:20,423 [INFO] IPUIPlugin:74 - create IPUIPlugin
2026-09-19 09:58:20,423 [INFO] PluginManager:213 - loadIPPluginJar : add lorawan
2026-09-19 09:58:20,470 [INFO] IPUIPlugin:74 - create IPUIPlugin
2026-09-19 09:58:20,470 [INFO] PluginManager:213 - loadIPPluginJar : add ltdc
2026-09-19 09:58:20,501 [INFO] IPUIPlugin:74 - create IPUIPlugin
2026-09-19 09:58:20,501 [INFO] PluginManager:213 - loadIPPluginJar : add mdma
2026-09-19 09:58:20,516 [INFO] IPUIPlugin:74 - create IPUIPlugin
2026-09-19 09:58:20,516 [INFO] PluginManager:213 - loadIPPluginJar : add nvic
2026-09-19 09:58:20,564 [INFO] IPUIPlugin:74 - create IPUIPlugin
2026-09-19 09:58:20,564 [INFO] PluginManager:213 - loadIPPluginJar : add opamp
2026-09-19 09:58:20,644 [INFO] IPUIPlugin:74 - create IPUIPlugin
2026-09-19 09:58:20,644 [INFO] PluginManager:213 - loadIPPluginJar : add openamp
2026-09-19 09:58:20,723 [INFO] IPUIPlugin:74 - create IPUIPlugin
2026-09-19 09:58:20,723 [INFO] PluginManager:213 - loadIPPluginJar : add pdm2pcm
2026-09-19 09:58:20,738 [INFO] IPUIPlugin:74 - create IPUIPlugin
2026-09-19 09:58:20,741 [INFO] PluginManager:213 - loadIPPluginJar : add plateformsettings
2026-09-19 09:58:20,771 [INFO] IPUIPlugin:74 - create IPUIPlugin
2026-09-19 09:58:20,771 [INFO] PluginManager:213 - loadIPPluginJar : add quadspi
2026-09-19 09:58:20,782 [INFO] IPUIPlugin:74 - create IPUIPlugin
2026-09-19 09:58:20,782 [INFO] PluginManager:213 - loadIPPluginJar : add resmgrutility
2026-09-19 09:58:20,839 [INFO] IPUIPlugin:74 - create IPUIPlugin
2026-09-19 09:58:20,841 [INFO] PluginManager:213 - loadIPPluginJar : add sai
2026-09-19 09:58:20,899 [INFO] IPUIPlugin:74 - create IPUIPlugin
2026-09-19 09:58:20,899 [INFO] PluginManager:213 - loadIPPluginJar : add spi
2026-09-19 09:58:20,955 [INFO] IPUIPlugin:74 - create IPUIPlugin
2026-09-19 09:58:20,955 [INFO] PluginManager:213 - loadIPPluginJar : add stm32_wpan
2026-09-19 09:58:20,984 [INFO] IPUIPlugin:74 - create IPUIPlugin
2026-09-19 09:58:20,984 [INFO] PluginManager:213 - loadIPPluginJar : add tim
2026-09-19 09:58:21,045 [INFO] IPUIPlugin:74 - create IPUIPlugin
2026-09-19 09:58:21,045 [INFO] PluginManager:213 - loadIPPluginJar : add touchsensing
2026-09-19 09:58:21,108 [INFO] IPUIPlugin:74 - create IPUIPlugin
2026-09-19 09:58:21,108 [INFO] PluginManager:213 - loadIPPluginJar : add tracer_emb
2026-09-19 09:58:21,135 [INFO] IPUIPlugin:74 - create IPUIPlugin
2026-09-19 09:58:21,135 [INFO] PluginManager:213 - loadIPPluginJar : add ts
2026-09-19 09:58:21,169 [INFO] IPUIPlugin:74 - create IPUIPlugin
2026-09-19 09:58:21,170 [INFO] PluginManager:213 - loadIPPluginJar : add tsc
2026-09-19 09:58:21,207 [INFO] IPUIPlugin:74 - create IPUIPlugin
2026-09-19 09:58:21,207 [INFO] PluginManager:213 - loadIPPluginJar : add ucpd
2026-09-19 09:58:21,261 [INFO] IPUIPlugin:74 - create IPUIPlugin
2026-09-19 09:58:21,261 [INFO] PluginManager:213 - loadIPPluginJar : add usart
2026-09-19 09:58:21,326 [INFO] IPUIPlugin:74 - create IPUIPlugin
2026-09-19 09:58:21,326 [INFO] PluginManager:213 - loadIPPluginJar : add usbx
2026-09-19 09:58:21,668 [INFO] ThirdPartyUpdaterWithRetryManager:66 - Updater plugin not ready yet. [2/15]
2026-09-19 09:58:21,668 [FATAL] Updater:294 - Updater called before beeing initialized
2026-09-19 09:58:21,763 [FATAL] Updater:294 - Updater called before beeing initialized
2026-09-19 09:58:21,779 [INFO] DbMcusAds:47 - JSON generation date=Wed Jul 15 16:44:54 ICT 2026 (1784108694001)
2026-09-19 09:58:21,779 [FATAL] Updater:294 - Updater called before beeing initialized
2026-09-19 09:58:21,842 [WARN] DetailPanel:314 - Failed to get advertising image, set to default
2026-09-19 09:58:21,943 [FATAL] Updater:294 - Updater called before beeing initialized
2026-09-19 09:58:21,944 [FATAL] Updater:294 - Updater called before beeing initialized
2026-09-19 09:58:21,944 [FATAL] Updater:294 - Updater called before beeing initialized
2026-09-19 09:58:21,944 [WARN] DetailPanel:314 - Failed to get advertising image, set to default
2026-09-19 09:58:21,944 [FATAL] Updater:294 - Updater called before beeing initialized
2026-09-19 09:58:22,017 [ERROR] Updater:1075 - MainUpdater not yet initialized. External WinMGr cannot be set.
2026-09-19 09:58:22,033 [INFO] Updater:1012 - Updater Version found : 6.3.0
2026-09-19 09:58:22,049 [INFO] ApplicationProperties:181 - Using Application install path: D:\STM32CubeIDE_1.7.0\STM32CubeIDE\plugins\com.st.stm32cube.common.mx_6.3.0.202107141111
2026-09-19 09:58:22,634 [INFO] MainUpdater:2671 - connection check result : 10
2026-09-19 09:58:22,634 [INFO] MainUpdater:265 - Updater Check For Update Now.
2026-09-19 09:58:22,634 [INFO] MicroXplorer:478 - Change Database Version : DB.6.0.30
2026-09-19 09:58:22,885 [INFO] CheckServerUpdateThread:112 - End of CheckServer Thread
2026-09-19 09:58:22,915 [INFO] MainUpdater:2671 - connection check result : 10
2026-09-19 09:58:22,929 [INFO] MainUpdater:2671 - connection check result : 10
2026-09-19 09:58:23,344 [INFO] MicroXplorer:448 - Change Database Path : 
2026-09-19 09:58:23,344 [INFO] MicroXplorer:478 - Change Database Version : DB.6.0.30
2026-09-19 09:58:23,344 [WARN] ThirdParty:813 - waiting for thirdparty lock release [close project]
2026-09-19 09:58:24,905 [WARN] PackLoader:238 - Cannot read IP mode file for STMicroelectronics.X-CUBE-AZRTOS-H7.3.5.0
2026-09-19 09:58:24,934 [WARN] PackLoader:238 - Cannot read IP mode file for STMicroelectronics.FP-ATR-ASTRA1.2.0.3
2026-09-19 09:58:24,952 [ERROR] Engine:463 - C:\Users\Hius\.stm32cubemx\thirdparties\pdsc\STMicroelectronics.X-CUBE-SMBUS.2.1.1.pdsc: PDSC version is not supported
2026-09-19 09:58:24,981 [WARN] PackLoader:238 - Cannot read IP mode file for STMicroelectronics.X-CUBE-AZRTOS-F7.1.1.0
2026-09-19 09:58:24,993 [ERROR] Engine:463 - C:\Users\Hius\.stm32cubemx\thirdparties\pdsc\STMicroelectronics.X-CUBE-FREERTOS.1.6.0.pdsc: PDSC version is not supported
2026-09-19 09:58:25,009 [ERROR] Engine:463 - C:\Users\Hius\.stm32cubemx\thirdparties\pdsc\STMicroelectronics.FP-SNS-MOTENV1.5.1.0.pdsc: PDSC version is not supported
2026-09-19 09:58:25,025 [WARN] PackLoader:238 - Cannot read IP mode file for STMicroelectronics.X-CUBE-AZRTOS-H7RS.1.3.0
2026-09-19 09:58:25,049 [ERROR] Engine:463 - C:\Users\Hius\.stm32cubemx\thirdparties\pdsc\WES.I-CUBE-Cesium.1.4.0.pdsc: PDSC version is not supported
2026-09-19 09:58:25,061 [ERROR] Engine:463 - C:\Users\Hius\.stm32cubemx\thirdparties\pdsc\STMicroelectronics.X-CUBE-DISPLAY.3.0.0.pdsc: PDSC version is not supported
2026-09-19 09:58:25,079 [WARN] PackLoader:238 - Cannot read IP mode file for STMicroelectronics.X-CUBE-GNSS1.7.1.1
2026-09-19 09:58:25,088 [ERROR] Engine:463 - C:\Users\Hius\.stm32cubemx\thirdparties\pdsc\STMicroelectronics.FP-SNS-MOTENVWB1.1.5.0.pdsc: PDSC version is not supported
2026-09-19 09:58:25,106 [WARN] PackLoader:238 - Cannot read IP mode file for STMicroelectronics.X-CUBE-NFC10.1.0.0
2026-09-19 09:58:25,118 [ERROR] Engine:463 - C:\Users\Hius\.stm32cubemx\thirdparties\pdsc\STMicroelectronics.X-CUBE-ST60.1.1.0.pdsc: PDSC version is not supported
2026-09-19 09:58:25,120 [ERROR] Engine:463 - C:\Users\Hius\.stm32cubemx\thirdparties\pdsc\emotas.I-CUBE-CANOPEN.1.3.0.pdsc: PDSC version is not supported
2026-09-19 09:58:25,144 [WARN] PackLoader:238 - Cannot read IP mode file for wolfSSL.I-CUBE-wolfSSL.5.9.2
2026-09-19 09:58:25,157 [ERROR] Engine:463 - C:\Users\Hius\.stm32cubemx\thirdparties\pdsc\STMicroelectronics.X-CUBE-WBA.1.1.0.pdsc: PDSC version is not supported
2026-09-19 09:58:25,170 [ERROR] Engine:463 - C:\Users\Hius\.stm32cubemx\thirdparties\pdsc\STMicroelectronics.FP-SNS-STBOX1.2.1.0.pdsc: PDSC version is not supported
2026-09-19 09:58:25,170 [ERROR] Engine:463 - C:\Users\Hius\.stm32cubemx\thirdparties\pdsc\STMicroelectronics.FP-SNS-SMARTAG2.1.2.0.pdsc: PDSC version is not supported
2026-09-19 09:58:25,192 [ERROR] Engine:463 - C:\Users\Hius\.stm32cubemx\thirdparties\pdsc\STMicroelectronics.FP-SNS-FLIGHT1.5.1.0.pdsc: PDSC version is not supported
2026-09-19 09:58:25,216 [INFO] LogOutputStream:76 - [STDOUT_REDIRECT] 1 : Invalid condition id : UX_CORESTACK_Condition cause : null
2026-09-19 09:58:25,216 [INFO] LogOutputStream:76 - [STDOUT_REDIRECT] 1 : Invalid condition id : UX_CORESTACK_Condition cause : null
2026-09-19 09:58:25,216 [INFO] LogOutputStream:76 - [STDOUT_REDIRECT] 1 : Invalid condition id : UX_CORESTACK_Condition cause : null
2026-09-19 09:58:25,216 [INFO] LogOutputStream:76 - [STDOUT_REDIRECT] 1 : Invalid condition id : UX_CORESTACK_Condition cause : null
2026-09-19 09:58:25,216 [INFO] LogOutputStream:76 - [STDOUT_REDIRECT] 1 : Invalid condition id : UX_CORESTACK_Condition cause : null
2026-09-19 09:58:25,216 [WARN] PackLoader:238 - Cannot read IP mode file for STMicroelectronics.X-CUBE-AZRTOS-WL.2.0.0
2026-09-19 09:58:25,232 [WARN] PackLoader:238 - Cannot read IP mode file for STMicroelectronics.X-CUBE-BLE2.3.3.0
2026-09-19 09:58:25,247 [ERROR] Engine:463 - C:\Users\Hius\.stm32cubemx\thirdparties\pdsc\Avnet-IOTCONNECT.X-CUBE-iotc-st67-sdk.1.0.0.pdsc: PDSC version is not supported
2026-09-19 09:58:25,263 [ERROR] Engine:463 - C:\Users\Hius\.stm32cubemx\thirdparties\pdsc\Infineon.AIROC-Wi-Fi-Bluetooth-STM32.1.8.0.pdsc: PDSC version is not supported
2026-09-19 09:58:25,279 [WARN] PackLoader:238 - Cannot read IP mode file for STMicroelectronics.X-CUBE-NFC9.1.0.0
2026-09-19 09:58:25,279 [WARN] PackLoader:238 - Cannot read IP mode file for STMicroelectronics.X-CUBE-BLE1.7.1.0
2026-09-19 09:58:25,295 [WARN] PackLoader:238 - Cannot read IP mode file for wolfSSL.I-CUBE-wolfMQTT.1.19.2
2026-09-19 09:58:25,318 [WARN] PackLoader:238 - Cannot read IP mode file for STMicroelectronics.X-CUBE-EEPRMA1.5.2.0
2026-09-19 09:58:25,342 [WARN] PackLoader:238 - Cannot read IP mode file for STMicroelectronics.X-CUBE-AZRTOS-G0.1.1.0
2026-09-19 09:58:25,358 [WARN] PackLoader:238 - Cannot read IP mode file for STMicroelectronics.X-CUBE-NFC4.3.0.0
2026-09-19 09:58:25,370 [ERROR] Engine:463 - C:\Users\Hius\.stm32cubemx\thirdparties\pdsc\EmbeddedOffice.I-CUBE-FS-RTOS.1.0.1.pdsc: PDSC version is not supported
2026-09-19 09:58:25,384 [WARN] PackLoader:238 - Cannot read IP mode file for wolfSSL.I-CUBE-wolfTPM.3.8.0
2026-09-19 09:58:25,390 [ERROR] Engine:463 - C:\Users\Hius\.stm32cubemx\thirdparties\pdsc\STMicroelectronics.X-CUBE-TCPP.4.2.0.pdsc: PDSC version is not supported
2026-09-19 09:58:25,406 [ERROR] Engine:463 - C:\Users\Hius\.stm32cubemx\thirdparties\pdsc\RealThread.X-CUBE-RT-Thread_Nano.4.1.1.pdsc: PDSC version is not supported
2026-09-19 09:58:25,418 [WARN] PackLoader:238 - Cannot read IP mode file for STMicroelectronics.FP-ATR-SIGFOX1.3.2.0
2026-09-19 09:58:25,424 [ERROR] Engine:463 - C:\Users\Hius\.stm32cubemx\thirdparties\pdsc\ITTIA_DB.I-CUBE-ITTIADB.8.9.0.pdsc: PDSC version is not supported
2026-09-19 09:58:25,438 [ERROR] Engine:463 - C:\Users\Hius\.stm32cubemx\thirdparties\pdsc\Cesanta.I-CUBE-Mongoose.7.21.7.pdsc: PDSC version is not supported
2026-09-19 09:58:25,462 [WARN] PackLoader:238 - Cannot read IP mode file for STMicroelectronics.X-CUBE-NFC6.3.2.0
2026-09-19 09:58:25,469 [WARN] PackLoader:238 - Cannot read IP mode file for STMicroelectronics.X-CUBE-AI.10.2.1
2026-09-19 09:58:25,501 [WARN] PackLoader:238 - Cannot read IP mode file for SEGGER.I-CUBE-embOS.1.3.1
2026-09-19 09:58:25,565 [ERROR] Engine:463 - C:\Users\Hius\.stm32cubemx\thirdparties\pdsc\STMicroelectronics.FP-SNS-STAIOTCFT.2.0.0.pdsc: PDSC version is not supported
2026-09-19 09:58:25,578 [WARN] PackLoader:238 - Cannot read IP mode file for STMicroelectronics.X-CUBE-NFC13.1.0.0
2026-09-19 09:58:25,581 [WARN] PackLoader:238 - Cannot read IP mode file for STMicroelectronics.X-CUBE-PM33A1.1.0.0
2026-09-19 09:58:25,613 [WARN] PackLoader:238 - Cannot read IP mode file for STMicroelectronics.X-CUBE-AZRTOS-F4.1.1.0
2026-09-19 09:58:25,629 [WARN] PackLoader:238 - Cannot read IP mode file for STMicroelectronics.X-CUBE-ISPU.2.1.0
2026-09-19 09:58:25,644 [ERROR] Engine:463 - C:\Users\Hius\.stm32cubemx\thirdparties\pdsc\STMicroelectronics.X-CUBE-IPS.3.2.0.pdsc: PDSC version is not supported
2026-09-19 09:58:25,644 [ERROR] Engine:463 - C:\Users\Hius\.stm32cubemx\thirdparties\pdsc\STMicroelectronics.eDS-WB_DPC_TT-BIDIR.2.1.1.pdsc: PDSC version is not supported
2026-09-19 09:58:25,660 [WARN] PackLoader:238 - Cannot read IP mode file for STMicroelectronics.X-CUBE-NFC12.1.0.0
2026-09-19 09:58:25,693 [WARN] PackLoader:238 - Cannot read IP mode file for STMicroelectronics.X-CUBE-AZRTOS-L5.2.0.0
2026-09-19 09:58:25,708 [WARN] PackLoader:238 - Cannot read IP mode file for STMicroelectronics.X-CUBE-ALGOBUILD.1.5.0
2026-09-19 09:58:25,724 [ERROR] Engine:463 - C:\Users\Hius\.stm32cubemx\thirdparties\pdsc\STMicroelectronics.eDS-WB_DPC_VIENNA.1.2.0.pdsc: PDSC version is not supported
2026-09-19 09:58:25,769 [WARN] PackLoader:238 - Cannot read IP mode file for STMicroelectronics.X-CUBE-MEMS1.13.0.0
2026-09-19 09:58:25,873 [ERROR] Engine:463 - C:\Users\Hius\.stm32cubemx\thirdparties\pdsc\STMicroelectronics.eDS-WB_DPC_3PH2L-BIDIR.1.1.1.pdsc: PDSC version is not supported
2026-09-19 09:58:25,885 [ERROR] Engine:463 - C:\Users\Hius\.stm32cubemx\thirdparties\pdsc\STMicroelectronics.X-CUBE-ST67W61.1.3.0.pdsc: PDSC version is not supported
2026-09-19 09:58:25,899 [WARN] PackLoader:238 - Cannot read IP mode file for STMicroelectronics.X-CUBE-TOUCHGFX.4.26.1
2026-09-19 09:58:25,913 [ERROR] Engine:463 - C:\Users\Hius\.stm32cubemx\thirdparties\pdsc\STMicroelectronics.X-CUBE-DPower.1.3.0.pdsc: PDSC version is not supported
2026-09-19 09:58:25,946 [WARN] ConditionMgr:437 - getConditionDescription Invalid condition id : LAN8742 Phy interface Condition cause : null
2026-09-19 09:58:25,946 [WARN] PackLoader:238 - Cannot read IP mode file for STMicroelectronics.X-CUBE-AZRTOS-L4.2.0.0
2026-09-19 09:58:25,948 [WARN] ConditionMgr:1038 - genDependencies : Invalid condition id : LAN8742 Phy interface Condition cause : null
2026-09-19 09:58:25,948 [WARN] ConditionMgr:1038 - genDependencies : Invalid condition id : LAN8742 Phy interface Condition cause : null
2026-09-19 09:58:25,948 [WARN] ConditionMgr:1038 - genDependencies : Invalid condition id : LAN8742 Phy interface Condition cause : null
2026-09-19 09:58:25,960 [WARN] PackLoader:238 - Cannot read IP mode file for STMicroelectronics.X-CUBE-SFXS2LP1.4.0.0
2026-09-19 09:58:25,960 [WARN] PackLoader:238 - Cannot read IP mode file for STMicroelectronics.X-CUBE-WB05N.2.1.0
2026-09-19 09:58:25,996 [WARN] ConditionMgr:437 - getConditionDescription Invalid condition id : UX DEVICE CLASS RTOS Condition cause : null
2026-09-19 09:58:25,996 [WARN] ConditionMgr:437 - getConditionDescription Invalid condition id : UX DEVICE CLASS RTOS Condition cause : null
2026-09-19 09:58:25,998 [WARN] PackLoader:238 - Cannot read IP mode file for STMicroelectronics.X-CUBE-AZRTOS-WB.2.0.0
2026-09-19 09:58:25,998 [WARN] ConditionMgr:1038 - genDependencies : Invalid condition id : UX DEVICE CLASS RTOS Condition cause : null
2026-09-19 09:58:25,998 [WARN] ConditionMgr:1038 - genDependencies : Invalid condition id : UX DEVICE CLASS RTOS Condition cause : null
2026-09-19 09:58:25,998 [WARN] ConditionMgr:1038 - genDependencies : Invalid condition id : UX DEVICE CLASS RTOS Condition cause : null
2026-09-19 09:58:25,998 [WARN] ConditionMgr:1038 - genDependencies : Invalid condition id : UX DEVICE CLASS RTOS Condition cause : null
2026-09-19 09:58:25,998 [WARN] ConditionMgr:1038 - genDependencies : Invalid condition id : UX DEVICE CLASS RTOS Condition cause : null
2026-09-19 09:58:26,010 [ERROR] Engine:463 - C:\Users\Hius\.stm32cubemx\thirdparties\pdsc\quantropi.X-CUBE-qispace-sdk-base.2.1.0.pdsc: PDSC version is not supported
2026-09-19 09:58:26,025 [WARN] PackLoader:238 - Cannot read IP mode file for STMicroelectronics.X-CUBE-STSE01.2.0.0
2026-09-19 09:58:26,039 [WARN] PackLoader:238 - Cannot read IP mode file for STMicroelectronics.X-CUBE-SUBG2.5.0.0
2026-09-19 09:58:26,075 [WARN] PackLoader:238 - Cannot read IP mode file for STMicroelectronics.X-CUBE-AZRTOS-G4.2.0.0
2026-09-19 09:58:26,103 [WARN] PackLoader:238 - Cannot read IP mode file for wolfSSL.I-CUBE-wolfSSH.1.4.20
2026-09-19 09:58:26,119 [WARN] PackLoader:238 - Cannot read IP mode file for STMicroelectronics.X-CUBE-NFC7.2.0.0
2026-09-19 09:58:26,135 [ERROR] Engine:463 - C:\Users\Hius\.stm32cubemx\thirdparties\pdsc\STMicroelectronics.X-CUBE-BLEMGR.4.2.0.pdsc: PDSC version is not supported
2026-09-19 09:58:26,136 [ERROR] Engine:463 - C:\Users\Hius\.stm32cubemx\thirdparties\pdsc\STMicroelectronics.X-CUBE-ALS.1.0.2.pdsc: PDSC version is not supported
2026-09-19 09:58:26,150 [ERROR] Engine:463 - C:\Users\Hius\.stm32cubemx\thirdparties\pdsc\STMicroelectronics.X-CUBE-TOF1.3.4.3.pdsc: PDSC version is not supported
2026-09-19 09:58:26,150 [INFO] ThirdParty:915 - Integrity check success = true
2026-09-19 09:58:26,150 [INFO] IntegrityCheckThread:94 - exiting critical section [integrity check]
2026-09-19 09:58:26,150 [INFO] IntegrityCheckThread:97 - End integrity checks thread
2026-09-19 09:58:26,150 [INFO] ThirdParty:815 - entering critical section [close project]
2026-09-19 09:58:26,150 [INFO] ThirdParty:825 - exiting critical section [close project]
2026-09-19 09:58:26,150 [INFO] PinOutPanel:1463 - setPackage(No Configuration,No Configuration)
2026-09-19 09:58:26,166 [INFO] UtilMem:74 - Begin LoadConfig() Used Memory: 968899872 Bytes (1073741824)
2026-09-19 09:58:26,167 [INFO] MicroXplorer:448 - Change Database Path : 
2026-09-19 09:58:26,167 [INFO] MicroXplorer:478 - Change Database Version : DB.6.0.30
2026-09-19 09:58:26,167 [INFO] OpenFileManager:313 - Change cursor
2026-09-19 09:58:26,976 [INFO] Context:592 - Trying to add GPIOservice into a context  which must be forbidden
2026-09-19 09:58:27,184 [WARN] ApiManager:304 - Cannot register API 'Board Extension:PM33A1' from pack STMicroelectronics.X-CUBE-PM33A1.1.0.0: no header file found
2026-09-19 09:58:27,184 [WARN] ApiManager:304 - Cannot register API 'Board Extension:NFC09A1' from pack STMicroelectronics.X-CUBE-NFC9.1.0.0: no header file found
2026-09-19 09:58:27,184 [WARN] ApiManager:304 - Cannot register API 'Wireless:BlueNRG-MS' from pack STMicroelectronics.X-CUBE-BLE1.7.1.0: no header file found
2026-09-19 09:58:27,200 [WARN] ApiManager:304 - Cannot register API 'Board Extension:EEPRMA2' from pack STMicroelectronics.X-CUBE-EEPRMA1.5.2.0: no header file found
2026-09-19 09:58:27,200 [WARN] ApiManager:304 - Cannot register API 'Board Extension:PGEEZ1' from pack STMicroelectronics.X-CUBE-EEPRMA1.5.2.0: no header file found
2026-09-19 09:58:27,200 [WARN] ApiManager:304 - Cannot register API 'Board Extension:EEICA1' from pack STMicroelectronics.X-CUBE-EEPRMA1.5.2.0: no header file found
2026-09-19 09:58:27,200 [WARN] ApiManager:304 - Cannot register API 'Board Part:M24' from pack STMicroelectronics.X-CUBE-EEPRMA1.5.2.0: no header file found
2026-09-19 09:58:27,200 [WARN] ApiManager:304 - Cannot register API 'Board Part:M95' from pack STMicroelectronics.X-CUBE-EEPRMA1.5.2.0: no header file found
2026-09-19 09:58:27,200 [WARN] ApiManager:304 - Cannot register API 'Board Part:M95P32' from pack STMicroelectronics.X-CUBE-EEPRMA1.5.2.0: no header file found
2026-09-19 09:58:27,200 [WARN] ApiManager:304 - Cannot register API 'Board Part:M24256E-F' from pack STMicroelectronics.X-CUBE-EEPRMA1.5.2.0: no header file found
2026-09-19 09:58:27,200 [WARN] ApiManager:304 - Cannot register API 'Board Part:M24M01E-F' from pack STMicroelectronics.X-CUBE-EEPRMA1.5.2.0: no header file found
2026-09-19 09:58:27,200 [WARN] ApiManager:304 - Cannot register API 'PGEEZ1:SPI' from pack STMicroelectronics.X-CUBE-EEPRMA1.5.2.0: no header file found
2026-09-19 09:58:27,200 [WARN] ApiManager:304 - Cannot register API 'PGEEZ1:QDSPI' from pack STMicroelectronics.X-CUBE-EEPRMA1.5.2.0: no header file found
2026-09-19 09:58:27,200 [WARN] ApiManager:304 - Cannot register API 'Board Extension:NFC12A1' from pack STMicroelectronics.X-CUBE-NFC12.1.0.0: no header file found
2026-09-19 09:58:27,200 [WARN] ApiManager:304 - Cannot register API 'Board Extension:SAFEA1' from pack STMicroelectronics.X-CUBE-STSE01.2.0.0: no header file found
2026-09-19 09:58:27,200 [WARN] ApiManager:304 - Cannot register API 'Board Extension:ESE01A1' from pack STMicroelectronics.X-CUBE-STSE01.2.0.0: no header file found
2026-09-19 09:58:27,200 [WARN] ApiManager:304 - Cannot register API 'Board Extension:ESE02A1' from pack STMicroelectronics.X-CUBE-STSE01.2.0.0: no header file found
2026-09-19 09:58:27,200 [WARN] ApiManager:304 - Cannot register API 'Board Part:STSAFEA110' from pack STMicroelectronics.X-CUBE-STSE01.2.0.0: no header file found
2026-09-19 09:58:27,200 [WARN] ApiManager:304 - Cannot register API 'Board Part:STSAFEA120' from pack STMicroelectronics.X-CUBE-STSE01.2.0.0: no header file found
2026-09-19 09:58:27,200 [WARN] ApiManager:304 - Cannot register API 'Board Part:STSAFEL010' from pack STMicroelectronics.X-CUBE-STSE01.2.0.0: no header file found
2026-09-19 09:58:27,200 [WARN] ApiManager:304 - Cannot register API 'Security:STM32_Cryptographic' from pack STMicroelectronics.X-CUBE-STSE01.2.0.0: no header file found
2026-09-19 09:58:27,200 [WARN] ApiManager:304 - Cannot register API 'Security:STSELib' from pack STMicroelectronics.X-CUBE-STSE01.2.0.0: no header file found
2026-09-19 09:58:27,200 [INFO] RtosManager:484 - Registered RTOS mode: class=CMSIS, group=RTOS, mode=CMSIS_V1, owner=FREERTOS
2026-09-19 09:58:27,200 [INFO] RtosManager:484 - Registered RTOS mode: class=CMSIS, group=RTOS2, mode=CMSIS_V2, owner=FREERTOS
2026-09-19 09:58:27,200 [INFO] RtosManager:484 - Registered RTOS mode: class=RTOS, group=Core, mode=CMSIS_V1, owner=FREERTOS
2026-09-19 09:58:27,200 [INFO] RtosManager:484 - Registered RTOS mode: class=RTOS, group=Core, mode=CMSIS_V2, owner=FREERTOS
2026-09-19 09:58:27,200 [WARN] ModelIntegratedComponent:181 - Missing modes for component STMicroelectronics:FreeRTOS:0.0.1:STMicroelectronics:RTOS:FreeRTOS:Core:::10.2.0:
2026-09-19 09:58:27,200 [WARN] ApiManager:304 - Cannot register API 'Board Extension:NFC04A1' from pack STMicroelectronics.X-CUBE-NFC4.3.0.0: no header file found
2026-09-19 09:58:27,200 [WARN] ApiManager:304 - Cannot register API 'Board Extension:S2868A1' from pack STMicroelectronics.X-CUBE-SUBG2.5.0.0: no header file found
2026-09-19 09:58:27,200 [WARN] ApiManager:304 - Cannot register API 'Board Extension:S2868A2' from pack STMicroelectronics.X-CUBE-SUBG2.5.0.0: no header file found
2026-09-19 09:58:27,200 [WARN] ApiManager:304 - Cannot register API 'Board Extension:S2915A1' from pack STMicroelectronics.X-CUBE-SUBG2.5.0.0: no header file found
2026-09-19 09:58:27,296 [WARN] ApiManager:304 - Cannot register API 'Board Extension:IKS02A1' from pack STMicroelectronics.X-CUBE-MEMS1.13.0.0: no header file found
2026-09-19 09:58:27,296 [WARN] ApiManager:304 - Cannot register API 'Board Extension:IKS4A1' from pack STMicroelectronics.X-CUBE-MEMS1.13.0.0: no header file found
2026-09-19 09:58:27,296 [WARN] ApiManager:304 - Cannot register API 'Board Extension:IKS5A1' from pack STMicroelectronics.X-CUBE-MEMS1.13.0.0: no header file found
2026-09-19 09:58:27,296 [WARN] ApiManager:304 - Cannot register API 'Board Extension:NFC07A1' from pack STMicroelectronics.X-CUBE-NFC7.2.0.0: no header file found
2026-09-19 09:58:27,296 [WARN] ApiManager:304 - Cannot register API 'Board Extension:GNSS1A1' from pack STMicroelectronics.X-CUBE-GNSS1.7.1.1: no header file found
2026-09-19 09:58:27,296 [WARN] ApiManager:304 - Cannot register API 'Board Support:Custom' from pack STMicroelectronics.X-CUBE-GNSS1.7.1.1: no header file found
2026-09-19 09:58:27,296 [WARN] ApiManager:304 - Cannot register API 'Data Exchange:lib_gnss' from pack STMicroelectronics.X-CUBE-GNSS1.7.1.1: no header file found
2026-09-19 09:58:27,312 [WARN] ApiManager:304 - Cannot register API 'Board Extension:NFC10A1' from pack STMicroelectronics.X-CUBE-NFC10.1.0.0: no header file found
2026-09-19 09:58:27,312 [WARN] ModelIntegratedComponent:60 - No mode defined for component null
2026-09-19 09:58:27,312 [WARN] ModelIntegratedComponent:60 - No mode defined for component null
2026-09-19 09:58:27,312 [WARN] ModelIntegratedComponent:60 - No mode defined for component null
2026-09-19 09:58:27,312 [WARN] ModelIntegratedComponent:60 - No mode defined for component null
2026-09-19 09:58:27,312 [WARN] ModelIntegratedComponent:60 - No mode defined for component null
2026-09-19 09:58:27,312 [WARN] ModelIntegratedComponent:60 - No mode defined for component null
2026-09-19 09:58:27,312 [WARN] ModelIntegratedComponent:60 - No mode defined for component null
2026-09-19 09:58:27,312 [WARN] ModelIntegratedComponent:60 - No mode defined for component null
2026-09-19 09:58:27,312 [WARN] ModelIntegratedComponent:60 - No mode defined for component null
2026-09-19 09:58:27,312 [WARN] ModelIntegratedComponent:60 - No mode defined for component null
2026-09-19 09:58:27,312 [WARN] ModelIntegratedComponent:60 - No mode defined for component null
2026-09-19 09:58:27,312 [WARN] ModelIntegratedComponent:60 - No mode defined for component null
2026-09-19 09:58:27,312 [WARN] ModelIntegratedComponent:60 - No mode defined for component null
2026-09-19 09:58:27,312 [WARN] ModelIntegratedComponent:60 - No mode defined for component null
2026-09-19 09:58:27,312 [WARN] ModelIntegratedComponent:60 - No mode defined for component null
2026-09-19 09:58:27,312 [WARN] ModelIntegratedComponent:60 - No mode defined for component null
2026-09-19 09:58:27,312 [WARN] ModelIntegratedComponent:60 - No mode defined for component null
2026-09-19 09:58:27,312 [WARN] ModelIntegratedComponent:60 - No mode defined for component null
2026-09-19 09:58:27,312 [WARN] ModelIntegratedComponent:60 - No mode defined for component null
2026-09-19 09:58:27,312 [WARN] ModelIntegratedComponent:60 - No mode defined for component null
2026-09-19 09:58:27,312 [WARN] ModelIntegratedComponent:60 - No mode defined for component null
2026-09-19 09:58:27,312 [WARN] ModelIntegratedComponent:60 - No mode defined for component null
2026-09-19 09:58:27,312 [WARN] ModelIntegratedComponent:60 - No mode defined for component null
2026-09-19 09:58:27,312 [WARN] ModelIntegratedComponent:60 - No mode defined for component null
2026-09-19 09:58:27,312 [WARN] ModelIntegratedComponent:60 - No mode defined for component null
2026-09-19 09:58:27,312 [WARN] ModelIntegratedComponent:60 - No mode defined for component null
2026-09-19 09:58:27,312 [WARN] ModelIntegratedComponent:60 - No mode defined for component null
2026-09-19 09:58:27,312 [WARN] ModelIntegratedComponent:60 - No mode defined for component null
2026-09-19 09:58:27,312 [WARN] ModelIntegratedComponent:60 - No mode defined for component null
2026-09-19 09:58:27,312 [WARN] ModelIntegratedComponent:60 - No mode defined for component null
2026-09-19 09:58:27,312 [WARN] ModelIntegratedComponent:60 - No mode defined for component null
2026-09-19 09:58:27,312 [WARN] ApiManager:304 - Cannot register API 'Board Extension:NFC06A1' from pack STMicroelectronics.X-CUBE-NFC6.3.2.0: no header file found
2026-09-19 09:58:27,312 [WARN] ApiManager:304 - Cannot register API 'Board Extension:NFC08A1' from pack STMicroelectronics.X-CUBE-NFC6.3.2.0: no header file found
2026-09-19 09:58:27,312 [WARN] ApiManager:304 - Cannot register API 'Board Extension:S2868A1' from pack STMicroelectronics.X-CUBE-SFXS2LP1.4.0.0: no header file found
2026-09-19 09:58:27,312 [WARN] ApiManager:304 - Cannot register API 'Board Extension:S2868A2' from pack STMicroelectronics.X-CUBE-SFXS2LP1.4.0.0: no header file found
2026-09-19 09:58:27,312 [WARN] ApiManager:304 - Cannot register API 'Board Extension:S2915A1' from pack STMicroelectronics.X-CUBE-SFXS2LP1.4.0.0: no header file found
2026-09-19 09:58:27,312 [WARN] ApiManager:304 - Cannot register API 'Wireless:BlueNRG-2' from pack STMicroelectronics.X-CUBE-BLE2.3.3.0: no header file found
2026-09-19 09:58:27,312 [WARN] ApiManager:304 - Cannot register API 'Board Extension:NFC13A1' from pack STMicroelectronics.X-CUBE-NFC13.1.0.0: no header file found
2026-09-19 09:58:27,312 [WARN] ApiManager:304 - Cannot register API 'Wireless:STM32WB05N' from pack STMicroelectronics.X-CUBE-WB05N.2.1.0: no header file found
2026-09-19 09:58:28,513 [INFO] UtilMem:74 - End LoadConfig() Used Memory: 972149424 Bytes (1073741824)
2026-09-19 09:58:28,513 [INFO] DbMcusXml:100 - Load MCU database from D:\STM32CubeIDE_1.7.0\STM32CubeIDE\plugins\com.st.stm32cube.common.mx_6.3.0.202107141111\\db\/mcu/families.xml
2026-09-19 09:58:29,471 [INFO] DbMcusJson:93 - JSON generation date=Mon Jun 07 15:53:21 ICT 2021 (1623056001)
2026-09-19 09:58:30,087 [INFO] DbMcus:175 - Found 1951 MCUs (1903 are supported by CubeMX, 1903 are visible in CubeMX)
2026-09-19 09:58:30,087 [INFO] ApiDb:251 - Load user favorites file C:\Users\Hius/.stm32cubeide/favorites.mcus.txt: 0 item(s)
2026-09-19 09:58:30,087 [INFO] ApiDb:255 - User favorites MCUs=[]
2026-09-19 09:58:30,087 [INFO] DbMcus:187 - Set 0 / 0 favorites MCUs
2026-09-19 09:58:30,135 [WARN] ThirdParty:779 - waiting for thirdparty lock release [change project]
2026-09-19 09:58:30,135 [INFO] ThirdParty:781 - entering critical section [change project]
2026-09-19 09:58:30,135 [INFO] ThirdParty:967 - CMSIS Pack Vendor :STMicroelectronics X-CUBE-AZRTOS-H7 3.5.0
2026-09-19 09:58:30,135 [INFO] ThirdParty:967 - CMSIS Pack Vendor :STMicroelectronics X-CUBE-PM33A1 1.0.0
2026-09-19 09:58:30,135 [INFO] ThirdParty:967 - CMSIS Pack Vendor :STMicroelectronics X-CUBE-NFC9 1.0.0
2026-09-19 09:58:30,135 [INFO] ThirdParty:967 - CMSIS Pack Vendor :STMicroelectronics USB_HOST 2.0.0
2026-09-19 09:58:30,135 [INFO] ThirdParty:967 - CMSIS Pack Vendor :STMicroelectronics FP-ATR-ASTRA1 2.0.3
2026-09-19 09:58:30,135 [INFO] ThirdParty:967 - CMSIS Pack Vendor :STMicroelectronics X-CUBE-AZRTOS-F4 1.1.0
2026-09-19 09:58:30,135 [INFO] ThirdParty:967 - CMSIS Pack Vendor :STMicroelectronics X-CUBE-BLE1 7.1.0
2026-09-19 09:58:30,135 [INFO] ThirdParty:967 - CMSIS Pack Vendor :wolfSSL I-CUBE-wolfMQTT 1.19.2
2026-09-19 09:58:30,135 [INFO] ThirdParty:967 - CMSIS Pack Vendor :STMicroelectronics USB_DEVICE 3.0.0
2026-09-19 09:58:30,135 [INFO] ThirdParty:967 - CMSIS Pack Vendor :STMicroelectronics X-CUBE-ISPU 2.1.0
2026-09-19 09:58:30,135 [INFO] ThirdParty:967 - CMSIS Pack Vendor :STMicroelectronics X-CUBE-EEPRMA1 5.2.0
2026-09-19 09:58:30,135 [INFO] ThirdParty:967 - CMSIS Pack Vendor :STMicroelectronics X-CUBE-AZRTOS-WB 2.0.0
2026-09-19 09:58:30,135 [INFO] ThirdParty:967 - CMSIS Pack Vendor :STMicroelectronics X-CUBE-NFC12 1.0.0
2026-09-19 09:58:30,135 [INFO] ThirdParty:967 - CMSIS Pack Vendor :STMicroelectronics X-CUBE-AZRTOS-F7 1.1.0
2026-09-19 09:58:30,135 [INFO] ThirdParty:967 - CMSIS Pack Vendor :STMicroelectronics X-CUBE-AZRTOS-L5 2.0.0
2026-09-19 09:58:30,135 [INFO] ThirdParty:967 - CMSIS Pack Vendor :STMicroelectronics USB_DEVICE 2.0.0
2026-09-19 09:58:30,135 [INFO] ThirdParty:967 - CMSIS Pack Vendor :STMicroelectronics X-CUBE-STSE01 2.0.0
2026-09-19 09:58:30,135 [INFO] ThirdParty:967 - CMSIS Pack Vendor :STMicroelectronics X-CUBE-ALGOBUILD 1.5.0
2026-09-19 09:58:30,135 [INFO] ThirdParty:967 - CMSIS Pack Vendor :STMicroelectronics FreeRTOS 0.0.1
2026-09-19 09:58:30,135 [INFO] ThirdParty:967 - CMSIS Pack Vendor :STMicroelectronics X-CUBE-AZRTOS-H7RS 1.3.0
2026-09-19 09:58:30,135 [INFO] ThirdParty:967 - CMSIS Pack Vendor :STMicroelectronics X-CUBE-AZRTOS-G0 1.1.0
2026-09-19 09:58:30,135 [INFO] ThirdParty:967 - CMSIS Pack Vendor :STMicroelectronics X-CUBE-NFC4 3.0.0
2026-09-19 09:58:30,135 [INFO] ThirdParty:967 - CMSIS Pack Vendor :STMicroelectronics X-CUBE-SUBG2 5.0.0
2026-09-19 09:58:30,135 [INFO] ThirdParty:967 - CMSIS Pack Vendor :STMicroelectronics lwIP 2.0.3
2026-09-19 09:58:30,135 [INFO] ThirdParty:967 - CMSIS Pack Vendor :STMicroelectronics X-CUBE-MEMS1 13.0.0
2026-09-19 09:58:30,135 [INFO] ThirdParty:967 - CMSIS Pack Vendor :STMicroelectronics USB_HOST 1.0.0
2026-09-19 09:58:30,135 [INFO] ThirdParty:967 - CMSIS Pack Vendor :STMicroelectronics X-CUBE-AZRTOS-G4 2.0.0
2026-09-19 09:58:30,135 [INFO] ThirdParty:967 - CMSIS Pack Vendor :STMicroelectronics PDM2PCM 3.1.0
2026-09-19 09:58:30,135 [INFO] ThirdParty:967 - CMSIS Pack Vendor :STMicroelectronics PDM2PCM 3.3.0
2026-09-19 09:58:30,135 [INFO] ThirdParty:967 - CMSIS Pack Vendor :wolfSSL I-CUBE-wolfTPM 3.8.0
2026-09-19 09:58:30,135 [INFO] ThirdParty:967 - CMSIS Pack Vendor :wolfSSL I-CUBE-wolfSSH 1.4.20
2026-09-19 09:58:30,135 [INFO] ThirdParty:967 - CMSIS Pack Vendor :STMicroelectronics X-CUBE-NFC7 2.0.0
2026-09-19 09:58:30,135 [INFO] ThirdParty:967 - CMSIS Pack Vendor :STMicroelectronics X-CUBE-GNSS1 7.1.1
2026-09-19 09:58:30,135 [INFO] ThirdParty:967 - CMSIS Pack Vendor :STMicroelectronics FP-ATR-SIGFOX1 3.2.0
2026-09-19 09:58:30,135 [INFO] ThirdParty:967 - CMSIS Pack Vendor :STMicroelectronics X-CUBE-NFC10 1.0.0
2026-09-19 09:58:30,135 [INFO] ThirdParty:967 - CMSIS Pack Vendor :STMicroelectronics HAL Drivers 0.0.0
2026-09-19 09:58:30,135 [INFO] ThirdParty:967 - CMSIS Pack Vendor :STMicroelectronics MBEDTLS 2.16.2
2026-09-19 09:58:30,135 [INFO] ThirdParty:967 - CMSIS Pack Vendor :wolfSSL I-CUBE-wolfSSL 5.9.2
2026-09-19 09:58:30,135 [INFO] ThirdParty:967 - CMSIS Pack Vendor :STMicroelectronics MBEDTLS 2.14.1
2026-09-19 09:58:30,135 [INFO] ThirdParty:967 - CMSIS Pack Vendor :STMicroelectronics X-CUBE-TOUCHGFX 4.26.1
2026-09-19 09:58:30,135 [INFO] ThirdParty:967 - CMSIS Pack Vendor :STMicroelectronics X-CUBE-NFC6 3.2.0
2026-09-19 09:58:30,135 [INFO] ThirdParty:967 - CMSIS Pack Vendor :STMicroelectronics X-CUBE-AI 10.2.1
2026-09-19 09:58:30,135 [INFO] ThirdParty:967 - CMSIS Pack Vendor :STMicroelectronics X-CUBE-AZRTOS-WL 2.0.0
2026-09-19 09:58:30,135 [INFO] ThirdParty:967 - CMSIS Pack Vendor :SEGGER I-CUBE-embOS 1.3.1
2026-09-19 09:58:30,135 [INFO] ThirdParty:967 - CMSIS Pack Vendor :STMicroelectronics USB_DEVICE 1.0.0
2026-09-19 09:58:30,135 [INFO] ThirdParty:967 - CMSIS Pack Vendor :STMicroelectronics X-CUBE-AZRTOS-L4 2.0.0
2026-09-19 09:58:30,135 [INFO] ThirdParty:967 - CMSIS Pack Vendor :STMicroelectronics ThreadX 0.0.2
2026-09-19 09:58:30,135 [INFO] ThirdParty:967 - CMSIS Pack Vendor :STMicroelectronics lwIP 2.1.2
2026-09-19 09:58:30,135 [INFO] ThirdParty:967 - CMSIS Pack Vendor :STMicroelectronics X-CUBE-SFXS2LP1 4.0.0
2026-09-19 09:58:30,135 [INFO] ThirdParty:967 - CMSIS Pack Vendor :STMicroelectronics X-CUBE-BLE2 3.3.0
2026-09-19 09:58:30,135 [INFO] ThirdParty:967 - CMSIS Pack Vendor :STMicroelectronics X-CUBE-NFC13 1.0.0
2026-09-19 09:58:30,135 [INFO] ThirdParty:967 - CMSIS Pack Vendor :STMicroelectronics PDM2PCM 3.2.0
2026-09-19 09:58:30,135 [INFO] ThirdParty:967 - CMSIS Pack Vendor :STMicroelectronics X-CUBE-WB05N 2.1.0
2026-09-19 09:58:30,135 [INFO] ThirdParty:787 - exiting critical section [change project]
2026-09-19 09:58:30,416 [INFO] PinOutPanel:1463 - setPackage(No Configuration,No Configuration)
2026-09-19 09:58:30,416 [INFO] PinOutPanel:1463 - setPackage(STM32F103C6Ux,UFQFPN48)
2026-09-19 09:58:30,769 [INFO] UtilMem:74 - Before build in PCC Used Memory: 980737640 Bytes (1073741824)
2026-09-19 09:58:31,411 [INFO] UtilMem:74 - After build in PCC Used Memory: 1012484584 Bytes (1073741824)
2026-09-19 09:58:31,438 [INFO] IPUIPlugin:74 - create IPUIPlugin
2026-09-19 09:58:31,438 [INFO] IPUIPlugin:74 - create IPUIPlugin
2026-09-19 09:58:31,438 [INFO] IPUIPlugin:74 - create IPUIPlugin
2026-09-19 09:58:31,439 [INFO] IPUIPlugin:74 - create IPUIPlugin
2026-09-19 09:58:31,439 [INFO] IPUIPlugin:74 - create IPUIPlugin
2026-09-19 09:58:31,439 [INFO] IPUIPlugin:74 - create IPUIPlugin
2026-09-19 09:58:31,439 [INFO] IPUIPlugin:74 - create IPUIPlugin
2026-09-19 09:58:31,439 [INFO] IPUIPlugin:74 - create IPUIPlugin
2026-09-19 09:58:31,439 [INFO] IPUIPlugin:74 - create IPUIPlugin
2026-09-19 09:58:31,439 [INFO] IPUIPlugin:74 - create IPUIPlugin
2026-09-19 09:58:31,439 [INFO] IPUIPlugin:74 - create IPUIPlugin
2026-09-19 09:58:31,439 [INFO] IPUIPlugin:74 - create IPUIPlugin
2026-09-19 09:58:31,439 [INFO] IPUIPlugin:74 - create IPUIPlugin
2026-09-19 09:58:31,439 [INFO] IPUIPlugin:74 - create IPUIPlugin
2026-09-19 09:58:31,439 [INFO] IPUIPlugin:74 - create IPUIPlugin
2026-09-19 09:58:31,439 [INFO] IPUIPlugin:74 - create IPUIPlugin
2026-09-19 09:58:31,439 [INFO] IPUIPlugin:74 - create IPUIPlugin
2026-09-19 09:58:31,439 [INFO] IPUIPlugin:74 - create IPUIPlugin
2026-09-19 09:58:31,439 [INFO] IPUIPlugin:74 - create IPUIPlugin
2026-09-19 09:58:31,439 [INFO] IPUIPlugin:74 - create IPUIPlugin
2026-09-19 09:58:31,441 [INFO] IPUIPlugin:74 - create IPUIPlugin
2026-09-19 09:58:31,441 [INFO] IPUIPlugin:74 - create IPUIPlugin
2026-09-19 09:58:31,441 [INFO] IPUIPlugin:74 - create IPUIPlugin
2026-09-19 09:58:31,564 [INFO] OpenFileManager:333 - Restore cursor
2026-09-19 09:59:10,544 [INFO] Activator:177 - 


2026-09-19 09:59:10,553 [INFO] Activator:178 - !SESSION log4j initialized
2026-09-19 09:59:47,643 [INFO] McuFinderGlobals:39 - Set McuFinder mode to 2 (CubeIDE integrated)
2026-09-19 09:59:47,833 [INFO] ApplicationProperties:181 - Using Application install path: D:\STM32CubeIDE_1.7.0\STM32CubeIDE\plugins\com.st.stm32cube.common.mx_6.3.0.202107141111
2026-09-19 09:59:47,833 [INFO] DbMcusXml:74 - Set database path to: D:\STM32CubeIDE_1.7.0\STM32CubeIDE\plugins\com.st.stm32cube.common.mx_6.3.0.202107141111\\db\/mcu/
2026-09-19 09:59:47,847 [INFO] DbBoardsPdsc:56 - Set plugin database path to: D:\STM32CubeIDE_1.7.0\STM32CubeIDE\plugins\com.st.stm32cube.common.mx_6.3.0.202107141111\\db\/plugins/boardmanager/
2026-09-19 09:59:47,847 [INFO] DbMcus:258 - Set plugin images path to: D:\STM32CubeIDE_1.7.0\STM32CubeIDE\plugins\com.st.stm32cube.common.mx_6.3.0.202107141111\\db\/plugins/mcufinder/images/
2026-09-19 09:59:47,847 [INFO] DbBoards:264 - Set plugin images path to: D:\STM32CubeIDE_1.7.0\STM32CubeIDE\plugins\com.st.stm32cube.common.mx_6.3.0.202107141111\\db\/plugins/mcufinder/images/
2026-09-19 09:59:47,847 [INFO] DbExamples:333 - Set plugin images path to: D:\STM32CubeIDE_1.7.0\STM32CubeIDE\plugins\com.st.stm32cube.common.mx_6.3.0.202107141111\\db\/plugins/mcufinder/images/
2026-09-19 09:59:47,847 [INFO] DbMcusAds:119 - Set database path to: C:\Users\Hius\.stmcufinder\plugins\mcufinder//mcu/
2026-09-19 09:59:47,847 [INFO] DbMcusDocs:110 - Set database path to: C:\Users\Hius\.stmcufinder\plugins\mcufinder//mcu/
2026-09-19 09:59:47,847 [INFO] DbMcusJson:64 - Set database path to: C:\Users\Hius\.stmcufinder\plugins\mcufinder//mcu/
2026-09-19 09:59:47,847 [INFO] DbBoardsDocs:110 - Set database path to: C:\Users\Hius\.stmcufinder\plugins\mcufinder//mcu/
2026-09-19 09:59:47,847 [INFO] DbBoardsJson:57 - Set database path to: C:\Users\Hius\.stmcufinder\plugins\mcufinder//mcu/
2026-09-19 09:59:48,025 [INFO] CrossReferenceDbSqlite:196 - Set database path to: C:\Users\Hius\.stmcufinder\plugins\mcufinder//mcu/cs/
2026-09-19 09:59:48,029 [INFO] DbExamplesSqlite:767 - Set database path to: C:\Users\Hius\.stmcufinder\plugins\mcufinder//mcu/
2026-09-19 09:59:48,100 [INFO] RulesReader:57 - Compatibility file has been processed (242 Rules)
2026-09-19 09:59:48,159 [INFO] DbMcusXml:74 - Set database path to: D:\STM32CubeIDE_1.7.0\STM32CubeIDE\plugins\com.st.stm32cube.common.mx_6.3.0.202107141111\\db\/mcu/
2026-09-19 09:59:48,159 [INFO] DbBoardsPdsc:56 - Set plugin database path to: D:\STM32CubeIDE_1.7.0\STM32CubeIDE\plugins\com.st.stm32cube.common.mx_6.3.0.202107141111\\db\/plugins/boardmanager/
2026-09-19 09:59:48,159 [INFO] DbMcus:258 - Set plugin images path to: D:\STM32CubeIDE_1.7.0\STM32CubeIDE\plugins\com.st.stm32cube.common.mx_6.3.0.202107141111\\db\/plugins/mcufinder/images/
2026-09-19 09:59:48,159 [INFO] DbBoards:264 - Set plugin images path to: D:\STM32CubeIDE_1.7.0\STM32CubeIDE\plugins\com.st.stm32cube.common.mx_6.3.0.202107141111\\db\/plugins/mcufinder/images/
2026-09-19 09:59:48,159 [INFO] DbExamples:333 - Set plugin images path to: D:\STM32CubeIDE_1.7.0\STM32CubeIDE\plugins\com.st.stm32cube.common.mx_6.3.0.202107141111\\db\/plugins/mcufinder/images/
2026-09-19 09:59:48,159 [WARN] DbFile:35 - Overriding database path with different value: C:\Users\Hius\.stmcufinder\plugins\mcufinder/ => C:\Users\Hius\.stmcufinder\plugins\mcufinder
2026-09-19 09:59:48,159 [INFO] DbMcusAds:119 - Set database path to: C:\Users\Hius\.stmcufinder\plugins\mcufinder//mcu/
2026-09-19 09:59:48,159 [WARN] DbFile:35 - Overriding database path with different value: C:\Users\Hius\.stmcufinder\plugins\mcufinder/ => C:\Users\Hius\.stmcufinder\plugins\mcufinder
2026-09-19 09:59:48,159 [INFO] DbMcusDocs:110 - Set database path to: C:\Users\Hius\.stmcufinder\plugins\mcufinder//mcu/
2026-09-19 09:59:48,159 [WARN] DbFile:35 - Overriding database path with different value: C:\Users\Hius\.stmcufinder\plugins\mcufinder/ => C:\Users\Hius\.stmcufinder\plugins\mcufinder
2026-09-19 09:59:48,159 [INFO] DbMcusJson:64 - Set database path to: C:\Users\Hius\.stmcufinder\plugins\mcufinder//mcu/
2026-09-19 09:59:48,159 [WARN] DbFile:35 - Overriding database path with different value: C:\Users\Hius\.stmcufinder\plugins\mcufinder/ => C:\Users\Hius\.stmcufinder\plugins\mcufinder
2026-09-19 09:59:48,159 [INFO] DbBoardsDocs:110 - Set database path to: C:\Users\Hius\.stmcufinder\plugins\mcufinder//mcu/
2026-09-19 09:59:48,159 [WARN] DbFile:35 - Overriding database path with different value: C:\Users\Hius\.stmcufinder\plugins\mcufinder/ => C:\Users\Hius\.stmcufinder\plugins\mcufinder
2026-09-19 09:59:48,159 [INFO] DbBoardsJson:57 - Set database path to: C:\Users\Hius\.stmcufinder\plugins\mcufinder//mcu/
2026-09-19 09:59:48,159 [WARN] DbFile:35 - Overriding database path with different value: C:\Users\Hius\.stmcufinder\plugins\mcufinder/ => C:\Users\Hius\.stmcufinder\plugins\mcufinder
2026-09-19 09:59:48,159 [WARN] DbFile:35 - Overriding database path with different value: C:\Users\Hius\.stmcufinder\plugins\mcufinder/ => C:\Users\Hius\.stmcufinder\plugins\mcufinder
2026-09-19 09:59:48,159 [INFO] CrossReferenceDbSqlite:196 - Set database path to: C:\Users\Hius\.stmcufinder\plugins\mcufinder//mcu/cs/
2026-09-19 09:59:48,159 [WARN] DbFile:35 - Overriding database path with different value: C:\Users\Hius\.stmcufinder\plugins\mcufinder/ => C:\Users\Hius\.stmcufinder\plugins\mcufinder
2026-09-19 09:59:48,159 [INFO] DbExamplesSqlite:767 - Set database path to: C:\Users\Hius\.stmcufinder\plugins\mcufinder//mcu/
2026-09-19 09:59:48,220 [INFO] MainPanel:214 - HeapMemory: 268435456
2026-09-19 09:59:48,324 [INFO] DbMcusXml:74 - Set database path to: D:\STM32CubeIDE_1.7.0\STM32CubeIDE\plugins\com.st.stm32cube.common.mx_6.3.0.202107141111\\db\/mcu/
2026-09-19 09:59:48,324 [INFO] DbBoardsPdsc:56 - Set plugin database path to: D:\STM32CubeIDE_1.7.0\STM32CubeIDE\plugins\com.st.stm32cube.common.mx_6.3.0.202107141111\\db\/plugins/boardmanager/
2026-09-19 09:59:48,324 [INFO] DbMcus:258 - Set plugin images path to: D:\STM32CubeIDE_1.7.0\STM32CubeIDE\plugins\com.st.stm32cube.common.mx_6.3.0.202107141111\\db\/plugins/mcufinder/images/
2026-09-19 09:59:48,324 [INFO] DbBoards:264 - Set plugin images path to: D:\STM32CubeIDE_1.7.0\STM32CubeIDE\plugins\com.st.stm32cube.common.mx_6.3.0.202107141111\\db\/plugins/mcufinder/images/
2026-09-19 09:59:48,324 [INFO] DbExamples:333 - Set plugin images path to: D:\STM32CubeIDE_1.7.0\STM32CubeIDE\plugins\com.st.stm32cube.common.mx_6.3.0.202107141111\\db\/plugins/mcufinder/images/
2026-09-19 09:59:48,324 [WARN] DbFile:35 - Overriding database path with different value: C:\Users\Hius\.stmcufinder\plugins\mcufinder/ => C:\Users\Hius\.stmcufinder\plugins\mcufinder
2026-09-19 09:59:48,324 [INFO] DbMcusAds:119 - Set database path to: C:\Users\Hius\.stmcufinder\plugins\mcufinder//mcu/
2026-09-19 09:59:48,324 [WARN] DbFile:35 - Overriding database path with different value: C:\Users\Hius\.stmcufinder\plugins\mcufinder/ => C:\Users\Hius\.stmcufinder\plugins\mcufinder
2026-09-19 09:59:48,324 [INFO] DbMcusDocs:110 - Set database path to: C:\Users\Hius\.stmcufinder\plugins\mcufinder//mcu/
2026-09-19 09:59:48,324 [WARN] DbFile:35 - Overriding database path with different value: C:\Users\Hius\.stmcufinder\plugins\mcufinder/ => C:\Users\Hius\.stmcufinder\plugins\mcufinder
2026-09-19 09:59:48,324 [INFO] DbMcusJson:64 - Set database path to: C:\Users\Hius\.stmcufinder\plugins\mcufinder//mcu/
2026-09-19 09:59:48,324 [WARN] DbFile:35 - Overriding database path with different value: C:\Users\Hius\.stmcufinder\plugins\mcufinder/ => C:\Users\Hius\.stmcufinder\plugins\mcufinder
2026-09-19 09:59:48,324 [INFO] DbBoardsDocs:110 - Set database path to: C:\Users\Hius\.stmcufinder\plugins\mcufinder//mcu/
2026-09-19 09:59:48,324 [WARN] DbFile:35 - Overriding database path with different value: C:\Users\Hius\.stmcufinder\plugins\mcufinder/ => C:\Users\Hius\.stmcufinder\plugins\mcufinder
2026-09-19 09:59:48,324 [INFO] DbBoardsJson:57 - Set database path to: C:\Users\Hius\.stmcufinder\plugins\mcufinder//mcu/
2026-09-19 09:59:48,324 [WARN] DbFile:35 - Overriding database path with different value: C:\Users\Hius\.stmcufinder\plugins\mcufinder/ => C:\Users\Hius\.stmcufinder\plugins\mcufinder
2026-09-19 09:59:48,324 [WARN] DbFile:35 - Overriding database path with different value: C:\Users\Hius\.stmcufinder\plugins\mcufinder/ => C:\Users\Hius\.stmcufinder\plugins\mcufinder
2026-09-19 09:59:48,324 [INFO] CrossReferenceDbSqlite:196 - Set database path to: C:\Users\Hius\.stmcufinder\plugins\mcufinder//mcu/cs/
2026-09-19 09:59:48,324 [WARN] DbFile:35 - Overriding database path with different value: C:\Users\Hius\.stmcufinder\plugins\mcufinder/ => C:\Users\Hius\.stmcufinder\plugins\mcufinder
2026-09-19 09:59:48,324 [INFO] DbExamplesSqlite:767 - Set database path to: C:\Users\Hius\.stmcufinder\plugins\mcufinder//mcu/
2026-09-19 09:59:48,356 [INFO] ApplicationProperties:181 - Using Application install path: D:\STM32CubeIDE_1.7.0\STM32CubeIDE\plugins\com.st.stm32cube.common.mx_6.3.0.202107141111
2026-09-19 09:59:48,356 [INFO] PluginManage:188 - Search for loadable plugins [exclusion list=, ]
2026-09-19 09:59:48,356 [INFO] PluginManage:302 - Check plugin analytics
2026-09-19 09:59:48,467 [INFO] AnalyticsPlugin:257 - Accepted Software Licenses: 
2026-09-19 09:59:48,467 [INFO] AnalyticsPlugin:259 - Accepted CMSIS Pack Licenses: 
2026-09-19 09:59:48,483 [INFO] AnalyticsPlugin:261 - Accepted Firmware Licenses: 
2026-09-19 09:59:48,483 [INFO] PluginManage:352 - Loaded plugin analytics (category:tool,tabindex:-1)
2026-09-19 09:59:48,483 [INFO] PluginManage:302 - Check plugin clock
2026-09-19 09:59:48,483 [INFO] PluginManage:352 - Loaded plugin clock (category:base,tabindex:2)
2026-09-19 09:59:48,483 [INFO] PluginManage:302 - Check plugin ddr
2026-09-19 09:59:48,483 [INFO] PluginManage:352 - Loaded plugin ddr (category:tool,tabindex:6)
2026-09-19 09:59:48,483 [INFO] PluginManage:302 - Check plugin filemanager
2026-09-19 09:59:48,597 [INFO] PluginManage:352 - Loaded plugin filemanager (category:base,tabindex:10)
2026-09-19 09:59:48,613 [INFO] PluginManage:302 - Check plugin ipmanager
2026-09-19 09:59:48,627 [INFO] PluginManage:352 - Loaded plugin ipmanager (category:base,tabindex:5)
2026-09-19 09:59:48,627 [INFO] PluginManage:302 - Check plugin pinoutandconfiguration
2026-09-19 09:59:48,627 [INFO] PluginManage:352 - Loaded plugin pinoutandconfiguration (category:base,tabindex:1)
2026-09-19 09:59:48,627 [INFO] PluginManage:302 - Check plugin pinoutconfig
2026-09-19 09:59:48,658 [INFO] PluginManage:352 - Loaded plugin pinoutconfig (category:base,tabindex:0)
2026-09-19 09:59:48,658 [INFO] PluginManage:302 - Check plugin power
2026-09-19 09:59:48,658 [INFO] PluginManage:352 - Loaded plugin power (category:power,tabindex:4)
2026-09-19 09:59:48,658 [INFO] PluginManage:302 - Check plugin projectmanager
2026-09-19 09:59:48,676 [INFO] PluginManage:352 - Loaded plugin projectmanager (category:projectmanager,tabindex:3)
2026-09-19 09:59:48,676 [INFO] PluginManage:302 - Check plugin thirdparty
2026-09-19 09:59:48,753 [INFO] PluginManage:352 - Loaded plugin thirdparty (category:base,tabindex:-1)
2026-09-19 09:59:48,753 [INFO] PluginManage:302 - Check plugin tools
2026-09-19 09:59:48,753 [WARN] IntegrityCheckThread:78 - waiting for thirdparty lock release [integrity check]
2026-09-19 09:59:48,753 [INFO] IntegrityCheckThread:80 - entering critical section [integrity check]
2026-09-19 09:59:48,753 [INFO] ThirdPartyUpdaterWithRetryManager:66 - Updater plugin not ready yet. [1/15]
2026-09-19 09:59:48,770 [INFO] PluginManage:352 - Loaded plugin tools (category:base,tabindex:7)
2026-09-19 09:59:48,770 [INFO] PluginManage:302 - Check plugin tutovideos
2026-09-19 09:59:48,963 [INFO] PluginManage:352 - Loaded plugin tutovideos (category:base,tabindex:-1)
2026-09-19 09:59:48,963 [INFO] PluginManage:302 - Check plugin updater
2026-09-19 09:59:48,973 [INFO] PluginManage:352 - Loaded plugin updater (category:base,tabindex:12)
2026-09-19 09:59:48,973 [INFO] PluginManage:275 - PluginManage : Loaded plugins [13]
2026-09-19 09:59:49,136 [INFO] PinOutPanel:1463 - setPackage(No Configuration,No Configuration)
2026-09-19 09:59:49,216 [INFO] IPUIPlugin:74 - create IPUIPlugin
2026-09-19 09:59:49,216 [INFO] PluginManager:213 - loadIPPluginJar : add adc
2026-09-19 09:59:49,218 [INFO] IPUIPlugin:74 - create IPUIPlugin
2026-09-19 09:59:49,218 [INFO] PluginManager:213 - loadIPPluginJar : add aes
2026-09-19 09:59:49,219 [INFO] IPUIPlugin:74 - create IPUIPlugin
2026-09-19 09:59:49,219 [INFO] PluginManager:213 - loadIPPluginJar : add can
2026-09-19 09:59:49,220 [INFO] IPUIPlugin:74 - create IPUIPlugin
2026-09-19 09:59:49,220 [INFO] PluginManager:213 - loadIPPluginJar : add comp
2026-09-19 09:59:49,221 [INFO] IPUIPlugin:74 - create IPUIPlugin
2026-09-19 09:59:49,221 [INFO] PluginManager:213 - loadIPPluginJar : add cryp
2026-09-19 09:59:49,221 [INFO] IPUIPlugin:74 - create IPUIPlugin
2026-09-19 09:59:49,221 [INFO] PluginManager:213 - loadIPPluginJar : add dfsdm
2026-09-19 09:59:49,221 [INFO] IPUIPlugin:74 - create IPUIPlugin
2026-09-19 09:59:49,221 [INFO] PluginManager:213 - loadIPPluginJar : add dma
2026-09-19 09:59:49,221 [INFO] IPUIPlugin:74 - create IPUIPlugin
2026-09-19 09:59:49,221 [INFO] PluginManager:213 - loadIPPluginJar : add dma3
2026-09-19 09:59:49,230 [INFO] IPUIPlugin:74 - create IPUIPlugin
2026-09-19 09:59:49,230 [INFO] PluginManager:213 - loadIPPluginJar : add fatfs
2026-09-19 09:59:49,230 [INFO] IPUIPlugin:74 - create IPUIPlugin
2026-09-19 09:59:49,230 [INFO] PluginManager:213 - loadIPPluginJar : add fmc
2026-09-19 09:59:49,230 [INFO] IPUIPlugin:74 - create IPUIPlugin
2026-09-19 09:59:49,230 [INFO] PluginManager:213 - loadIPPluginJar : add freertos
2026-09-19 09:59:49,230 [INFO] IPUIPlugin:74 - create IPUIPlugin
2026-09-19 09:59:49,230 [INFO] PluginManager:213 - loadIPPluginJar : add genericplugin
2026-09-19 09:59:49,230 [INFO] IPUIPlugin:74 - create IPUIPlugin
2026-09-19 09:59:49,230 [INFO] PluginManager:213 - loadIPPluginJar : add gfxmmu
2026-09-19 09:59:49,243 [INFO] IPUIPlugin:74 - create IPUIPlugin
2026-09-19 09:59:49,243 [INFO] PluginManager:213 - loadIPPluginJar : add gic
2026-09-19 09:59:49,248 [INFO] IPUIPlugin:74 - create IPUIPlugin
2026-09-19 09:59:49,248 [INFO] PluginManager:213 - loadIPPluginJar : add gpio
2026-09-19 09:59:49,248 [INFO] IPUIPlugin:74 - create IPUIPlugin
2026-09-19 09:59:49,248 [INFO] PluginManager:213 - loadIPPluginJar : add gtzc
2026-09-19 09:59:49,248 [INFO] IPUIPlugin:74 - create IPUIPlugin
2026-09-19 09:59:49,248 [INFO] PluginManager:213 - loadIPPluginJar : add hash
2026-09-19 09:59:49,248 [INFO] IPUIPlugin:74 - create IPUIPlugin
2026-09-19 09:59:49,248 [INFO] PluginManager:213 - loadIPPluginJar : add i2c
2026-09-19 09:59:49,248 [INFO] IPUIPlugin:74 - create IPUIPlugin
2026-09-19 09:59:49,248 [INFO] PluginManager:213 - loadIPPluginJar : add i2s
2026-09-19 09:59:49,248 [INFO] IPUIPlugin:74 - create IPUIPlugin
2026-09-19 09:59:49,248 [INFO] PluginManager:213 - loadIPPluginJar : add ipddr
2026-09-19 09:59:49,262 [INFO] IPUIPlugin:74 - create IPUIPlugin
2026-09-19 09:59:49,262 [INFO] PluginManager:213 - loadIPPluginJar : add linkedlist
2026-09-19 09:59:49,262 [INFO] IPUIPlugin:74 - create IPUIPlugin
2026-09-19 09:59:49,262 [INFO] PluginManager:213 - loadIPPluginJar : add lorawan
2026-09-19 09:59:49,262 [INFO] IPUIPlugin:74 - create IPUIPlugin
2026-09-19 09:59:49,262 [INFO] PluginManager:213 - loadIPPluginJar : add ltdc
2026-09-19 09:59:49,262 [INFO] IPUIPlugin:74 - create IPUIPlugin
2026-09-19 09:59:49,262 [INFO] PluginManager:213 - loadIPPluginJar : add mdma
2026-09-19 09:59:49,262 [INFO] IPUIPlugin:74 - create IPUIPlugin
2026-09-19 09:59:49,262 [INFO] PluginManager:213 - loadIPPluginJar : add nvic
2026-09-19 09:59:49,262 [INFO] IPUIPlugin:74 - create IPUIPlugin
2026-09-19 09:59:49,262 [INFO] PluginManager:213 - loadIPPluginJar : add opamp
2026-09-19 09:59:49,262 [INFO] IPUIPlugin:74 - create IPUIPlugin
2026-09-19 09:59:49,262 [INFO] PluginManager:213 - loadIPPluginJar : add openamp
2026-09-19 09:59:49,262 [INFO] IPUIPlugin:74 - create IPUIPlugin
2026-09-19 09:59:49,262 [INFO] PluginManager:213 - loadIPPluginJar : add pdm2pcm
2026-09-19 09:59:49,279 [INFO] IPUIPlugin:74 - create IPUIPlugin
2026-09-19 09:59:49,279 [INFO] PluginManager:213 - loadIPPluginJar : add plateformsettings
2026-09-19 09:59:49,279 [INFO] IPUIPlugin:74 - create IPUIPlugin
2026-09-19 09:59:49,279 [INFO] PluginManager:213 - loadIPPluginJar : add quadspi
2026-09-19 09:59:49,279 [INFO] IPUIPlugin:74 - create IPUIPlugin
2026-09-19 09:59:49,279 [INFO] PluginManager:213 - loadIPPluginJar : add resmgrutility
2026-09-19 09:59:49,279 [INFO] IPUIPlugin:74 - create IPUIPlugin
2026-09-19 09:59:49,279 [INFO] PluginManager:213 - loadIPPluginJar : add sai
2026-09-19 09:59:49,279 [INFO] IPUIPlugin:74 - create IPUIPlugin
2026-09-19 09:59:49,279 [INFO] PluginManager:213 - loadIPPluginJar : add spi
2026-09-19 09:59:49,293 [INFO] IPUIPlugin:74 - create IPUIPlugin
2026-09-19 09:59:49,293 [INFO] PluginManager:213 - loadIPPluginJar : add stm32_wpan
2026-09-19 09:59:49,294 [INFO] IPUIPlugin:74 - create IPUIPlugin
2026-09-19 09:59:49,294 [INFO] PluginManager:213 - loadIPPluginJar : add tim
2026-09-19 09:59:49,296 [INFO] IPUIPlugin:74 - create IPUIPlugin
2026-09-19 09:59:49,296 [INFO] PluginManager:213 - loadIPPluginJar : add touchsensing
2026-09-19 09:59:49,298 [INFO] IPUIPlugin:74 - create IPUIPlugin
2026-09-19 09:59:49,298 [INFO] PluginManager:213 - loadIPPluginJar : add tracer_emb
2026-09-19 09:59:49,300 [INFO] IPUIPlugin:74 - create IPUIPlugin
2026-09-19 09:59:49,300 [INFO] PluginManager:213 - loadIPPluginJar : add ts
2026-09-19 09:59:49,300 [INFO] IPUIPlugin:74 - create IPUIPlugin
2026-09-19 09:59:49,300 [INFO] PluginManager:213 - loadIPPluginJar : add tsc
2026-09-19 09:59:49,302 [INFO] IPUIPlugin:74 - create IPUIPlugin
2026-09-19 09:59:49,302 [INFO] PluginManager:213 - loadIPPluginJar : add ucpd
2026-09-19 09:59:49,304 [INFO] IPUIPlugin:74 - create IPUIPlugin
2026-09-19 09:59:49,304 [INFO] PluginManager:213 - loadIPPluginJar : add usart
2026-09-19 09:59:49,306 [INFO] IPUIPlugin:74 - create IPUIPlugin
2026-09-19 09:59:49,306 [INFO] PluginManager:213 - loadIPPluginJar : add usbx
2026-09-19 09:59:49,646 [FATAL] Updater:294 - Updater called before beeing initialized
2026-09-19 09:59:49,783 [FATAL] Updater:294 - Updater called before beeing initialized
2026-09-19 09:59:49,783 [INFO] DbMcusAds:47 - JSON generation date=Wed Jul 15 16:44:54 ICT 2026 (1784108694001)
2026-09-19 09:59:49,783 [FATAL] Updater:294 - Updater called before beeing initialized
2026-09-19 09:59:49,815 [WARN] DetailPanel:314 - Failed to get advertising image, set to default
2026-09-19 09:59:49,953 [FATAL] Updater:294 - Updater called before beeing initialized
2026-09-19 09:59:49,956 [FATAL] Updater:294 - Updater called before beeing initialized
2026-09-19 09:59:49,957 [FATAL] Updater:294 - Updater called before beeing initialized
2026-09-19 09:59:49,957 [WARN] DetailPanel:314 - Failed to get advertising image, set to default
2026-09-19 09:59:49,959 [FATAL] Updater:294 - Updater called before beeing initialized
2026-09-19 09:59:50,022 [ERROR] Updater:1075 - MainUpdater not yet initialized. External WinMGr cannot be set.
2026-09-19 09:59:50,038 [INFO] Updater:1012 - Updater Version found : 6.3.0
2026-09-19 09:59:50,056 [INFO] ApplicationProperties:181 - Using Application install path: D:\STM32CubeIDE_1.7.0\STM32CubeIDE\plugins\com.st.stm32cube.common.mx_6.3.0.202107141111
2026-09-19 09:59:50,486 [INFO] MainUpdater:2671 - connection check result : 10
2026-09-19 09:59:50,489 [INFO] MainUpdater:265 - Updater Check For Update Now.
2026-09-19 09:59:50,489 [INFO] MicroXplorer:478 - Change Database Version : DB.6.0.30
2026-09-19 09:59:50,650 [INFO] CheckServerUpdateThread:112 - End of CheckServer Thread
2026-09-19 09:59:50,711 [INFO] MainUpdater:2671 - connection check result : 10
2026-09-19 09:59:50,711 [INFO] MainUpdater:2671 - connection check result : 10
2026-09-19 09:59:50,806 [INFO] MicroXplorer:448 - Change Database Path : 
2026-09-19 09:59:50,806 [INFO] MicroXplorer:478 - Change Database Version : DB.6.0.30
2026-09-19 09:59:50,822 [WARN] ThirdParty:813 - waiting for thirdparty lock release [close project]
2026-09-19 09:59:51,917 [WARN] PackLoader:238 - Cannot read IP mode file for STMicroelectronics.X-CUBE-AZRTOS-H7.3.5.0
2026-09-19 09:59:51,931 [WARN] PackLoader:238 - Cannot read IP mode file for STMicroelectronics.FP-ATR-ASTRA1.2.0.3
2026-09-19 09:59:51,937 [ERROR] Engine:463 - C:\Users\Hius\.stm32cubemx\thirdparties\pdsc\STMicroelectronics.X-CUBE-SMBUS.2.1.1.pdsc: PDSC version is not supported
2026-09-19 09:59:51,979 [WARN] PackLoader:238 - Cannot read IP mode file for STMicroelectronics.X-CUBE-AZRTOS-F7.1.1.0
2026-09-19 09:59:51,987 [ERROR] Engine:463 - C:\Users\Hius\.stm32cubemx\thirdparties\pdsc\STMicroelectronics.X-CUBE-FREERTOS.1.6.0.pdsc: PDSC version is not supported
2026-09-19 09:59:51,987 [ERROR] Engine:463 - C:\Users\Hius\.stm32cubemx\thirdparties\pdsc\STMicroelectronics.FP-SNS-MOTENV1.5.1.0.pdsc: PDSC version is not supported
2026-09-19 09:59:52,002 [WARN] PackLoader:238 - Cannot read IP mode file for STMicroelectronics.X-CUBE-AZRTOS-H7RS.1.3.0
2026-09-19 09:59:52,012 [ERROR] Engine:463 - C:\Users\Hius\.stm32cubemx\thirdparties\pdsc\WES.I-CUBE-Cesium.1.4.0.pdsc: PDSC version is not supported
2026-09-19 09:59:52,014 [ERROR] Engine:463 - C:\Users\Hius\.stm32cubemx\thirdparties\pdsc\STMicroelectronics.X-CUBE-DISPLAY.3.0.0.pdsc: PDSC version is not supported
2026-09-19 09:59:52,017 [WARN] PackLoader:238 - Cannot read IP mode file for STMicroelectronics.X-CUBE-GNSS1.7.1.1
2026-09-19 09:59:52,022 [ERROR] Engine:463 - C:\Users\Hius\.stm32cubemx\thirdparties\pdsc\STMicroelectronics.FP-SNS-MOTENVWB1.1.5.0.pdsc: PDSC version is not supported
2026-09-19 09:59:52,027 [WARN] PackLoader:238 - Cannot read IP mode file for STMicroelectronics.X-CUBE-NFC10.1.0.0
2026-09-19 09:59:52,031 [ERROR] Engine:463 - C:\Users\Hius\.stm32cubemx\thirdparties\pdsc\STMicroelectronics.X-CUBE-ST60.1.1.0.pdsc: PDSC version is not supported
2026-09-19 09:59:52,031 [ERROR] Engine:463 - C:\Users\Hius\.stm32cubemx\thirdparties\pdsc\emotas.I-CUBE-CANOPEN.1.3.0.pdsc: PDSC version is not supported
2026-09-19 09:59:52,031 [WARN] PackLoader:238 - Cannot read IP mode file for wolfSSL.I-CUBE-wolfSSL.5.9.2
2026-09-19 09:59:52,037 [ERROR] Engine:463 - C:\Users\Hius\.stm32cubemx\thirdparties\pdsc\STMicroelectronics.X-CUBE-WBA.1.1.0.pdsc: PDSC version is not supported
2026-09-19 09:59:52,037 [ERROR] Engine:463 - C:\Users\Hius\.stm32cubemx\thirdparties\pdsc\STMicroelectronics.FP-SNS-STBOX1.2.1.0.pdsc: PDSC version is not supported
2026-09-19 09:59:52,037 [ERROR] Engine:463 - C:\Users\Hius\.stm32cubemx\thirdparties\pdsc\STMicroelectronics.FP-SNS-SMARTAG2.1.2.0.pdsc: PDSC version is not supported
2026-09-19 09:59:52,042 [ERROR] Engine:463 - C:\Users\Hius\.stm32cubemx\thirdparties\pdsc\STMicroelectronics.FP-SNS-FLIGHT1.5.1.0.pdsc: PDSC version is not supported
2026-09-19 09:59:52,049 [INFO] LogOutputStream:76 - [STDOUT_REDIRECT] 1 : Invalid condition id : UX_CORESTACK_Condition cause : null
2026-09-19 09:59:52,049 [INFO] LogOutputStream:76 - [STDOUT_REDIRECT] 1 : Invalid condition id : UX_CORESTACK_Condition cause : null
2026-09-19 09:59:52,057 [INFO] LogOutputStream:76 - [STDOUT_REDIRECT] 1 : Invalid condition id : UX_CORESTACK_Condition cause : null
2026-09-19 09:59:52,057 [INFO] LogOutputStream:76 - [STDOUT_REDIRECT] 1 : Invalid condition id : UX_CORESTACK_Condition cause : null
2026-09-19 09:59:52,059 [INFO] LogOutputStream:76 - [STDOUT_REDIRECT] 1 : Invalid condition id : UX_CORESTACK_Condition cause : null
2026-09-19 09:59:52,061 [WARN] PackLoader:238 - Cannot read IP mode file for STMicroelectronics.X-CUBE-AZRTOS-WL.2.0.0
2026-09-19 09:59:52,067 [WARN] PackLoader:238 - Cannot read IP mode file for STMicroelectronics.X-CUBE-BLE2.3.3.0
2026-09-19 09:59:52,069 [ERROR] Engine:463 - C:\Users\Hius\.stm32cubemx\thirdparties\pdsc\Avnet-IOTCONNECT.X-CUBE-iotc-st67-sdk.1.0.0.pdsc: PDSC version is not supported
2026-09-19 09:59:52,075 [ERROR] Engine:463 - C:\Users\Hius\.stm32cubemx\thirdparties\pdsc\Infineon.AIROC-Wi-Fi-Bluetooth-STM32.1.8.0.pdsc: PDSC version is not supported
2026-09-19 09:59:52,081 [WARN] PackLoader:238 - Cannot read IP mode file for STMicroelectronics.X-CUBE-NFC9.1.0.0
2026-09-19 09:59:52,087 [WARN] PackLoader:238 - Cannot read IP mode file for STMicroelectronics.X-CUBE-BLE1.7.1.0
2026-09-19 09:59:52,091 [WARN] PackLoader:238 - Cannot read IP mode file for wolfSSL.I-CUBE-wolfMQTT.1.19.2
2026-09-19 09:59:52,101 [WARN] PackLoader:238 - Cannot read IP mode file for STMicroelectronics.X-CUBE-EEPRMA1.5.2.0
2026-09-19 09:59:52,121 [WARN] PackLoader:238 - Cannot read IP mode file for STMicroelectronics.X-CUBE-AZRTOS-G0.1.1.0
2026-09-19 09:59:52,135 [WARN] PackLoader:238 - Cannot read IP mode file for STMicroelectronics.X-CUBE-NFC4.3.0.0
2026-09-19 09:59:52,137 [ERROR] Engine:463 - C:\Users\Hius\.stm32cubemx\thirdparties\pdsc\EmbeddedOffice.I-CUBE-FS-RTOS.1.0.1.pdsc: PDSC version is not supported
2026-09-19 09:59:52,141 [WARN] PackLoader:238 - Cannot read IP mode file for wolfSSL.I-CUBE-wolfTPM.3.8.0
2026-09-19 09:59:52,143 [ERROR] Engine:463 - C:\Users\Hius\.stm32cubemx\thirdparties\pdsc\STMicroelectronics.X-CUBE-TCPP.4.2.0.pdsc: PDSC version is not supported
2026-09-19 09:59:52,145 [ERROR] Engine:463 - C:\Users\Hius\.stm32cubemx\thirdparties\pdsc\RealThread.X-CUBE-RT-Thread_Nano.4.1.1.pdsc: PDSC version is not supported
2026-09-19 09:59:52,149 [WARN] PackLoader:238 - Cannot read IP mode file for STMicroelectronics.FP-ATR-SIGFOX1.3.2.0
2026-09-19 09:59:52,152 [ERROR] Engine:463 - C:\Users\Hius\.stm32cubemx\thirdparties\pdsc\ITTIA_DB.I-CUBE-ITTIADB.8.9.0.pdsc: PDSC version is not supported
2026-09-19 09:59:52,153 [ERROR] Engine:463 - C:\Users\Hius\.stm32cubemx\thirdparties\pdsc\Cesanta.I-CUBE-Mongoose.7.21.7.pdsc: PDSC version is not supported
2026-09-19 09:59:52,177 [WARN] PackLoader:238 - Cannot read IP mode file for STMicroelectronics.X-CUBE-NFC6.3.2.0
2026-09-19 09:59:52,183 [WARN] PackLoader:238 - Cannot read IP mode file for STMicroelectronics.X-CUBE-AI.10.2.1
2026-09-19 09:59:52,212 [WARN] PackLoader:238 - Cannot read IP mode file for SEGGER.I-CUBE-embOS.1.3.1
2026-09-19 09:59:52,247 [ERROR] Engine:463 - C:\Users\Hius\.stm32cubemx\thirdparties\pdsc\STMicroelectronics.FP-SNS-STAIOTCFT.2.0.0.pdsc: PDSC version is not supported
2026-09-19 09:59:52,254 [WARN] PackLoader:238 - Cannot read IP mode file for STMicroelectronics.X-CUBE-NFC13.1.0.0
2026-09-19 09:59:52,259 [WARN] PackLoader:238 - Cannot read IP mode file for STMicroelectronics.X-CUBE-PM33A1.1.0.0
2026-09-19 09:59:52,299 [WARN] PackLoader:238 - Cannot read IP mode file for STMicroelectronics.X-CUBE-AZRTOS-F4.1.1.0
2026-09-19 09:59:52,301 [WARN] PackLoader:238 - Cannot read IP mode file for STMicroelectronics.X-CUBE-ISPU.2.1.0
2026-09-19 09:59:52,311 [ERROR] Engine:463 - C:\Users\Hius\.stm32cubemx\thirdparties\pdsc\STMicroelectronics.X-CUBE-IPS.3.2.0.pdsc: PDSC version is not supported
2026-09-19 09:59:52,314 [ERROR] Engine:463 - C:\Users\Hius\.stm32cubemx\thirdparties\pdsc\STMicroelectronics.eDS-WB_DPC_TT-BIDIR.2.1.1.pdsc: PDSC version is not supported
2026-09-19 09:59:52,318 [WARN] PackLoader:238 - Cannot read IP mode file for STMicroelectronics.X-CUBE-NFC12.1.0.0
2026-09-19 09:59:52,331 [WARN] PackLoader:238 - Cannot read IP mode file for STMicroelectronics.X-CUBE-AZRTOS-L5.2.0.0
2026-09-19 09:59:52,337 [WARN] PackLoader:238 - Cannot read IP mode file for STMicroelectronics.X-CUBE-ALGOBUILD.1.5.0
2026-09-19 09:59:52,339 [ERROR] Engine:463 - C:\Users\Hius\.stm32cubemx\thirdparties\pdsc\STMicroelectronics.eDS-WB_DPC_VIENNA.1.2.0.pdsc: PDSC version is not supported
2026-09-19 09:59:52,377 [WARN] PackLoader:238 - Cannot read IP mode file for STMicroelectronics.X-CUBE-MEMS1.13.0.0
2026-09-19 09:59:52,469 [ERROR] Engine:463 - C:\Users\Hius\.stm32cubemx\thirdparties\pdsc\STMicroelectronics.eDS-WB_DPC_3PH2L-BIDIR.1.1.1.pdsc: PDSC version is not supported
2026-09-19 09:59:52,469 [ERROR] Engine:463 - C:\Users\Hius\.stm32cubemx\thirdparties\pdsc\STMicroelectronics.X-CUBE-ST67W61.1.3.0.pdsc: PDSC version is not supported
2026-09-19 09:59:52,469 [WARN] PackLoader:238 - Cannot read IP mode file for STMicroelectronics.X-CUBE-TOUCHGFX.4.26.1
2026-09-19 09:59:52,469 [ERROR] Engine:463 - C:\Users\Hius\.stm32cubemx\thirdparties\pdsc\STMicroelectronics.X-CUBE-DPower.1.3.0.pdsc: PDSC version is not supported
2026-09-19 09:59:52,492 [WARN] ConditionMgr:437 - getConditionDescription Invalid condition id : LAN8742 Phy interface Condition cause : null
2026-09-19 09:59:52,492 [WARN] PackLoader:238 - Cannot read IP mode file for STMicroelectronics.X-CUBE-AZRTOS-L4.2.0.0
2026-09-19 09:59:52,492 [WARN] ConditionMgr:1038 - genDependencies : Invalid condition id : LAN8742 Phy interface Condition cause : null
2026-09-19 09:59:52,492 [WARN] ConditionMgr:1038 - genDependencies : Invalid condition id : LAN8742 Phy interface Condition cause : null
2026-09-19 09:59:52,492 [WARN] ConditionMgr:1038 - genDependencies : Invalid condition id : LAN8742 Phy interface Condition cause : null
2026-09-19 09:59:52,502 [WARN] PackLoader:238 - Cannot read IP mode file for STMicroelectronics.X-CUBE-SFXS2LP1.4.0.0
2026-09-19 09:59:52,507 [WARN] PackLoader:238 - Cannot read IP mode file for STMicroelectronics.X-CUBE-WB05N.2.1.0
2026-09-19 09:59:52,517 [WARN] ConditionMgr:437 - getConditionDescription Invalid condition id : UX DEVICE CLASS RTOS Condition cause : null
2026-09-19 09:59:52,517 [WARN] ConditionMgr:437 - getConditionDescription Invalid condition id : UX DEVICE CLASS RTOS Condition cause : null
2026-09-19 09:59:52,517 [WARN] PackLoader:238 - Cannot read IP mode file for STMicroelectronics.X-CUBE-AZRTOS-WB.2.0.0
2026-09-19 09:59:52,517 [WARN] ConditionMgr:1038 - genDependencies : Invalid condition id : UX DEVICE CLASS RTOS Condition cause : null
2026-09-19 09:59:52,517 [WARN] ConditionMgr:1038 - genDependencies : Invalid condition id : UX DEVICE CLASS RTOS Condition cause : null
2026-09-19 09:59:52,517 [WARN] ConditionMgr:1038 - genDependencies : Invalid condition id : UX DEVICE CLASS RTOS Condition cause : null
2026-09-19 09:59:52,517 [WARN] ConditionMgr:1038 - genDependencies : Invalid condition id : UX DEVICE CLASS RTOS Condition cause : null
2026-09-19 09:59:52,517 [WARN] ConditionMgr:1038 - genDependencies : Invalid condition id : UX DEVICE CLASS RTOS Condition cause : null
2026-09-19 09:59:52,517 [ERROR] Engine:463 - C:\Users\Hius\.stm32cubemx\thirdparties\pdsc\quantropi.X-CUBE-qispace-sdk-base.2.1.0.pdsc: PDSC version is not supported
2026-09-19 09:59:52,522 [WARN] PackLoader:238 - Cannot read IP mode file for STMicroelectronics.X-CUBE-STSE01.2.0.0
2026-09-19 09:59:52,527 [WARN] PackLoader:238 - Cannot read IP mode file for STMicroelectronics.X-CUBE-SUBG2.5.0.0
2026-09-19 09:59:52,537 [WARN] PackLoader:238 - Cannot read IP mode file for STMicroelectronics.X-CUBE-AZRTOS-G4.2.0.0
2026-09-19 09:59:52,577 [WARN] PackLoader:238 - Cannot read IP mode file for wolfSSL.I-CUBE-wolfSSH.1.4.20
2026-09-19 09:59:52,582 [WARN] PackLoader:238 - Cannot read IP mode file for STMicroelectronics.X-CUBE-NFC7.2.0.0
2026-09-19 09:59:52,586 [ERROR] Engine:463 - C:\Users\Hius\.stm32cubemx\thirdparties\pdsc\STMicroelectronics.X-CUBE-BLEMGR.4.2.0.pdsc: PDSC version is not supported
2026-09-19 09:59:52,587 [ERROR] Engine:463 - C:\Users\Hius\.stm32cubemx\thirdparties\pdsc\STMicroelectronics.X-CUBE-ALS.1.0.2.pdsc: PDSC version is not supported
2026-09-19 09:59:52,589 [ERROR] Engine:463 - C:\Users\Hius\.stm32cubemx\thirdparties\pdsc\STMicroelectronics.X-CUBE-TOF1.3.4.3.pdsc: PDSC version is not supported
2026-09-19 09:59:52,589 [INFO] ThirdParty:915 - Integrity check success = true
2026-09-19 09:59:52,589 [INFO] IntegrityCheckThread:94 - exiting critical section [integrity check]
2026-09-19 09:59:52,589 [INFO] IntegrityCheckThread:97 - End integrity checks thread
2026-09-19 09:59:52,589 [INFO] ThirdParty:815 - entering critical section [close project]
2026-09-19 09:59:52,589 [INFO] ThirdParty:825 - exiting critical section [close project]
2026-09-19 09:59:52,597 [INFO] PinOutPanel:1463 - setPackage(No Configuration,No Configuration)
2026-09-19 09:59:52,597 [INFO] UtilMem:74 - Begin LoadConfig() Used Memory: 184169392 Bytes (268435456)
2026-09-19 09:59:52,597 [INFO] MicroXplorer:448 - Change Database Path : 
2026-09-19 09:59:52,597 [INFO] MicroXplorer:478 - Change Database Version : DB.6.0.30
2026-09-19 09:59:52,597 [INFO] OpenFileManager:313 - Change cursor
2026-09-19 09:59:53,119 [INFO] Context:592 - Trying to add GPIOservice into a context  which must be forbidden
2026-09-19 09:59:53,246 [WARN] ApiManager:304 - Cannot register API 'Board Extension:PM33A1' from pack STMicroelectronics.X-CUBE-PM33A1.1.0.0: no header file found
2026-09-19 09:59:53,246 [WARN] ApiManager:304 - Cannot register API 'Board Extension:NFC09A1' from pack STMicroelectronics.X-CUBE-NFC9.1.0.0: no header file found
2026-09-19 09:59:53,246 [WARN] ApiManager:304 - Cannot register API 'Wireless:BlueNRG-MS' from pack STMicroelectronics.X-CUBE-BLE1.7.1.0: no header file found
2026-09-19 09:59:53,262 [WARN] ApiManager:304 - Cannot register API 'Board Extension:EEPRMA2' from pack STMicroelectronics.X-CUBE-EEPRMA1.5.2.0: no header file found
2026-09-19 09:59:53,262 [WARN] ApiManager:304 - Cannot register API 'Board Extension:PGEEZ1' from pack STMicroelectronics.X-CUBE-EEPRMA1.5.2.0: no header file found
2026-09-19 09:59:53,262 [WARN] ApiManager:304 - Cannot register API 'Board Extension:EEICA1' from pack STMicroelectronics.X-CUBE-EEPRMA1.5.2.0: no header file found
2026-09-19 09:59:53,262 [WARN] ApiManager:304 - Cannot register API 'Board Part:M24' from pack STMicroelectronics.X-CUBE-EEPRMA1.5.2.0: no header file found
2026-09-19 09:59:53,262 [WARN] ApiManager:304 - Cannot register API 'Board Part:M95' from pack STMicroelectronics.X-CUBE-EEPRMA1.5.2.0: no header file found
2026-09-19 09:59:53,262 [WARN] ApiManager:304 - Cannot register API 'Board Part:M95P32' from pack STMicroelectronics.X-CUBE-EEPRMA1.5.2.0: no header file found
2026-09-19 09:59:53,262 [WARN] ApiManager:304 - Cannot register API 'Board Part:M24256E-F' from pack STMicroelectronics.X-CUBE-EEPRMA1.5.2.0: no header file found
2026-09-19 09:59:53,262 [WARN] ApiManager:304 - Cannot register API 'Board Part:M24M01E-F' from pack STMicroelectronics.X-CUBE-EEPRMA1.5.2.0: no header file found
2026-09-19 09:59:53,262 [WARN] ApiManager:304 - Cannot register API 'PGEEZ1:SPI' from pack STMicroelectronics.X-CUBE-EEPRMA1.5.2.0: no header file found
2026-09-19 09:59:53,262 [WARN] ApiManager:304 - Cannot register API 'PGEEZ1:QDSPI' from pack STMicroelectronics.X-CUBE-EEPRMA1.5.2.0: no header file found
2026-09-19 09:59:53,264 [WARN] ApiManager:304 - Cannot register API 'Board Extension:NFC12A1' from pack STMicroelectronics.X-CUBE-NFC12.1.0.0: no header file found
2026-09-19 09:59:53,264 [WARN] ApiManager:304 - Cannot register API 'Board Extension:SAFEA1' from pack STMicroelectronics.X-CUBE-STSE01.2.0.0: no header file found
2026-09-19 09:59:53,264 [WARN] ApiManager:304 - Cannot register API 'Board Extension:ESE01A1' from pack STMicroelectronics.X-CUBE-STSE01.2.0.0: no header file found
2026-09-19 09:59:53,264 [WARN] ApiManager:304 - Cannot register API 'Board Extension:ESE02A1' from pack STMicroelectronics.X-CUBE-STSE01.2.0.0: no header file found
2026-09-19 09:59:53,264 [WARN] ApiManager:304 - Cannot register API 'Board Part:STSAFEA110' from pack STMicroelectronics.X-CUBE-STSE01.2.0.0: no header file found
2026-09-19 09:59:53,264 [WARN] ApiManager:304 - Cannot register API 'Board Part:STSAFEA120' from pack STMicroelectronics.X-CUBE-STSE01.2.0.0: no header file found
2026-09-19 09:59:53,264 [WARN] ApiManager:304 - Cannot register API 'Board Part:STSAFEL010' from pack STMicroelectronics.X-CUBE-STSE01.2.0.0: no header file found
2026-09-19 09:59:53,264 [WARN] ApiManager:304 - Cannot register API 'Security:STM32_Cryptographic' from pack STMicroelectronics.X-CUBE-STSE01.2.0.0: no header file found
2026-09-19 09:59:53,264 [WARN] ApiManager:304 - Cannot register API 'Security:STSELib' from pack STMicroelectronics.X-CUBE-STSE01.2.0.0: no header file found
2026-09-19 09:59:53,264 [INFO] RtosManager:484 - Registered RTOS mode: class=CMSIS, group=RTOS, mode=CMSIS_V1, owner=FREERTOS
2026-09-19 09:59:53,264 [INFO] RtosManager:484 - Registered RTOS mode: class=CMSIS, group=RTOS2, mode=CMSIS_V2, owner=FREERTOS
2026-09-19 09:59:53,264 [INFO] RtosManager:484 - Registered RTOS mode: class=RTOS, group=Core, mode=CMSIS_V1, owner=FREERTOS
2026-09-19 09:59:53,264 [INFO] RtosManager:484 - Registered RTOS mode: class=RTOS, group=Core, mode=CMSIS_V2, owner=FREERTOS
2026-09-19 09:59:53,264 [WARN] ModelIntegratedComponent:181 - Missing modes for component STMicroelectronics:FreeRTOS:0.0.1:STMicroelectronics:RTOS:FreeRTOS:Core:::10.2.0:
2026-09-19 09:59:53,264 [WARN] ApiManager:304 - Cannot register API 'Board Extension:NFC04A1' from pack STMicroelectronics.X-CUBE-NFC4.3.0.0: no header file found
2026-09-19 09:59:53,276 [WARN] ApiManager:304 - Cannot register API 'Board Extension:S2868A1' from pack STMicroelectronics.X-CUBE-SUBG2.5.0.0: no header file found
2026-09-19 09:59:53,276 [WARN] ApiManager:304 - Cannot register API 'Board Extension:S2868A2' from pack STMicroelectronics.X-CUBE-SUBG2.5.0.0: no header file found
2026-09-19 09:59:53,276 [WARN] ApiManager:304 - Cannot register API 'Board Extension:S2915A1' from pack STMicroelectronics.X-CUBE-SUBG2.5.0.0: no header file found
2026-09-19 09:59:53,358 [WARN] ApiManager:304 - Cannot register API 'Board Extension:IKS02A1' from pack STMicroelectronics.X-CUBE-MEMS1.13.0.0: no header file found
2026-09-19 09:59:53,358 [WARN] ApiManager:304 - Cannot register API 'Board Extension:IKS4A1' from pack STMicroelectronics.X-CUBE-MEMS1.13.0.0: no header file found
2026-09-19 09:59:53,358 [WARN] ApiManager:304 - Cannot register API 'Board Extension:IKS5A1' from pack STMicroelectronics.X-CUBE-MEMS1.13.0.0: no header file found
2026-09-19 09:59:53,361 [WARN] ApiManager:304 - Cannot register API 'Board Extension:NFC07A1' from pack STMicroelectronics.X-CUBE-NFC7.2.0.0: no header file found
2026-09-19 09:59:53,367 [WARN] ApiManager:304 - Cannot register API 'Board Extension:GNSS1A1' from pack STMicroelectronics.X-CUBE-GNSS1.7.1.1: no header file found
2026-09-19 09:59:53,367 [WARN] ApiManager:304 - Cannot register API 'Board Support:Custom' from pack STMicroelectronics.X-CUBE-GNSS1.7.1.1: no header file found
2026-09-19 09:59:53,367 [WARN] ApiManager:304 - Cannot register API 'Data Exchange:lib_gnss' from pack STMicroelectronics.X-CUBE-GNSS1.7.1.1: no header file found
2026-09-19 09:59:53,367 [WARN] ApiManager:304 - Cannot register API 'Board Extension:NFC10A1' from pack STMicroelectronics.X-CUBE-NFC10.1.0.0: no header file found
2026-09-19 09:59:53,369 [WARN] ModelIntegratedComponent:60 - No mode defined for component null
2026-09-19 09:59:53,369 [WARN] ModelIntegratedComponent:60 - No mode defined for component null
2026-09-19 09:59:53,369 [WARN] ModelIntegratedComponent:60 - No mode defined for component null
2026-09-19 09:59:53,369 [WARN] ModelIntegratedComponent:60 - No mode defined for component null
2026-09-19 09:59:53,369 [WARN] ModelIntegratedComponent:60 - No mode defined for component null
2026-09-19 09:59:53,369 [WARN] ModelIntegratedComponent:60 - No mode defined for component null
2026-09-19 09:59:53,369 [WARN] ModelIntegratedComponent:60 - No mode defined for component null
2026-09-19 09:59:53,369 [WARN] ModelIntegratedComponent:60 - No mode defined for component null
2026-09-19 09:59:53,369 [WARN] ModelIntegratedComponent:60 - No mode defined for component null
2026-09-19 09:59:53,369 [WARN] ModelIntegratedComponent:60 - No mode defined for component null
2026-09-19 09:59:53,369 [WARN] ModelIntegratedComponent:60 - No mode defined for component null
2026-09-19 09:59:53,369 [WARN] ModelIntegratedComponent:60 - No mode defined for component null
2026-09-19 09:59:53,369 [WARN] ModelIntegratedComponent:60 - No mode defined for component null
2026-09-19 09:59:53,369 [WARN] ModelIntegratedComponent:60 - No mode defined for component null
2026-09-19 09:59:53,369 [WARN] ModelIntegratedComponent:60 - No mode defined for component null
2026-09-19 09:59:53,369 [WARN] ModelIntegratedComponent:60 - No mode defined for component null
2026-09-19 09:59:53,369 [WARN] ModelIntegratedComponent:60 - No mode defined for component null
2026-09-19 09:59:53,369 [WARN] ModelIntegratedComponent:60 - No mode defined for component null
2026-09-19 09:59:53,369 [WARN] ModelIntegratedComponent:60 - No mode defined for component null
2026-09-19 09:59:53,369 [WARN] ModelIntegratedComponent:60 - No mode defined for component null
2026-09-19 09:59:53,369 [WARN] ModelIntegratedComponent:60 - No mode defined for component null
2026-09-19 09:59:53,369 [WARN] ModelIntegratedComponent:60 - No mode defined for component null
2026-09-19 09:59:53,369 [WARN] ModelIntegratedComponent:60 - No mode defined for component null
2026-09-19 09:59:53,369 [WARN] ModelIntegratedComponent:60 - No mode defined for component null
2026-09-19 09:59:53,369 [WARN] ModelIntegratedComponent:60 - No mode defined for component null
2026-09-19 09:59:53,369 [WARN] ModelIntegratedComponent:60 - No mode defined for component null
2026-09-19 09:59:53,369 [WARN] ModelIntegratedComponent:60 - No mode defined for component null
2026-09-19 09:59:53,369 [WARN] ModelIntegratedComponent:60 - No mode defined for component null
2026-09-19 09:59:53,369 [WARN] ModelIntegratedComponent:60 - No mode defined for component null
2026-09-19 09:59:53,369 [WARN] ModelIntegratedComponent:60 - No mode defined for component null
2026-09-19 09:59:53,369 [WARN] ModelIntegratedComponent:60 - No mode defined for component null
2026-09-19 09:59:53,371 [WARN] ApiManager:304 - Cannot register API 'Board Extension:NFC06A1' from pack STMicroelectronics.X-CUBE-NFC6.3.2.0: no header file found
2026-09-19 09:59:53,371 [WARN] ApiManager:304 - Cannot register API 'Board Extension:NFC08A1' from pack STMicroelectronics.X-CUBE-NFC6.3.2.0: no header file found
2026-09-19 09:59:53,373 [WARN] ApiManager:304 - Cannot register API 'Board Extension:S2868A1' from pack STMicroelectronics.X-CUBE-SFXS2LP1.4.0.0: no header file found
2026-09-19 09:59:53,373 [WARN] ApiManager:304 - Cannot register API 'Board Extension:S2868A2' from pack STMicroelectronics.X-CUBE-SFXS2LP1.4.0.0: no header file found
2026-09-19 09:59:53,373 [WARN] ApiManager:304 - Cannot register API 'Board Extension:S2915A1' from pack STMicroelectronics.X-CUBE-SFXS2LP1.4.0.0: no header file found
2026-09-19 09:59:53,373 [WARN] ApiManager:304 - Cannot register API 'Wireless:BlueNRG-2' from pack STMicroelectronics.X-CUBE-BLE2.3.3.0: no header file found
2026-09-19 09:59:53,373 [WARN] ApiManager:304 - Cannot register API 'Board Extension:NFC13A1' from pack STMicroelectronics.X-CUBE-NFC13.1.0.0: no header file found
2026-09-19 09:59:53,373 [WARN] ApiManager:304 - Cannot register API 'Wireless:STM32WB05N' from pack STMicroelectronics.X-CUBE-WB05N.2.1.0: no header file found
2026-09-19 09:59:54,436 [INFO] UtilMem:74 - End LoadConfig() Used Memory: 294253896 Bytes (335544320)
2026-09-19 09:59:54,452 [INFO] DbMcusXml:100 - Load MCU database from D:\STM32CubeIDE_1.7.0\STM32CubeIDE\plugins\com.st.stm32cube.common.mx_6.3.0.202107141111\\db\/mcu/families.xml
2026-09-19 09:59:54,992 [INFO] DbMcusJson:93 - JSON generation date=Mon Jun 07 15:53:21 ICT 2021 (1623056001)
2026-09-19 09:59:55,389 [INFO] DbMcus:175 - Found 1951 MCUs (1903 are supported by CubeMX, 1903 are visible in CubeMX)
2026-09-19 09:59:55,389 [INFO] ApiDb:251 - Load user favorites file C:\Users\Hius/.stm32cubeide/favorites.mcus.txt: 0 item(s)
2026-09-19 09:59:55,389 [INFO] ApiDb:255 - User favorites MCUs=[]
2026-09-19 09:59:55,389 [INFO] DbMcus:187 - Set 0 / 0 favorites MCUs
2026-09-19 09:59:55,389 [WARN] ThirdParty:779 - waiting for thirdparty lock release [change project]
2026-09-19 09:59:55,389 [INFO] ThirdParty:781 - entering critical section [change project]
2026-09-19 09:59:55,389 [INFO] ThirdParty:967 - CMSIS Pack Vendor :STMicroelectronics X-CUBE-AZRTOS-H7 3.5.0
2026-09-19 09:59:55,389 [INFO] ThirdParty:967 - CMSIS Pack Vendor :STMicroelectronics X-CUBE-PM33A1 1.0.0
2026-09-19 09:59:55,389 [INFO] ThirdParty:967 - CMSIS Pack Vendor :STMicroelectronics X-CUBE-NFC9 1.0.0
2026-09-19 09:59:55,389 [INFO] ThirdParty:967 - CMSIS Pack Vendor :STMicroelectronics USB_HOST 2.0.0
2026-09-19 09:59:55,389 [INFO] ThirdParty:967 - CMSIS Pack Vendor :STMicroelectronics FP-ATR-ASTRA1 2.0.3
2026-09-19 09:59:55,389 [INFO] ThirdParty:967 - CMSIS Pack Vendor :STMicroelectronics X-CUBE-AZRTOS-F4 1.1.0
2026-09-19 09:59:55,389 [INFO] ThirdParty:967 - CMSIS Pack Vendor :STMicroelectronics X-CUBE-BLE1 7.1.0
2026-09-19 09:59:55,389 [INFO] ThirdParty:967 - CMSIS Pack Vendor :wolfSSL I-CUBE-wolfMQTT 1.19.2
2026-09-19 09:59:55,389 [INFO] ThirdParty:967 - CMSIS Pack Vendor :STMicroelectronics USB_DEVICE 3.0.0
2026-09-19 09:59:55,389 [INFO] ThirdParty:967 - CMSIS Pack Vendor :STMicroelectronics X-CUBE-ISPU 2.1.0
2026-09-19 09:59:55,389 [INFO] ThirdParty:967 - CMSIS Pack Vendor :STMicroelectronics X-CUBE-EEPRMA1 5.2.0
2026-09-19 09:59:55,389 [INFO] ThirdParty:967 - CMSIS Pack Vendor :STMicroelectronics X-CUBE-AZRTOS-WB 2.0.0
2026-09-19 09:59:55,389 [INFO] ThirdParty:967 - CMSIS Pack Vendor :STMicroelectronics X-CUBE-NFC12 1.0.0
2026-09-19 09:59:55,389 [INFO] ThirdParty:967 - CMSIS Pack Vendor :STMicroelectronics X-CUBE-AZRTOS-F7 1.1.0
2026-09-19 09:59:55,389 [INFO] ThirdParty:967 - CMSIS Pack Vendor :STMicroelectronics X-CUBE-AZRTOS-L5 2.0.0
2026-09-19 09:59:55,389 [INFO] ThirdParty:967 - CMSIS Pack Vendor :STMicroelectronics USB_DEVICE 2.0.0
2026-09-19 09:59:55,389 [INFO] ThirdParty:967 - CMSIS Pack Vendor :STMicroelectronics X-CUBE-STSE01 2.0.0
2026-09-19 09:59:55,389 [INFO] ThirdParty:967 - CMSIS Pack Vendor :STMicroelectronics X-CUBE-ALGOBUILD 1.5.0
2026-09-19 09:59:55,389 [INFO] ThirdParty:967 - CMSIS Pack Vendor :STMicroelectronics FreeRTOS 0.0.1
2026-09-19 09:59:55,389 [INFO] ThirdParty:967 - CMSIS Pack Vendor :STMicroelectronics X-CUBE-AZRTOS-H7RS 1.3.0
2026-09-19 09:59:55,389 [INFO] ThirdParty:967 - CMSIS Pack Vendor :STMicroelectronics X-CUBE-AZRTOS-G0 1.1.0
2026-09-19 09:59:55,389 [INFO] ThirdParty:967 - CMSIS Pack Vendor :STMicroelectronics X-CUBE-NFC4 3.0.0
2026-09-19 09:59:55,389 [INFO] ThirdParty:967 - CMSIS Pack Vendor :STMicroelectronics X-CUBE-SUBG2 5.0.0
2026-09-19 09:59:55,389 [INFO] ThirdParty:967 - CMSIS Pack Vendor :STMicroelectronics lwIP 2.0.3
2026-09-19 09:59:55,389 [INFO] ThirdParty:967 - CMSIS Pack Vendor :STMicroelectronics X-CUBE-MEMS1 13.0.0
2026-09-19 09:59:55,389 [INFO] ThirdParty:967 - CMSIS Pack Vendor :STMicroelectronics USB_HOST 1.0.0
2026-09-19 09:59:55,389 [INFO] ThirdParty:967 - CMSIS Pack Vendor :STMicroelectronics X-CUBE-AZRTOS-G4 2.0.0
2026-09-19 09:59:55,389 [INFO] ThirdParty:967 - CMSIS Pack Vendor :STMicroelectronics PDM2PCM 3.1.0
2026-09-19 09:59:55,389 [INFO] ThirdParty:967 - CMSIS Pack Vendor :STMicroelectronics PDM2PCM 3.3.0
2026-09-19 09:59:55,389 [INFO] ThirdParty:967 - CMSIS Pack Vendor :wolfSSL I-CUBE-wolfTPM 3.8.0
2026-09-19 09:59:55,389 [INFO] ThirdParty:967 - CMSIS Pack Vendor :wolfSSL I-CUBE-wolfSSH 1.4.20
2026-09-19 09:59:55,389 [INFO] ThirdParty:967 - CMSIS Pack Vendor :STMicroelectronics X-CUBE-NFC7 2.0.0
2026-09-19 09:59:55,389 [INFO] ThirdParty:967 - CMSIS Pack Vendor :STMicroelectronics X-CUBE-GNSS1 7.1.1
2026-09-19 09:59:55,389 [INFO] ThirdParty:967 - CMSIS Pack Vendor :STMicroelectronics FP-ATR-SIGFOX1 3.2.0
2026-09-19 09:59:55,389 [INFO] ThirdParty:967 - CMSIS Pack Vendor :STMicroelectronics X-CUBE-NFC10 1.0.0
2026-09-19 09:59:55,389 [INFO] ThirdParty:967 - CMSIS Pack Vendor :STMicroelectronics HAL Drivers 0.0.0
2026-09-19 09:59:55,389 [INFO] ThirdParty:967 - CMSIS Pack Vendor :STMicroelectronics MBEDTLS 2.16.2
2026-09-19 09:59:55,389 [INFO] ThirdParty:967 - CMSIS Pack Vendor :wolfSSL I-CUBE-wolfSSL 5.9.2
2026-09-19 09:59:55,389 [INFO] ThirdParty:967 - CMSIS Pack Vendor :STMicroelectronics MBEDTLS 2.14.1
2026-09-19 09:59:55,389 [INFO] ThirdParty:967 - CMSIS Pack Vendor :STMicroelectronics X-CUBE-TOUCHGFX 4.26.1
2026-09-19 09:59:55,389 [INFO] ThirdParty:967 - CMSIS Pack Vendor :STMicroelectronics X-CUBE-NFC6 3.2.0
2026-09-19 09:59:55,389 [INFO] ThirdParty:967 - CMSIS Pack Vendor :STMicroelectronics X-CUBE-AI 10.2.1
2026-09-19 09:59:55,389 [INFO] ThirdParty:967 - CMSIS Pack Vendor :STMicroelectronics X-CUBE-AZRTOS-WL 2.0.0
2026-09-19 09:59:55,389 [INFO] ThirdParty:967 - CMSIS Pack Vendor :SEGGER I-CUBE-embOS 1.3.1
2026-09-19 09:59:55,389 [INFO] ThirdParty:967 - CMSIS Pack Vendor :STMicroelectronics USB_DEVICE 1.0.0
2026-09-19 09:59:55,389 [INFO] ThirdParty:967 - CMSIS Pack Vendor :STMicroelectronics X-CUBE-AZRTOS-L4 2.0.0
2026-09-19 09:59:55,389 [INFO] ThirdParty:967 - CMSIS Pack Vendor :STMicroelectronics ThreadX 0.0.2
2026-09-19 09:59:55,389 [INFO] ThirdParty:967 - CMSIS Pack Vendor :STMicroelectronics lwIP 2.1.2
2026-09-19 09:59:55,389 [INFO] ThirdParty:967 - CMSIS Pack Vendor :STMicroelectronics X-CUBE-SFXS2LP1 4.0.0
2026-09-19 09:59:55,389 [INFO] ThirdParty:967 - CMSIS Pack Vendor :STMicroelectronics X-CUBE-BLE2 3.3.0
2026-09-19 09:59:55,389 [INFO] ThirdParty:967 - CMSIS Pack Vendor :STMicroelectronics X-CUBE-NFC13 1.0.0
2026-09-19 09:59:55,389 [INFO] ThirdParty:967 - CMSIS Pack Vendor :STMicroelectronics PDM2PCM 3.2.0
2026-09-19 09:59:55,389 [INFO] ThirdParty:967 - CMSIS Pack Vendor :STMicroelectronics X-CUBE-WB05N 2.1.0
2026-09-19 09:59:55,389 [INFO] ThirdParty:787 - exiting critical section [change project]
2026-09-19 09:59:55,632 [INFO] PinOutPanel:1463 - setPackage(No Configuration,No Configuration)
2026-09-19 09:59:55,632 [INFO] PinOutPanel:1463 - setPackage(STM32F103C6Ux,UFQFPN48)
2026-09-19 09:59:55,901 [INFO] UtilMem:74 - Before build in PCC Used Memory: 405178368 Bytes (587202560)
2026-09-19 09:59:56,482 [INFO] UtilMem:74 - After build in PCC Used Memory: 429610736 Bytes (587202560)
2026-09-19 09:59:56,492 [INFO] IPUIPlugin:74 - create IPUIPlugin
2026-09-19 09:59:56,492 [INFO] IPUIPlugin:74 - create IPUIPlugin
2026-09-19 09:59:56,501 [INFO] IPUIPlugin:74 - create IPUIPlugin
2026-09-19 09:59:56,501 [INFO] IPUIPlugin:74 - create IPUIPlugin
2026-09-19 09:59:56,501 [INFO] IPUIPlugin:74 - create IPUIPlugin
2026-09-19 09:59:56,501 [INFO] IPUIPlugin:74 - create IPUIPlugin
2026-09-19 09:59:56,501 [INFO] IPUIPlugin:74 - create IPUIPlugin
2026-09-19 09:59:56,501 [INFO] IPUIPlugin:74 - create IPUIPlugin
2026-09-19 09:59:56,501 [INFO] IPUIPlugin:74 - create IPUIPlugin
2026-09-19 09:59:56,502 [INFO] IPUIPlugin:74 - create IPUIPlugin
2026-09-19 09:59:56,502 [INFO] IPUIPlugin:74 - create IPUIPlugin
2026-09-19 09:59:56,502 [INFO] IPUIPlugin:74 - create IPUIPlugin
2026-09-19 09:59:56,502 [INFO] IPUIPlugin:74 - create IPUIPlugin
2026-09-19 09:59:56,502 [INFO] IPUIPlugin:74 - create IPUIPlugin
2026-09-19 09:59:56,502 [INFO] IPUIPlugin:74 - create IPUIPlugin
2026-09-19 09:59:56,502 [INFO] IPUIPlugin:74 - create IPUIPlugin
2026-09-19 09:59:56,502 [INFO] IPUIPlugin:74 - create IPUIPlugin
2026-09-19 09:59:56,502 [INFO] IPUIPlugin:74 - create IPUIPlugin
2026-09-19 09:59:56,502 [INFO] IPUIPlugin:74 - create IPUIPlugin
2026-09-19 09:59:56,502 [INFO] IPUIPlugin:74 - create IPUIPlugin
2026-09-19 09:59:56,502 [INFO] IPUIPlugin:74 - create IPUIPlugin
2026-09-19 09:59:56,502 [INFO] IPUIPlugin:74 - create IPUIPlugin
2026-09-19 09:59:56,502 [INFO] IPUIPlugin:74 - create IPUIPlugin
2026-09-19 09:59:56,629 [INFO] OpenFileManager:333 - Restore cursor
2026-09-19 10:02:14,593 [INFO] RetryExec:97 - I/O exception (java.net.SocketException) caught when processing request to {s}->https://download.eclipse.org:443: Socket operation on nonsocket: configureBlocking
2026-09-19 10:02:14,595 [INFO] RetryExec:113 - Retrying request to {s}->https://download.eclipse.org:443
2026-09-19 10:02:25,128 [INFO] Activator:177 - 


2026-09-19 10:02:25,128 [INFO] Activator:178 - !SESSION log4j initialized
2026-09-19 10:02:46,733 [INFO] McuFinderGlobals:39 - Set McuFinder mode to 2 (CubeIDE integrated)
2026-09-19 10:02:46,923 [INFO] ApplicationProperties:181 - Using Application install path: D:\STM32CubeIDE_1.7.0\STM32CubeIDE\plugins\com.st.stm32cube.common.mx_6.3.0.202107141111
2026-09-19 10:02:46,923 [INFO] DbMcusXml:74 - Set database path to: D:\STM32CubeIDE_1.7.0\STM32CubeIDE\plugins\com.st.stm32cube.common.mx_6.3.0.202107141111\\db\/mcu/
2026-09-19 10:02:46,938 [INFO] DbBoardsPdsc:56 - Set plugin database path to: D:\STM32CubeIDE_1.7.0\STM32CubeIDE\plugins\com.st.stm32cube.common.mx_6.3.0.202107141111\\db\/plugins/boardmanager/
2026-09-19 10:02:46,939 [INFO] DbMcus:258 - Set plugin images path to: D:\STM32CubeIDE_1.7.0\STM32CubeIDE\plugins\com.st.stm32cube.common.mx_6.3.0.202107141111\\db\/plugins/mcufinder/images/
2026-09-19 10:02:46,939 [INFO] DbBoards:264 - Set plugin images path to: D:\STM32CubeIDE_1.7.0\STM32CubeIDE\plugins\com.st.stm32cube.common.mx_6.3.0.202107141111\\db\/plugins/mcufinder/images/
2026-09-19 10:02:46,941 [INFO] DbExamples:333 - Set plugin images path to: D:\STM32CubeIDE_1.7.0\STM32CubeIDE\plugins\com.st.stm32cube.common.mx_6.3.0.202107141111\\db\/plugins/mcufinder/images/
2026-09-19 10:02:46,943 [INFO] DbMcusAds:119 - Set database path to: C:\Users\Hius\.stmcufinder\plugins\mcufinder//mcu/
2026-09-19 10:02:46,943 [INFO] DbMcusDocs:110 - Set database path to: C:\Users\Hius\.stmcufinder\plugins\mcufinder//mcu/
2026-09-19 10:02:46,945 [INFO] DbMcusJson:64 - Set database path to: C:\Users\Hius\.stmcufinder\plugins\mcufinder//mcu/
2026-09-19 10:02:46,945 [INFO] DbBoardsDocs:110 - Set database path to: C:\Users\Hius\.stmcufinder\plugins\mcufinder//mcu/
2026-09-19 10:02:46,945 [INFO] DbBoardsJson:57 - Set database path to: C:\Users\Hius\.stmcufinder\plugins\mcufinder//mcu/
2026-09-19 10:02:47,117 [INFO] CrossReferenceDbSqlite:196 - Set database path to: C:\Users\Hius\.stmcufinder\plugins\mcufinder//mcu/cs/
2026-09-19 10:02:47,129 [INFO] DbExamplesSqlite:767 - Set database path to: C:\Users\Hius\.stmcufinder\plugins\mcufinder//mcu/
2026-09-19 10:02:47,196 [INFO] RulesReader:57 - Compatibility file has been processed (242 Rules)
2026-09-19 10:02:47,288 [INFO] DbMcusXml:74 - Set database path to: D:\STM32CubeIDE_1.7.0\STM32CubeIDE\plugins\com.st.stm32cube.common.mx_6.3.0.202107141111\\db\/mcu/
2026-09-19 10:02:47,288 [INFO] DbBoardsPdsc:56 - Set plugin database path to: D:\STM32CubeIDE_1.7.0\STM32CubeIDE\plugins\com.st.stm32cube.common.mx_6.3.0.202107141111\\db\/plugins/boardmanager/
2026-09-19 10:02:47,288 [INFO] DbMcus:258 - Set plugin images path to: D:\STM32CubeIDE_1.7.0\STM32CubeIDE\plugins\com.st.stm32cube.common.mx_6.3.0.202107141111\\db\/plugins/mcufinder/images/
2026-09-19 10:02:47,288 [INFO] DbBoards:264 - Set plugin images path to: D:\STM32CubeIDE_1.7.0\STM32CubeIDE\plugins\com.st.stm32cube.common.mx_6.3.0.202107141111\\db\/plugins/mcufinder/images/
2026-09-19 10:02:47,288 [INFO] DbExamples:333 - Set plugin images path to: D:\STM32CubeIDE_1.7.0\STM32CubeIDE\plugins\com.st.stm32cube.common.mx_6.3.0.202107141111\\db\/plugins/mcufinder/images/
2026-09-19 10:02:47,288 [WARN] DbFile:35 - Overriding database path with different value: C:\Users\Hius\.stmcufinder\plugins\mcufinder/ => C:\Users\Hius\.stmcufinder\plugins\mcufinder
2026-09-19 10:02:47,288 [INFO] DbMcusAds:119 - Set database path to: C:\Users\Hius\.stmcufinder\plugins\mcufinder//mcu/
2026-09-19 10:02:47,288 [WARN] DbFile:35 - Overriding database path with different value: C:\Users\Hius\.stmcufinder\plugins\mcufinder/ => C:\Users\Hius\.stmcufinder\plugins\mcufinder
2026-09-19 10:02:47,288 [INFO] DbMcusDocs:110 - Set database path to: C:\Users\Hius\.stmcufinder\plugins\mcufinder//mcu/
2026-09-19 10:02:47,288 [WARN] DbFile:35 - Overriding database path with different value: C:\Users\Hius\.stmcufinder\plugins\mcufinder/ => C:\Users\Hius\.stmcufinder\plugins\mcufinder
2026-09-19 10:02:47,288 [INFO] DbMcusJson:64 - Set database path to: C:\Users\Hius\.stmcufinder\plugins\mcufinder//mcu/
2026-09-19 10:02:47,288 [WARN] DbFile:35 - Overriding database path with different value: C:\Users\Hius\.stmcufinder\plugins\mcufinder/ => C:\Users\Hius\.stmcufinder\plugins\mcufinder
2026-09-19 10:02:47,288 [INFO] DbBoardsDocs:110 - Set database path to: C:\Users\Hius\.stmcufinder\plugins\mcufinder//mcu/
2026-09-19 10:02:47,288 [WARN] DbFile:35 - Overriding database path with different value: C:\Users\Hius\.stmcufinder\plugins\mcufinder/ => C:\Users\Hius\.stmcufinder\plugins\mcufinder
2026-09-19 10:02:47,288 [INFO] DbBoardsJson:57 - Set database path to: C:\Users\Hius\.stmcufinder\plugins\mcufinder//mcu/
2026-09-19 10:02:47,288 [WARN] DbFile:35 - Overriding database path with different value: C:\Users\Hius\.stmcufinder\plugins\mcufinder/ => C:\Users\Hius\.stmcufinder\plugins\mcufinder
2026-09-19 10:02:47,288 [WARN] DbFile:35 - Overriding database path with different value: C:\Users\Hius\.stmcufinder\plugins\mcufinder/ => C:\Users\Hius\.stmcufinder\plugins\mcufinder
2026-09-19 10:02:47,288 [INFO] CrossReferenceDbSqlite:196 - Set database path to: C:\Users\Hius\.stmcufinder\plugins\mcufinder//mcu/cs/
2026-09-19 10:02:47,288 [WARN] DbFile:35 - Overriding database path with different value: C:\Users\Hius\.stmcufinder\plugins\mcufinder/ => C:\Users\Hius\.stmcufinder\plugins\mcufinder
2026-09-19 10:02:47,288 [INFO] DbExamplesSqlite:767 - Set database path to: C:\Users\Hius\.stmcufinder\plugins\mcufinder//mcu/
2026-09-19 10:02:47,343 [INFO] MainPanel:214 - HeapMemory: 268435456
2026-09-19 10:02:47,392 [INFO] DbMcusXml:74 - Set database path to: D:\STM32CubeIDE_1.7.0\STM32CubeIDE\plugins\com.st.stm32cube.common.mx_6.3.0.202107141111\\db\/mcu/
2026-09-19 10:02:47,392 [INFO] DbBoardsPdsc:56 - Set plugin database path to: D:\STM32CubeIDE_1.7.0\STM32CubeIDE\plugins\com.st.stm32cube.common.mx_6.3.0.202107141111\\db\/plugins/boardmanager/
2026-09-19 10:02:47,392 [INFO] DbMcus:258 - Set plugin images path to: D:\STM32CubeIDE_1.7.0\STM32CubeIDE\plugins\com.st.stm32cube.common.mx_6.3.0.202107141111\\db\/plugins/mcufinder/images/
2026-09-19 10:02:47,392 [INFO] DbBoards:264 - Set plugin images path to: D:\STM32CubeIDE_1.7.0\STM32CubeIDE\plugins\com.st.stm32cube.common.mx_6.3.0.202107141111\\db\/plugins/mcufinder/images/
2026-09-19 10:02:47,396 [INFO] DbExamples:333 - Set plugin images path to: D:\STM32CubeIDE_1.7.0\STM32CubeIDE\plugins\com.st.stm32cube.common.mx_6.3.0.202107141111\\db\/plugins/mcufinder/images/
2026-09-19 10:02:47,396 [WARN] DbFile:35 - Overriding database path with different value: C:\Users\Hius\.stmcufinder\plugins\mcufinder/ => C:\Users\Hius\.stmcufinder\plugins\mcufinder
2026-09-19 10:02:47,396 [INFO] DbMcusAds:119 - Set database path to: C:\Users\Hius\.stmcufinder\plugins\mcufinder//mcu/
2026-09-19 10:02:47,396 [WARN] DbFile:35 - Overriding database path with different value: C:\Users\Hius\.stmcufinder\plugins\mcufinder/ => C:\Users\Hius\.stmcufinder\plugins\mcufinder
2026-09-19 10:02:47,396 [INFO] DbMcusDocs:110 - Set database path to: C:\Users\Hius\.stmcufinder\plugins\mcufinder//mcu/
2026-09-19 10:02:47,396 [WARN] DbFile:35 - Overriding database path with different value: C:\Users\Hius\.stmcufinder\plugins\mcufinder/ => C:\Users\Hius\.stmcufinder\plugins\mcufinder
2026-09-19 10:02:47,396 [INFO] DbMcusJson:64 - Set database path to: C:\Users\Hius\.stmcufinder\plugins\mcufinder//mcu/
2026-09-19 10:02:47,396 [WARN] DbFile:35 - Overriding database path with different value: C:\Users\Hius\.stmcufinder\plugins\mcufinder/ => C:\Users\Hius\.stmcufinder\plugins\mcufinder
2026-09-19 10:02:47,396 [INFO] DbBoardsDocs:110 - Set database path to: C:\Users\Hius\.stmcufinder\plugins\mcufinder//mcu/
2026-09-19 10:02:47,396 [WARN] DbFile:35 - Overriding database path with different value: C:\Users\Hius\.stmcufinder\plugins\mcufinder/ => C:\Users\Hius\.stmcufinder\plugins\mcufinder
2026-09-19 10:02:47,396 [INFO] DbBoardsJson:57 - Set database path to: C:\Users\Hius\.stmcufinder\plugins\mcufinder//mcu/
2026-09-19 10:02:47,396 [WARN] DbFile:35 - Overriding database path with different value: C:\Users\Hius\.stmcufinder\plugins\mcufinder/ => C:\Users\Hius\.stmcufinder\plugins\mcufinder
2026-09-19 10:02:47,396 [WARN] DbFile:35 - Overriding database path with different value: C:\Users\Hius\.stmcufinder\plugins\mcufinder/ => C:\Users\Hius\.stmcufinder\plugins\mcufinder
2026-09-19 10:02:47,396 [INFO] CrossReferenceDbSqlite:196 - Set database path to: C:\Users\Hius\.stmcufinder\plugins\mcufinder//mcu/cs/
2026-09-19 10:02:47,396 [WARN] DbFile:35 - Overriding database path with different value: C:\Users\Hius\.stmcufinder\plugins\mcufinder/ => C:\Users\Hius\.stmcufinder\plugins\mcufinder
2026-09-19 10:02:47,396 [INFO] DbExamplesSqlite:767 - Set database path to: C:\Users\Hius\.stmcufinder\plugins\mcufinder//mcu/
2026-09-19 10:02:47,434 [INFO] ApplicationProperties:181 - Using Application install path: D:\STM32CubeIDE_1.7.0\STM32CubeIDE\plugins\com.st.stm32cube.common.mx_6.3.0.202107141111
2026-09-19 10:02:47,438 [INFO] PluginManage:188 - Search for loadable plugins [exclusion list=, ]
2026-09-19 10:02:47,438 [INFO] PluginManage:302 - Check plugin analytics
2026-09-19 10:02:47,530 [INFO] AnalyticsPlugin:257 - Accepted Software Licenses: 
2026-09-19 10:02:47,530 [INFO] AnalyticsPlugin:259 - Accepted CMSIS Pack Licenses: 
2026-09-19 10:02:47,530 [INFO] AnalyticsPlugin:261 - Accepted Firmware Licenses: 
2026-09-19 10:02:47,530 [INFO] PluginManage:352 - Loaded plugin analytics (category:tool,tabindex:-1)
2026-09-19 10:02:47,530 [INFO] PluginManage:302 - Check plugin clock
2026-09-19 10:02:47,538 [INFO] PluginManage:352 - Loaded plugin clock (category:base,tabindex:2)
2026-09-19 10:02:47,538 [INFO] PluginManage:302 - Check plugin ddr
2026-09-19 10:02:47,546 [INFO] PluginManage:352 - Loaded plugin ddr (category:tool,tabindex:6)
2026-09-19 10:02:47,546 [INFO] PluginManage:302 - Check plugin filemanager
2026-09-19 10:02:47,647 [INFO] PluginManage:352 - Loaded plugin filemanager (category:base,tabindex:10)
2026-09-19 10:02:47,647 [INFO] PluginManage:302 - Check plugin ipmanager
2026-09-19 10:02:47,654 [INFO] PluginManage:352 - Loaded plugin ipmanager (category:base,tabindex:5)
2026-09-19 10:02:47,654 [INFO] PluginManage:302 - Check plugin pinoutandconfiguration
2026-09-19 10:02:47,662 [INFO] PluginManage:352 - Loaded plugin pinoutandconfiguration (category:base,tabindex:1)
2026-09-19 10:02:47,662 [INFO] PluginManage:302 - Check plugin pinoutconfig
2026-09-19 10:02:47,689 [INFO] PluginManage:352 - Loaded plugin pinoutconfig (category:base,tabindex:0)
2026-09-19 10:02:47,689 [INFO] PluginManage:302 - Check plugin power
2026-09-19 10:02:47,712 [INFO] PluginManage:352 - Loaded plugin power (category:power,tabindex:4)
2026-09-19 10:02:47,712 [INFO] PluginManage:302 - Check plugin projectmanager
2026-09-19 10:02:47,720 [INFO] PluginManage:352 - Loaded plugin projectmanager (category:projectmanager,tabindex:3)
2026-09-19 10:02:47,720 [INFO] PluginManage:302 - Check plugin thirdparty
2026-09-19 10:02:47,799 [INFO] PluginManage:352 - Loaded plugin thirdparty (category:base,tabindex:-1)
2026-09-19 10:02:47,799 [INFO] PluginManage:302 - Check plugin tools
2026-09-19 10:02:47,799 [WARN] IntegrityCheckThread:78 - waiting for thirdparty lock release [integrity check]
2026-09-19 10:02:47,799 [INFO] IntegrityCheckThread:80 - entering critical section [integrity check]
2026-09-19 10:02:47,799 [INFO] ThirdPartyUpdaterWithRetryManager:66 - Updater plugin not ready yet. [1/15]
2026-09-19 10:02:47,799 [INFO] PluginManage:352 - Loaded plugin tools (category:base,tabindex:7)
2026-09-19 10:02:47,799 [INFO] PluginManage:302 - Check plugin tutovideos
2026-09-19 10:02:47,942 [INFO] PluginManage:352 - Loaded plugin tutovideos (category:base,tabindex:-1)
2026-09-19 10:02:47,942 [INFO] PluginManage:302 - Check plugin updater
2026-09-19 10:02:47,964 [INFO] PluginManage:352 - Loaded plugin updater (category:base,tabindex:12)
2026-09-19 10:02:47,964 [INFO] PluginManage:275 - PluginManage : Loaded plugins [13]
2026-09-19 10:02:48,133 [INFO] PinOutPanel:1463 - setPackage(No Configuration,No Configuration)
2026-09-19 10:02:48,201 [INFO] IPUIPlugin:74 - create IPUIPlugin
2026-09-19 10:02:48,201 [INFO] PluginManager:213 - loadIPPluginJar : add adc
2026-09-19 10:02:48,203 [INFO] IPUIPlugin:74 - create IPUIPlugin
2026-09-19 10:02:48,203 [INFO] PluginManager:213 - loadIPPluginJar : add aes
2026-09-19 10:02:48,203 [INFO] IPUIPlugin:74 - create IPUIPlugin
2026-09-19 10:02:48,203 [INFO] PluginManager:213 - loadIPPluginJar : add can
2026-09-19 10:02:48,203 [INFO] IPUIPlugin:74 - create IPUIPlugin
2026-09-19 10:02:48,203 [INFO] PluginManager:213 - loadIPPluginJar : add comp
2026-09-19 10:02:48,203 [INFO] IPUIPlugin:74 - create IPUIPlugin
2026-09-19 10:02:48,203 [INFO] PluginManager:213 - loadIPPluginJar : add cryp
2026-09-19 10:02:48,203 [INFO] IPUIPlugin:74 - create IPUIPlugin
2026-09-19 10:02:48,203 [INFO] PluginManager:213 - loadIPPluginJar : add dfsdm
2026-09-19 10:02:48,212 [INFO] IPUIPlugin:74 - create IPUIPlugin
2026-09-19 10:02:48,212 [INFO] PluginManager:213 - loadIPPluginJar : add dma
2026-09-19 10:02:48,212 [INFO] IPUIPlugin:74 - create IPUIPlugin
2026-09-19 10:02:48,212 [INFO] PluginManager:213 - loadIPPluginJar : add dma3
2026-09-19 10:02:48,212 [INFO] IPUIPlugin:74 - create IPUIPlugin
2026-09-19 10:02:48,212 [INFO] PluginManager:213 - loadIPPluginJar : add fatfs
2026-09-19 10:02:48,212 [INFO] IPUIPlugin:74 - create IPUIPlugin
2026-09-19 10:02:48,212 [INFO] PluginManager:213 - loadIPPluginJar : add fmc
2026-09-19 10:02:48,219 [INFO] IPUIPlugin:74 - create IPUIPlugin
2026-09-19 10:02:48,219 [INFO] PluginManager:213 - loadIPPluginJar : add freertos
2026-09-19 10:02:48,219 [INFO] IPUIPlugin:74 - create IPUIPlugin
2026-09-19 10:02:48,219 [INFO] PluginManager:213 - loadIPPluginJar : add genericplugin
2026-09-19 10:02:48,219 [INFO] IPUIPlugin:74 - create IPUIPlugin
2026-09-19 10:02:48,219 [INFO] PluginManager:213 - loadIPPluginJar : add gfxmmu
2026-09-19 10:02:48,219 [INFO] IPUIPlugin:74 - create IPUIPlugin
2026-09-19 10:02:48,219 [INFO] PluginManager:213 - loadIPPluginJar : add gic
2026-09-19 10:02:48,228 [INFO] IPUIPlugin:74 - create IPUIPlugin
2026-09-19 10:02:48,228 [INFO] PluginManager:213 - loadIPPluginJar : add gpio
2026-09-19 10:02:48,228 [INFO] IPUIPlugin:74 - create IPUIPlugin
2026-09-19 10:02:48,228 [INFO] PluginManager:213 - loadIPPluginJar : add gtzc
2026-09-19 10:02:48,228 [INFO] IPUIPlugin:74 - create IPUIPlugin
2026-09-19 10:02:48,228 [INFO] PluginManager:213 - loadIPPluginJar : add hash
2026-09-19 10:02:48,228 [INFO] IPUIPlugin:74 - create IPUIPlugin
2026-09-19 10:02:48,228 [INFO] PluginManager:213 - loadIPPluginJar : add i2c
2026-09-19 10:02:48,228 [INFO] IPUIPlugin:74 - create IPUIPlugin
2026-09-19 10:02:48,228 [INFO] PluginManager:213 - loadIPPluginJar : add i2s
2026-09-19 10:02:48,238 [INFO] IPUIPlugin:74 - create IPUIPlugin
2026-09-19 10:02:48,238 [INFO] PluginManager:213 - loadIPPluginJar : add ipddr
2026-09-19 10:02:48,242 [INFO] IPUIPlugin:74 - create IPUIPlugin
2026-09-19 10:02:48,242 [INFO] PluginManager:213 - loadIPPluginJar : add linkedlist
2026-09-19 10:02:48,244 [INFO] IPUIPlugin:74 - create IPUIPlugin
2026-09-19 10:02:48,244 [INFO] PluginManager:213 - loadIPPluginJar : add lorawan
2026-09-19 10:02:48,246 [INFO] IPUIPlugin:74 - create IPUIPlugin
2026-09-19 10:02:48,246 [INFO] PluginManager:213 - loadIPPluginJar : add ltdc
2026-09-19 10:02:48,247 [INFO] IPUIPlugin:74 - create IPUIPlugin
2026-09-19 10:02:48,247 [INFO] PluginManager:213 - loadIPPluginJar : add mdma
2026-09-19 10:02:48,250 [INFO] IPUIPlugin:74 - create IPUIPlugin
2026-09-19 10:02:48,250 [INFO] PluginManager:213 - loadIPPluginJar : add nvic
2026-09-19 10:02:48,252 [INFO] IPUIPlugin:74 - create IPUIPlugin
2026-09-19 10:02:48,252 [INFO] PluginManager:213 - loadIPPluginJar : add opamp
2026-09-19 10:02:48,253 [INFO] IPUIPlugin:74 - create IPUIPlugin
2026-09-19 10:02:48,253 [INFO] PluginManager:213 - loadIPPluginJar : add openamp
2026-09-19 10:02:48,253 [INFO] IPUIPlugin:74 - create IPUIPlugin
2026-09-19 10:02:48,253 [INFO] PluginManager:213 - loadIPPluginJar : add pdm2pcm
2026-09-19 10:02:48,253 [INFO] IPUIPlugin:74 - create IPUIPlugin
2026-09-19 10:02:48,260 [INFO] PluginManager:213 - loadIPPluginJar : add plateformsettings
2026-09-19 10:02:48,260 [INFO] IPUIPlugin:74 - create IPUIPlugin
2026-09-19 10:02:48,260 [INFO] PluginManager:213 - loadIPPluginJar : add quadspi
2026-09-19 10:02:48,260 [INFO] IPUIPlugin:74 - create IPUIPlugin
2026-09-19 10:02:48,260 [INFO] PluginManager:213 - loadIPPluginJar : add resmgrutility
2026-09-19 10:02:48,260 [INFO] IPUIPlugin:74 - create IPUIPlugin
2026-09-19 10:02:48,260 [INFO] PluginManager:213 - loadIPPluginJar : add sai
2026-09-19 10:02:48,260 [INFO] IPUIPlugin:74 - create IPUIPlugin
2026-09-19 10:02:48,260 [INFO] PluginManager:213 - loadIPPluginJar : add spi
2026-09-19 10:02:48,269 [INFO] IPUIPlugin:74 - create IPUIPlugin
2026-09-19 10:02:48,269 [INFO] PluginManager:213 - loadIPPluginJar : add stm32_wpan
2026-09-19 10:02:48,269 [INFO] IPUIPlugin:74 - create IPUIPlugin
2026-09-19 10:02:48,269 [INFO] PluginManager:213 - loadIPPluginJar : add tim
2026-09-19 10:02:48,269 [INFO] IPUIPlugin:74 - create IPUIPlugin
2026-09-19 10:02:48,269 [INFO] PluginManager:213 - loadIPPluginJar : add touchsensing
2026-09-19 10:02:48,269 [INFO] IPUIPlugin:74 - create IPUIPlugin
2026-09-19 10:02:48,269 [INFO] PluginManager:213 - loadIPPluginJar : add tracer_emb
2026-09-19 10:02:48,269 [INFO] IPUIPlugin:74 - create IPUIPlugin
2026-09-19 10:02:48,269 [INFO] PluginManager:213 - loadIPPluginJar : add ts
2026-09-19 10:02:48,276 [INFO] IPUIPlugin:74 - create IPUIPlugin
2026-09-19 10:02:48,276 [INFO] PluginManager:213 - loadIPPluginJar : add tsc
2026-09-19 10:02:48,276 [INFO] IPUIPlugin:74 - create IPUIPlugin
2026-09-19 10:02:48,276 [INFO] PluginManager:213 - loadIPPluginJar : add ucpd
2026-09-19 10:02:48,276 [INFO] IPUIPlugin:74 - create IPUIPlugin
2026-09-19 10:02:48,276 [INFO] PluginManager:213 - loadIPPluginJar : add usart
2026-09-19 10:02:48,276 [INFO] IPUIPlugin:74 - create IPUIPlugin
2026-09-19 10:02:48,276 [INFO] PluginManager:213 - loadIPPluginJar : add usbx
2026-09-19 10:02:48,572 [FATAL] Updater:294 - Updater called before beeing initialized
2026-09-19 10:02:48,661 [FATAL] Updater:294 - Updater called before beeing initialized
2026-09-19 10:02:48,661 [INFO] DbMcusAds:47 - JSON generation date=Wed Jul 15 16:44:54 ICT 2026 (1784108694001)
2026-09-19 10:02:48,661 [FATAL] Updater:294 - Updater called before beeing initialized
2026-09-19 10:02:48,715 [WARN] DetailPanel:314 - Failed to get advertising image, set to default
2026-09-19 10:02:48,826 [FATAL] Updater:294 - Updater called before beeing initialized
2026-09-19 10:02:48,826 [FATAL] Updater:294 - Updater called before beeing initialized
2026-09-19 10:02:48,826 [FATAL] Updater:294 - Updater called before beeing initialized
2026-09-19 10:02:48,826 [WARN] DetailPanel:314 - Failed to get advertising image, set to default
2026-09-19 10:02:48,835 [FATAL] Updater:294 - Updater called before beeing initialized
2026-09-19 10:02:48,900 [ERROR] Updater:1075 - MainUpdater not yet initialized. External WinMGr cannot be set.
2026-09-19 10:02:48,903 [INFO] Updater:1012 - Updater Version found : 6.3.0
2026-09-19 10:02:48,914 [INFO] ApplicationProperties:181 - Using Application install path: D:\STM32CubeIDE_1.7.0\STM32CubeIDE\plugins\com.st.stm32cube.common.mx_6.3.0.202107141111
2026-09-19 10:02:49,042 [INFO] MainUpdater:2671 - connection check result : 10
2026-09-19 10:02:49,042 [INFO] MainUpdater:265 - Updater Check For Update Now.
2026-09-19 10:02:49,042 [INFO] MicroXplorer:478 - Change Database Version : DB.6.0.30
2026-09-19 10:02:49,201 [INFO] CheckServerUpdateThread:112 - End of CheckServer Thread
2026-09-19 10:02:49,266 [INFO] MainUpdater:2671 - connection check result : 10
2026-09-19 10:02:49,297 [INFO] McuFinderGlobals:52 - Set McuFinderConnectedMode to true
2026-09-19 10:02:49,487 [INFO] ServerAccessManage:362 - Download File mcusAds.json._tmp_
2026-09-19 10:02:49,606 [INFO] LoadUrlFilesThread:145 - End of LoadUrlFiles Thread
2026-09-19 10:02:50,803 [WARN] MainUpdater:1122 - Updater busy. Cannot search thirdparties
2026-09-19 10:02:50,803 [INFO] ThirdPartyUpdaterWithRetryManager:92 - Updater plugin is busy. [1/15]
2026-09-19 10:02:53,807 [WARN] MainUpdater:1122 - Updater busy. Cannot search thirdparties
2026-09-19 10:02:53,807 [INFO] ThirdPartyUpdaterWithRetryManager:92 - Updater plugin is busy. [2/15]
2026-09-19 10:02:54,541 [INFO] DbMcusAds:47 - JSON generation date=Wed Jul 15 16:44:54 ICT 2026 (1784108694001)
2026-09-19 10:02:54,604 [INFO] DbMcusDocs:143 - JSON generation date=Mon Jun 07 15:53:21 ICT 2021 (1623056001)
2026-09-19 10:02:54,604 [INFO] DbMcusXml:100 - Load MCU database from D:\STM32CubeIDE_1.7.0\STM32CubeIDE\plugins\com.st.stm32cube.common.mx_6.3.0.202107141111\\db\/mcu/families.xml
2026-09-19 10:02:55,106 [INFO] DbMcusJson:93 - JSON generation date=Mon Jun 07 15:53:21 ICT 2021 (1623056001)
2026-09-19 10:02:55,635 [INFO] DbMcus:175 - Found 1951 MCUs (1903 are supported by CubeMX, 1903 are visible in CubeMX)
2026-09-19 10:02:55,635 [INFO] ApiDb:251 - Load user favorites file C:\Users\Hius/.stm32cubeide/favorites.mcus.txt: 0 item(s)
2026-09-19 10:02:55,635 [INFO] ApiDb:255 - User favorites MCUs=[]
2026-09-19 10:02:55,635 [INFO] DbMcus:187 - Set 0 / 0 favorites MCUs
2026-09-19 10:02:55,874 [INFO] DbMcusDocs:79 - Found 669 MCUs documents
2026-09-19 10:02:55,874 [INFO] ApiDb:276 - Save user favorites file C:\Users\Hius/.stm32cubeide/favorites.mcus.txt: 0 item(s)
2026-09-19 10:02:55,874 [INFO] ApiDb:280 - User favorites MCUs=[]
2026-09-19 10:02:55,874 [INFO] DbMcusXml:100 - Load MCU database from D:\STM32CubeIDE_1.7.0\STM32CubeIDE\plugins\com.st.stm32cube.common.mx_6.3.0.202107141111\\db\/mcu/families.xml
2026-09-19 10:02:56,287 [INFO] DbMcusJson:93 - JSON generation date=Mon Jun 07 15:53:21 ICT 2021 (1623056001)
2026-09-19 10:02:56,645 [INFO] DbMcus:175 - Found 1951 MCUs (1903 are supported by CubeMX, 1903 are visible in CubeMX)
2026-09-19 10:02:56,645 [INFO] ApiDb:251 - Load user favorites file C:\Users\Hius/.stm32cubeide/favorites.mcus.txt: 0 item(s)
2026-09-19 10:02:56,645 [INFO] ApiDb:255 - User favorites MCUs=[]
2026-09-19 10:02:56,645 [INFO] DbMcus:187 - Set 0 / 0 favorites MCUs
2026-09-19 10:02:56,683 [INFO] DbBoardsDocs:143 - JSON generation date=Tue Jun 01 12:52:40 ICT 2021 (1622526760)
2026-09-19 10:02:56,699 [INFO] DbBoardsPdsc:90 - Found 25 items
2026-09-19 10:02:56,730 [INFO] DbBoardsPdsc:90 - Found 9 items
2026-09-19 10:02:56,746 [INFO] DbBoardsPdsc:90 - Found 33 items
2026-09-19 10:02:56,762 [INFO] DbBoardsPdsc:90 - Found 1 items
2026-09-19 10:02:56,777 [INFO] DbBoardsPdsc:90 - Found 48 items
2026-09-19 10:02:56,793 [INFO] DbBoardsPdsc:90 - Found 43 items
2026-09-19 10:02:56,809 [WARN] MainUpdater:1122 - Updater busy. Cannot search thirdparties
2026-09-19 10:02:56,809 [INFO] ThirdPartyUpdaterWithRetryManager:92 - Updater plugin is busy. [3/15]
2026-09-19 10:02:56,809 [INFO] DbBoardsPdsc:90 - Found 2 items
2026-09-19 10:02:56,825 [INFO] DbBoardsPdsc:90 - Found 5 items
2026-09-19 10:02:56,835 [WARN] DbBoardsPdsc:254 - Board STM32H7B3I-DK: unknown feature type=Audio, name=, username=Audio stereo codec with Headphone Amp (CS42L51-CNZ), n=1
2026-09-19 10:02:56,835 [WARN] DbBoardsPdsc:254 - Board STM32H735G-DK: unknown feature type=Audio, name=, username=Audio stereo codec with Headphone Amp (WM8994ECS/R), n=1
2026-09-19 10:02:56,837 [WARN] DbBoardsPdsc:254 - Board STM32H7B3I-EVAL: unknown feature type=Audio, name=, username=Multi-Channel Audio Codec (CS42L51-CNZ), n=1
2026-09-19 10:02:56,837 [WARN] DbBoardsPdsc:254 - Board STM32H7B3I-EVAL: unknown feature type=Meter, name=, username=Power-metering and Temperature-monitoring with sigma-delta modulators, n=1
2026-09-19 10:02:56,837 [WARN] DbBoardsPdsc:254 - Board STM32H7B3I-EVAL: unknown feature type=Motor, name=, username=Motor Control, n=1
2026-09-19 10:02:56,837 [WARN] DbBoardsPdsc:254 - Board STM32U575I-EV: unknown feature type=joystick, name=, username=4-direction joystick with selection button, n=1
2026-09-19 10:02:56,857 [INFO] DbBoardsJson:86 - JSON generation date=Tue Jun 01 12:52:40 ICT 2021 (1622526760)
2026-09-19 10:02:56,857 [INFO] DbBoards:117 - Found 166 boards (163 are supported by CubeMX)
2026-09-19 10:02:56,857 [INFO] DbBoardsDocs:143 - JSON generation date=Tue Jun 01 12:52:40 ICT 2021 (1622526760)
2026-09-19 10:02:56,876 [INFO] DbBoardsDocs:79 - Found 193 boards documents
2026-09-19 10:02:56,876 [WARN] DbBoards:127 - board B-L462E-CELL1 has no document id list !
2026-09-19 10:02:56,876 [WARN] DbBoards:127 - board B-L475E-IOT01A2 has no document id list !
2026-09-19 10:02:56,876 [WARN] DbBoards:127 - board B-U585I-IOT02A has no document id list !
2026-09-19 10:02:56,876 [WARN] DbBoards:127 - board NUCLEO-G0B1RE has no document id list !
2026-09-19 10:02:56,876 [WARN] DbBoards:127 - board NUCLEO-H743ZI has no document id list !
2026-09-19 10:02:56,876 [WARN] DbBoards:127 - board NUCLEO-L4A6ZG has no document id list !
2026-09-19 10:02:56,876 [WARN] DbBoards:127 - board NUCLEO-U575ZI-Q has no document id list !
2026-09-19 10:02:56,876 [WARN] DbBoards:127 - board NUCLEO-WB15CC has no document id list !
2026-09-19 10:02:56,876 [WARN] DbBoards:127 - board NUCLEO-WB55RG has no document id list !
2026-09-19 10:02:56,876 [WARN] DbBoards:127 - board NUCLEO-WL55JC2 has no document id list !
2026-09-19 10:02:56,876 [WARN] DbBoards:127 - board P-NUCLEO-WB55-Nucleo has no document id list !
2026-09-19 10:02:56,876 [WARN] DbBoards:127 - board P-NUCLEO-WB55-USBDongle has no document id list !
2026-09-19 10:02:56,876 [WARN] DbBoards:127 - board STEVAL-BFA001V1B has no document id list !
2026-09-19 10:02:56,876 [WARN] DbBoards:127 - board STEVAL-BFA001V2B has no document id list !
2026-09-19 10:02:56,876 [WARN] DbBoards:127 - board STEVAL-IDP005V1 has no document id list !
2026-09-19 10:02:56,876 [WARN] DbBoards:127 - board STEVAL-IDP005V2 has no document id list !
2026-09-19 10:02:56,876 [WARN] DbBoards:127 - board STEVAL-MKSBOX1V1 has no document id list !
2026-09-19 10:02:56,876 [WARN] DbBoards:127 - board STEVAL-STWINKT1 has no document id list !
2026-09-19 10:02:56,876 [WARN] DbBoards:127 - board STEVAL-STWINKT1B has no document id list !
2026-09-19 10:02:56,876 [WARN] DbBoards:127 - board STM32F401C-DISCO has no document id list !
2026-09-19 10:02:56,887 [WARN] DbBoards:127 - board STM32F769I-DISC1 has no document id list !
2026-09-19 10:02:56,887 [WARN] DbBoards:127 - board STM32G0C1E-EV has no document id list !
2026-09-19 10:02:56,887 [WARN] DbBoards:127 - board STM32G474E-EVAL1 has no document id list !
2026-09-19 10:02:56,887 [WARN] DbBoards:127 - board STM32H743I-EVAL2 has no document id list !
2026-09-19 10:02:56,887 [WARN] DbBoards:127 - board STM32H747I-DISC1 has no document id list !
2026-09-19 10:02:56,887 [WARN] DbBoards:127 - board STM32H753I-EVAL2 has no document id list !
2026-09-19 10:02:56,887 [WARN] DbBoards:127 - board STM32L-DISCOVERY has no document id list !
2026-09-19 10:02:56,887 [WARN] DbBoards:127 - board STM32MP157A-DK1 has no document id list !
2026-09-19 10:02:56,889 [WARN] DbBoards:127 - board STM32MP157D-DK1 has no document id list !
2026-09-19 10:02:56,889 [WARN] DbBoards:127 - board STM32MP157D-EV1 has no document id list !
2026-09-19 10:02:56,889 [WARN] DbBoards:127 - board STM32MP157F-DK2 has no document id list !
2026-09-19 10:02:56,889 [WARN] DbBoards:127 - board STM32MP157F-EV1 has no document id list !
2026-09-19 10:02:56,889 [WARN] DbBoards:127 - board STM32U575I-EV has no document id list !
2026-09-19 10:02:56,889 [WARN] DbBoards:127 - board STM32WB5MM-DK has no document id list !
2026-09-19 10:02:59,041 [INFO] ApiDb:251 - Load user favorites file C:\Users\Hius/.stm32cubeide/favorites.boards.txt: 0 item(s)
2026-09-19 10:02:59,041 [INFO] ApiDb:255 - User favorites Boards=[]
2026-09-19 10:02:59,041 [INFO] DbBoards:206 - Set 0 / 0 favorites Boards
2026-09-19 10:02:59,051 [INFO] DbBoardsDocs:79 - Found 386 boards documents
2026-09-19 10:02:59,051 [INFO] ApiDb:276 - Save user favorites file C:\Users\Hius/.stm32cubeide/favorites.boards.txt: 0 item(s)
2026-09-19 10:02:59,051 [INFO] ApiDb:280 - User favorites Boards=[]
2026-09-19 10:02:59,051 [INFO] DbBoardsPdsc:90 - Found 25 items
2026-09-19 10:02:59,051 [INFO] DbBoardsPdsc:90 - Found 9 items
2026-09-19 10:02:59,051 [INFO] DbBoardsPdsc:90 - Found 33 items
2026-09-19 10:02:59,051 [INFO] DbBoardsPdsc:90 - Found 1 items
2026-09-19 10:02:59,067 [INFO] DbBoardsPdsc:90 - Found 48 items
2026-09-19 10:02:59,067 [INFO] DbBoardsPdsc:90 - Found 43 items
2026-09-19 10:02:59,067 [INFO] DbBoardsPdsc:90 - Found 2 items
2026-09-19 10:02:59,067 [INFO] DbBoardsPdsc:90 - Found 5 items
2026-09-19 10:02:59,067 [WARN] DbBoardsPdsc:254 - Board STM32H7B3I-DK: unknown feature type=Audio, name=, username=Audio stereo codec with Headphone Amp (CS42L51-CNZ), n=1
2026-09-19 10:02:59,067 [WARN] DbBoardsPdsc:254 - Board STM32H735G-DK: unknown feature type=Audio, name=, username=Audio stereo codec with Headphone Amp (WM8994ECS/R), n=1
2026-09-19 10:02:59,067 [WARN] DbBoardsPdsc:254 - Board STM32H7B3I-EVAL: unknown feature type=Audio, name=, username=Multi-Channel Audio Codec (CS42L51-CNZ), n=1
2026-09-19 10:02:59,067 [WARN] DbBoardsPdsc:254 - Board STM32H7B3I-EVAL: unknown feature type=Meter, name=, username=Power-metering and Temperature-monitoring with sigma-delta modulators, n=1
2026-09-19 10:02:59,067 [WARN] DbBoardsPdsc:254 - Board STM32H7B3I-EVAL: unknown feature type=Motor, name=, username=Motor Control, n=1
2026-09-19 10:02:59,067 [WARN] DbBoardsPdsc:254 - Board STM32U575I-EV: unknown feature type=joystick, name=, username=4-direction joystick with selection button, n=1
2026-09-19 10:02:59,082 [INFO] DbBoardsJson:86 - JSON generation date=Tue Jun 01 12:52:40 ICT 2021 (1622526760)
2026-09-19 10:02:59,082 [INFO] DbBoards:117 - Found 166 boards (163 are supported by CubeMX)
2026-09-19 10:02:59,082 [WARN] DbBoards:127 - board B-L462E-CELL1 has no document id list !
2026-09-19 10:02:59,082 [WARN] DbBoards:127 - board B-L475E-IOT01A2 has no document id list !
2026-09-19 10:02:59,082 [WARN] DbBoards:127 - board B-U585I-IOT02A has no document id list !
2026-09-19 10:02:59,082 [WARN] DbBoards:127 - board NUCLEO-G0B1RE has no document id list !
2026-09-19 10:02:59,082 [WARN] DbBoards:127 - board NUCLEO-H743ZI has no document id list !
2026-09-19 10:02:59,082 [WARN] DbBoards:127 - board NUCLEO-L4A6ZG has no document id list !
2026-09-19 10:02:59,082 [WARN] DbBoards:127 - board NUCLEO-U575ZI-Q has no document id list !
2026-09-19 10:02:59,082 [WARN] DbBoards:127 - board NUCLEO-WB15CC has no document id list !
2026-09-19 10:02:59,082 [WARN] DbBoards:127 - board NUCLEO-WB55RG has no document id list !
2026-09-19 10:02:59,082 [WARN] DbBoards:127 - board NUCLEO-WL55JC2 has no document id list !
2026-09-19 10:02:59,082 [WARN] DbBoards:127 - board P-NUCLEO-WB55-Nucleo has no document id list !
2026-09-19 10:02:59,082 [WARN] DbBoards:127 - board P-NUCLEO-WB55-USBDongle has no document id list !
2026-09-19 10:02:59,082 [WARN] DbBoards:127 - board STEVAL-BFA001V1B has no document id list !
2026-09-19 10:02:59,082 [WARN] DbBoards:127 - board STEVAL-BFA001V2B has no document id list !
2026-09-19 10:02:59,082 [WARN] DbBoards:127 - board STEVAL-IDP005V1 has no document id list !
2026-09-19 10:02:59,082 [WARN] DbBoards:127 - board STEVAL-IDP005V2 has no document id list !
2026-09-19 10:02:59,082 [WARN] DbBoards:127 - board STEVAL-MKSBOX1V1 has no document id list !
2026-09-19 10:02:59,082 [WARN] DbBoards:127 - board STEVAL-STWINKT1 has no document id list !
2026-09-19 10:02:59,082 [WARN] DbBoards:127 - board STEVAL-STWINKT1B has no document id list !
2026-09-19 10:02:59,082 [WARN] DbBoards:127 - board STM32F401C-DISCO has no document id list !
2026-09-19 10:02:59,082 [WARN] DbBoards:127 - board STM32F769I-DISC1 has no document id list !
2026-09-19 10:02:59,082 [WARN] DbBoards:127 - board STM32G0C1E-EV has no document id list !
2026-09-19 10:02:59,082 [WARN] DbBoards:127 - board STM32G474E-EVAL1 has no document id list !
2026-09-19 10:02:59,082 [WARN] DbBoards:127 - board STM32H743I-EVAL2 has no document id list !
2026-09-19 10:02:59,082 [WARN] DbBoards:127 - board STM32H747I-DISC1 has no document id list !
2026-09-19 10:02:59,082 [WARN] DbBoards:127 - board STM32H753I-EVAL2 has no document id list !
2026-09-19 10:02:59,082 [WARN] DbBoards:127 - board STM32L-DISCOVERY has no document id list !
2026-09-19 10:02:59,082 [WARN] DbBoards:127 - board STM32MP157A-DK1 has no document id list !
2026-09-19 10:02:59,082 [WARN] DbBoards:127 - board STM32MP157D-DK1 has no document id list !
2026-09-19 10:02:59,082 [WARN] DbBoards:127 - board STM32MP157D-EV1 has no document id list !
2026-09-19 10:02:59,082 [WARN] DbBoards:127 - board STM32MP157F-DK2 has no document id list !
2026-09-19 10:02:59,082 [WARN] DbBoards:127 - board STM32MP157F-EV1 has no document id list !
2026-09-19 10:02:59,082 [WARN] DbBoards:127 - board STM32U575I-EV has no document id list !
2026-09-19 10:02:59,082 [WARN] DbBoards:127 - board STM32WB5MM-DK has no document id list !
2026-09-19 10:02:59,815 [WARN] MainUpdater:1122 - Updater busy. Cannot search thirdparties
2026-09-19 10:02:59,815 [INFO] ThirdPartyUpdaterWithRetryManager:92 - Updater plugin is busy. [4/15]
2026-09-19 10:02:59,990 [INFO] ApiDb:251 - Load user favorites file C:\Users\Hius/.stm32cubeide/favorites.boards.txt: 0 item(s)
2026-09-19 10:02:59,990 [INFO] ApiDb:255 - User favorites Boards=[]
2026-09-19 10:02:59,990 [INFO] DbBoards:206 - Set 0 / 0 favorites Boards
2026-09-19 10:02:59,990 [ERROR] TargetSelectorAdapter:232 - Unable to refresh data
2026-09-19 10:03:00,540 [INFO] McuFinderGlobals:52 - Set McuFinderConnectedMode to false
2026-09-19 10:03:00,630 [INFO] CrossSelectorPresenter:1330 - Cross Selector saved comparison directory: C:\Users\Hius\.stmcufinder\plugins\mcufinder\mcu\cs_comparisons_mx
2026-09-19 10:03:00,630 [INFO] MultiScanPanel:197 - Auto-refresh data requested => check proxy status ongoing
2026-09-19 10:03:00,630 [INFO] MultiScanPanel:201 - Proxy status is invalid
2026-09-19 10:03:00,646 [INFO] FinderPluginLoader:87 - Searching for filters in installed packs
2026-09-19 10:03:00,994 [WARN] DetailPanel:314 - Failed to get advertising image, set to default
2026-09-19 10:03:02,823 [WARN] MainUpdater:1122 - Updater busy. Cannot search thirdparties
2026-09-19 10:03:02,823 [INFO] ThirdPartyUpdaterWithRetryManager:92 - Updater plugin is busy. [5/15]
2026-09-19 10:03:05,042 [INFO] McuFinderGlobals:52 - Set McuFinderConnectedMode to true
2026-09-19 10:03:05,824 [WARN] MainUpdater:1122 - Updater busy. Cannot search thirdparties
2026-09-19 10:03:05,824 [INFO] ThirdPartyUpdaterWithRetryManager:92 - Updater plugin is busy. [6/15]
2026-09-19 10:03:05,840 [INFO] ApiDb:276 - Save user favorites file C:\Users\Hius/.stm32cubeide/favorites.mcus.txt: 0 item(s)
2026-09-19 10:03:05,840 [INFO] ApiDb:280 - User favorites MCUs=[]
2026-09-19 10:03:08,835 [WARN] MainUpdater:1122 - Updater busy. Cannot search thirdparties
2026-09-19 10:03:08,835 [INFO] ThirdPartyUpdaterWithRetryManager:92 - Updater plugin is busy. [7/15]
2026-09-19 10:03:09,655 [ERROR] ServerAccessManage:1016 - HTTP unexpected response (522) for https://stmcufinder.com/API/getFiles.php?
2026-09-19 10:03:09,655 [ERROR] ServerAccessManage:531 - Error during Access to HTTP Server. : mcusDocs.json._tmp_.
2026-09-19 10:03:09,767 [INFO] LoadUrlFilesThread:145 - End of LoadUrlFiles Thread
2026-09-19 10:03:11,981 [WARN] PackLoader:238 - Cannot read IP mode file for STMicroelectronics.X-CUBE-AZRTOS-H7.3.5.0
2026-09-19 10:03:11,992 [WARN] PackLoader:238 - Cannot read IP mode file for STMicroelectronics.FP-ATR-ASTRA1.2.0.3
2026-09-19 10:03:11,992 [ERROR] Engine:463 - C:\Users\Hius\.stm32cubemx\thirdparties\pdsc\STMicroelectronics.X-CUBE-SMBUS.2.1.1.pdsc: PDSC version is not supported
2026-09-19 10:03:12,031 [WARN] PackLoader:238 - Cannot read IP mode file for STMicroelectronics.X-CUBE-AZRTOS-F7.1.1.0
2026-09-19 10:03:12,031 [ERROR] Engine:463 - C:\Users\Hius\.stm32cubemx\thirdparties\pdsc\STMicroelectronics.X-CUBE-FREERTOS.1.6.0.pdsc: PDSC version is not supported
2026-09-19 10:03:12,031 [ERROR] Engine:463 - C:\Users\Hius\.stm32cubemx\thirdparties\pdsc\STMicroelectronics.FP-SNS-MOTENV1.5.1.0.pdsc: PDSC version is not supported
2026-09-19 10:03:12,053 [WARN] PackLoader:238 - Cannot read IP mode file for STMicroelectronics.X-CUBE-AZRTOS-H7RS.1.3.0
2026-09-19 10:03:12,053 [ERROR] Engine:463 - C:\Users\Hius\.stm32cubemx\thirdparties\pdsc\WES.I-CUBE-Cesium.1.4.0.pdsc: PDSC version is not supported
2026-09-19 10:03:12,053 [ERROR] Engine:463 - C:\Users\Hius\.stm32cubemx\thirdparties\pdsc\STMicroelectronics.X-CUBE-DISPLAY.3.0.0.pdsc: PDSC version is not supported
2026-09-19 10:03:12,067 [WARN] PackLoader:238 - Cannot read IP mode file for STMicroelectronics.X-CUBE-GNSS1.7.1.1
2026-09-19 10:03:12,069 [ERROR] Engine:463 - C:\Users\Hius\.stm32cubemx\thirdparties\pdsc\STMicroelectronics.FP-SNS-MOTENVWB1.1.5.0.pdsc: PDSC version is not supported
2026-09-19 10:03:12,072 [WARN] PackLoader:238 - Cannot read IP mode file for STMicroelectronics.X-CUBE-NFC10.1.0.0
2026-09-19 10:03:12,072 [ERROR] Engine:463 - C:\Users\Hius\.stm32cubemx\thirdparties\pdsc\STMicroelectronics.X-CUBE-ST60.1.1.0.pdsc: PDSC version is not supported
2026-09-19 10:03:12,072 [ERROR] Engine:463 - C:\Users\Hius\.stm32cubemx\thirdparties\pdsc\emotas.I-CUBE-CANOPEN.1.3.0.pdsc: PDSC version is not supported
2026-09-19 10:03:12,079 [WARN] PackLoader:238 - Cannot read IP mode file for wolfSSL.I-CUBE-wolfSSL.5.9.2
2026-09-19 10:03:12,079 [ERROR] Engine:463 - C:\Users\Hius\.stm32cubemx\thirdparties\pdsc\STMicroelectronics.X-CUBE-WBA.1.1.0.pdsc: PDSC version is not supported
2026-09-19 10:03:12,083 [ERROR] Engine:463 - C:\Users\Hius\.stm32cubemx\thirdparties\pdsc\STMicroelectronics.FP-SNS-STBOX1.2.1.0.pdsc: PDSC version is not supported
2026-09-19 10:03:12,083 [ERROR] Engine:463 - C:\Users\Hius\.stm32cubemx\thirdparties\pdsc\STMicroelectronics.FP-SNS-SMARTAG2.1.2.0.pdsc: PDSC version is not supported
2026-09-19 10:03:12,087 [ERROR] Engine:463 - C:\Users\Hius\.stm32cubemx\thirdparties\pdsc\STMicroelectronics.FP-SNS-FLIGHT1.5.1.0.pdsc: PDSC version is not supported
2026-09-19 10:03:12,088 [INFO] LogOutputStream:76 - [STDOUT_REDIRECT] 1 : Invalid condition id : UX_CORESTACK_Condition cause : null
2026-09-19 10:03:12,088 [INFO] LogOutputStream:76 - [STDOUT_REDIRECT] 1 : Invalid condition id : UX_CORESTACK_Condition cause : null
2026-09-19 10:03:12,088 [INFO] LogOutputStream:76 - [STDOUT_REDIRECT] 1 : Invalid condition id : UX_CORESTACK_Condition cause : null
2026-09-19 10:03:12,088 [INFO] LogOutputStream:76 - [STDOUT_REDIRECT] 1 : Invalid condition id : UX_CORESTACK_Condition cause : null
2026-09-19 10:03:12,088 [INFO] LogOutputStream:76 - [STDOUT_REDIRECT] 1 : Invalid condition id : UX_CORESTACK_Condition cause : null
2026-09-19 10:03:12,095 [WARN] PackLoader:238 - Cannot read IP mode file for STMicroelectronics.X-CUBE-AZRTOS-WL.2.0.0
2026-09-19 10:03:12,095 [WARN] PackLoader:238 - Cannot read IP mode file for STMicroelectronics.X-CUBE-BLE2.3.3.0
2026-09-19 10:03:12,095 [ERROR] Engine:463 - C:\Users\Hius\.stm32cubemx\thirdparties\pdsc\Avnet-IOTCONNECT.X-CUBE-iotc-st67-sdk.1.0.0.pdsc: PDSC version is not supported
2026-09-19 10:03:12,095 [ERROR] Engine:463 - C:\Users\Hius\.stm32cubemx\thirdparties\pdsc\Infineon.AIROC-Wi-Fi-Bluetooth-STM32.1.8.0.pdsc: PDSC version is not supported
2026-09-19 10:03:12,095 [WARN] PackLoader:238 - Cannot read IP mode file for STMicroelectronics.X-CUBE-NFC9.1.0.0
2026-09-19 10:03:12,116 [WARN] PackLoader:238 - Cannot read IP mode file for STMicroelectronics.X-CUBE-BLE1.7.1.0
2026-09-19 10:03:12,119 [WARN] PackLoader:238 - Cannot read IP mode file for wolfSSL.I-CUBE-wolfMQTT.1.19.2
2026-09-19 10:03:12,123 [WARN] PackLoader:238 - Cannot read IP mode file for STMicroelectronics.X-CUBE-EEPRMA1.5.2.0
2026-09-19 10:03:12,145 [WARN] PackLoader:238 - Cannot read IP mode file for STMicroelectronics.X-CUBE-AZRTOS-G0.1.1.0
2026-09-19 10:03:12,151 [WARN] PackLoader:238 - Cannot read IP mode file for STMicroelectronics.X-CUBE-NFC4.3.0.0
2026-09-19 10:03:12,153 [ERROR] Engine:463 - C:\Users\Hius\.stm32cubemx\thirdparties\pdsc\EmbeddedOffice.I-CUBE-FS-RTOS.1.0.1.pdsc: PDSC version is not supported
2026-09-19 10:03:12,155 [WARN] PackLoader:238 - Cannot read IP mode file for wolfSSL.I-CUBE-wolfTPM.3.8.0
2026-09-19 10:03:12,158 [ERROR] Engine:463 - C:\Users\Hius\.stm32cubemx\thirdparties\pdsc\STMicroelectronics.X-CUBE-TCPP.4.2.0.pdsc: PDSC version is not supported
2026-09-19 10:03:12,158 [ERROR] Engine:463 - C:\Users\Hius\.stm32cubemx\thirdparties\pdsc\RealThread.X-CUBE-RT-Thread_Nano.4.1.1.pdsc: PDSC version is not supported
2026-09-19 10:03:12,158 [WARN] PackLoader:238 - Cannot read IP mode file for STMicroelectronics.FP-ATR-SIGFOX1.3.2.0
2026-09-19 10:03:12,158 [ERROR] Engine:463 - C:\Users\Hius\.stm32cubemx\thirdparties\pdsc\ITTIA_DB.I-CUBE-ITTIADB.8.9.0.pdsc: PDSC version is not supported
2026-09-19 10:03:12,158 [ERROR] Engine:463 - C:\Users\Hius\.stm32cubemx\thirdparties\pdsc\Cesanta.I-CUBE-Mongoose.7.21.7.pdsc: PDSC version is not supported
2026-09-19 10:03:12,158 [WARN] PackLoader:238 - Cannot read IP mode file for STMicroelectronics.X-CUBE-NFC6.3.2.0
2026-09-19 10:03:12,158 [WARN] PackLoader:238 - Cannot read IP mode file for STMicroelectronics.X-CUBE-AI.10.2.1
2026-09-19 10:03:12,190 [WARN] PackLoader:238 - Cannot read IP mode file for SEGGER.I-CUBE-embOS.1.3.1
2026-09-19 10:03:12,206 [ERROR] Engine:463 - C:\Users\Hius\.stm32cubemx\thirdparties\pdsc\STMicroelectronics.FP-SNS-STAIOTCFT.2.0.0.pdsc: PDSC version is not supported
2026-09-19 10:03:12,222 [WARN] PackLoader:238 - Cannot read IP mode file for STMicroelectronics.X-CUBE-NFC13.1.0.0
2026-09-19 10:03:12,222 [WARN] PackLoader:238 - Cannot read IP mode file for STMicroelectronics.X-CUBE-PM33A1.1.0.0
2026-09-19 10:03:12,265 [WARN] PackLoader:238 - Cannot read IP mode file for STMicroelectronics.X-CUBE-AZRTOS-F4.1.1.0
2026-09-19 10:03:12,273 [WARN] PackLoader:238 - Cannot read IP mode file for STMicroelectronics.X-CUBE-ISPU.2.1.0
2026-09-19 10:03:12,277 [ERROR] Engine:463 - C:\Users\Hius\.stm32cubemx\thirdparties\pdsc\STMicroelectronics.X-CUBE-IPS.3.2.0.pdsc: PDSC version is not supported
2026-09-19 10:03:12,277 [ERROR] Engine:463 - C:\Users\Hius\.stm32cubemx\thirdparties\pdsc\STMicroelectronics.eDS-WB_DPC_TT-BIDIR.2.1.1.pdsc: PDSC version is not supported
2026-09-19 10:03:12,281 [WARN] PackLoader:238 - Cannot read IP mode file for STMicroelectronics.X-CUBE-NFC12.1.0.0
2026-09-19 10:03:12,305 [WARN] PackLoader:238 - Cannot read IP mode file for STMicroelectronics.X-CUBE-AZRTOS-L5.2.0.0
2026-09-19 10:03:12,319 [WARN] PackLoader:238 - Cannot read IP mode file for STMicroelectronics.X-CUBE-ALGOBUILD.1.5.0
2026-09-19 10:03:12,323 [ERROR] Engine:463 - C:\Users\Hius\.stm32cubemx\thirdparties\pdsc\STMicroelectronics.eDS-WB_DPC_VIENNA.1.2.0.pdsc: PDSC version is not supported
2026-09-19 10:03:12,369 [WARN] PackLoader:238 - Cannot read IP mode file for STMicroelectronics.X-CUBE-MEMS1.13.0.0
2026-09-19 10:03:12,481 [ERROR] Engine:463 - C:\Users\Hius\.stm32cubemx\thirdparties\pdsc\STMicroelectronics.eDS-WB_DPC_3PH2L-BIDIR.1.1.1.pdsc: PDSC version is not supported
2026-09-19 10:03:12,485 [ERROR] Engine:463 - C:\Users\Hius\.stm32cubemx\thirdparties\pdsc\STMicroelectronics.X-CUBE-ST67W61.1.3.0.pdsc: PDSC version is not supported
2026-09-19 10:03:12,489 [WARN] PackLoader:238 - Cannot read IP mode file for STMicroelectronics.X-CUBE-TOUCHGFX.4.26.1
2026-09-19 10:03:12,491 [ERROR] Engine:463 - C:\Users\Hius\.stm32cubemx\thirdparties\pdsc\STMicroelectronics.X-CUBE-DPower.1.3.0.pdsc: PDSC version is not supported
2026-09-19 10:03:12,505 [WARN] ConditionMgr:437 - getConditionDescription Invalid condition id : LAN8742 Phy interface Condition cause : null
2026-09-19 10:03:12,505 [WARN] PackLoader:238 - Cannot read IP mode file for STMicroelectronics.X-CUBE-AZRTOS-L4.2.0.0
2026-09-19 10:03:12,505 [WARN] ConditionMgr:1038 - genDependencies : Invalid condition id : LAN8742 Phy interface Condition cause : null
2026-09-19 10:03:12,505 [WARN] ConditionMgr:1038 - genDependencies : Invalid condition id : LAN8742 Phy interface Condition cause : null
2026-09-19 10:03:12,505 [WARN] ConditionMgr:1038 - genDependencies : Invalid condition id : LAN8742 Phy interface Condition cause : null
2026-09-19 10:03:12,505 [WARN] PackLoader:238 - Cannot read IP mode file for STMicroelectronics.X-CUBE-SFXS2LP1.4.0.0
2026-09-19 10:03:12,517 [WARN] PackLoader:238 - Cannot read IP mode file for STMicroelectronics.X-CUBE-WB05N.2.1.0
2026-09-19 10:03:12,527 [WARN] ConditionMgr:437 - getConditionDescription Invalid condition id : UX DEVICE CLASS RTOS Condition cause : null
2026-09-19 10:03:12,527 [WARN] ConditionMgr:437 - getConditionDescription Invalid condition id : UX DEVICE CLASS RTOS Condition cause : null
2026-09-19 10:03:12,529 [WARN] PackLoader:238 - Cannot read IP mode file for STMicroelectronics.X-CUBE-AZRTOS-WB.2.0.0
2026-09-19 10:03:12,529 [WARN] ConditionMgr:1038 - genDependencies : Invalid condition id : UX DEVICE CLASS RTOS Condition cause : null
2026-09-19 10:03:12,529 [WARN] ConditionMgr:1038 - genDependencies : Invalid condition id : UX DEVICE CLASS RTOS Condition cause : null
2026-09-19 10:03:12,529 [WARN] ConditionMgr:1038 - genDependencies : Invalid condition id : UX DEVICE CLASS RTOS Condition cause : null
2026-09-19 10:03:12,529 [WARN] ConditionMgr:1038 - genDependencies : Invalid condition id : UX DEVICE CLASS RTOS Condition cause : null
2026-09-19 10:03:12,529 [WARN] ConditionMgr:1038 - genDependencies : Invalid condition id : UX DEVICE CLASS RTOS Condition cause : null
2026-09-19 10:03:12,531 [ERROR] Engine:463 - C:\Users\Hius\.stm32cubemx\thirdparties\pdsc\quantropi.X-CUBE-qispace-sdk-base.2.1.0.pdsc: PDSC version is not supported
2026-09-19 10:03:12,535 [WARN] PackLoader:238 - Cannot read IP mode file for STMicroelectronics.X-CUBE-STSE01.2.0.0
2026-09-19 10:03:12,553 [WARN] PackLoader:238 - Cannot read IP mode file for STMicroelectronics.X-CUBE-SUBG2.5.0.0
2026-09-19 10:03:12,588 [WARN] PackLoader:238 - Cannot read IP mode file for STMicroelectronics.X-CUBE-AZRTOS-G4.2.0.0
2026-09-19 10:03:12,594 [WARN] PackLoader:238 - Cannot read IP mode file for wolfSSL.I-CUBE-wolfSSH.1.4.20
2026-09-19 10:03:12,596 [WARN] PackLoader:238 - Cannot read IP mode file for STMicroelectronics.X-CUBE-NFC7.2.0.0
2026-09-19 10:03:12,600 [ERROR] Engine:463 - C:\Users\Hius\.stm32cubemx\thirdparties\pdsc\STMicroelectronics.X-CUBE-BLEMGR.4.2.0.pdsc: PDSC version is not supported
2026-09-19 10:03:12,602 [ERROR] Engine:463 - C:\Users\Hius\.stm32cubemx\thirdparties\pdsc\STMicroelectronics.X-CUBE-ALS.1.0.2.pdsc: PDSC version is not supported
2026-09-19 10:03:12,606 [ERROR] Engine:463 - C:\Users\Hius\.stm32cubemx\thirdparties\pdsc\STMicroelectronics.X-CUBE-TOF1.3.4.3.pdsc: PDSC version is not supported
2026-09-19 10:03:12,606 [INFO] ThirdParty:915 - Integrity check success = true
2026-09-19 10:03:12,606 [INFO] IntegrityCheckThread:94 - exiting critical section [integrity check]
2026-09-19 10:03:12,606 [INFO] IntegrityCheckThread:97 - End integrity checks thread
2026-09-26 13:26:32,468 [INFO] Activator:177 - 


2026-09-26 13:26:32,494 [INFO] Activator:178 - !SESSION log4j initialized
2026-09-26 13:28:53,847 [INFO] Activator:177 - 


2026-09-26 13:28:53,847 [INFO] Activator:178 - !SESSION log4j initialized
2026-09-26 13:29:23,863 [INFO] McuFinderGlobals:39 - Set McuFinder mode to 2 (CubeIDE integrated)
2026-09-26 13:29:24,049 [INFO] ApplicationProperties:181 - Using Application install path: D:\STM32CubeIDE_1.7.0\STM32CubeIDE\plugins\com.st.stm32cube.common.mx_6.3.0.202107141111
2026-09-26 13:29:24,061 [INFO] DbMcusXml:74 - Set database path to: D:\STM32CubeIDE_1.7.0\STM32CubeIDE\plugins\com.st.stm32cube.common.mx_6.3.0.202107141111\\db\/mcu/
2026-09-26 13:29:24,066 [INFO] DbBoardsPdsc:56 - Set plugin database path to: D:\STM32CubeIDE_1.7.0\STM32CubeIDE\plugins\com.st.stm32cube.common.mx_6.3.0.202107141111\\db\/plugins/boardmanager/
2026-09-26 13:29:24,066 [INFO] DbMcus:258 - Set plugin images path to: D:\STM32CubeIDE_1.7.0\STM32CubeIDE\plugins\com.st.stm32cube.common.mx_6.3.0.202107141111\\db\/plugins/mcufinder/images/
2026-09-26 13:29:24,066 [INFO] DbBoards:264 - Set plugin images path to: D:\STM32CubeIDE_1.7.0\STM32CubeIDE\plugins\com.st.stm32cube.common.mx_6.3.0.202107141111\\db\/plugins/mcufinder/images/
2026-09-26 13:29:24,069 [INFO] DbExamples:333 - Set plugin images path to: D:\STM32CubeIDE_1.7.0\STM32CubeIDE\plugins\com.st.stm32cube.common.mx_6.3.0.202107141111\\db\/plugins/mcufinder/images/
2026-09-26 13:29:24,074 [INFO] DbMcusAds:119 - Set database path to: C:\Users\Hius\.stmcufinder\plugins\mcufinder//mcu/
2026-09-26 13:29:24,074 [INFO] DbMcusDocs:110 - Set database path to: C:\Users\Hius\.stmcufinder\plugins\mcufinder//mcu/
2026-09-26 13:29:24,075 [INFO] DbMcusJson:64 - Set database path to: C:\Users\Hius\.stmcufinder\plugins\mcufinder//mcu/
2026-09-26 13:29:24,077 [INFO] DbBoardsDocs:110 - Set database path to: C:\Users\Hius\.stmcufinder\plugins\mcufinder//mcu/
2026-09-26 13:29:24,077 [INFO] DbBoardsJson:57 - Set database path to: C:\Users\Hius\.stmcufinder\plugins\mcufinder//mcu/
2026-09-26 13:29:24,257 [INFO] CrossReferenceDbSqlite:196 - Set database path to: C:\Users\Hius\.stmcufinder\plugins\mcufinder//mcu/cs/
2026-09-26 13:29:24,260 [INFO] DbExamplesSqlite:767 - Set database path to: C:\Users\Hius\.stmcufinder\plugins\mcufinder//mcu/
2026-09-26 13:29:24,369 [INFO] RulesReader:57 - Compatibility file has been processed (242 Rules)
2026-09-26 13:29:24,464 [INFO] DbMcusXml:74 - Set database path to: D:\STM32CubeIDE_1.7.0\STM32CubeIDE\plugins\com.st.stm32cube.common.mx_6.3.0.202107141111\\db\/mcu/
2026-09-26 13:29:24,464 [INFO] DbBoardsPdsc:56 - Set plugin database path to: D:\STM32CubeIDE_1.7.0\STM32CubeIDE\plugins\com.st.stm32cube.common.mx_6.3.0.202107141111\\db\/plugins/boardmanager/
2026-09-26 13:29:24,466 [INFO] DbMcus:258 - Set plugin images path to: D:\STM32CubeIDE_1.7.0\STM32CubeIDE\plugins\com.st.stm32cube.common.mx_6.3.0.202107141111\\db\/plugins/mcufinder/images/
2026-09-26 13:29:24,466 [INFO] DbBoards:264 - Set plugin images path to: D:\STM32CubeIDE_1.7.0\STM32CubeIDE\plugins\com.st.stm32cube.common.mx_6.3.0.202107141111\\db\/plugins/mcufinder/images/
2026-09-26 13:29:24,466 [INFO] DbExamples:333 - Set plugin images path to: D:\STM32CubeIDE_1.7.0\STM32CubeIDE\plugins\com.st.stm32cube.common.mx_6.3.0.202107141111\\db\/plugins/mcufinder/images/
2026-09-26 13:29:24,466 [WARN] DbFile:35 - Overriding database path with different value: C:\Users\Hius\.stmcufinder\plugins\mcufinder/ => C:\Users\Hius\.stmcufinder\plugins\mcufinder
2026-09-26 13:29:24,466 [INFO] DbMcusAds:119 - Set database path to: C:\Users\Hius\.stmcufinder\plugins\mcufinder//mcu/
2026-09-26 13:29:24,466 [WARN] DbFile:35 - Overriding database path with different value: C:\Users\Hius\.stmcufinder\plugins\mcufinder/ => C:\Users\Hius\.stmcufinder\plugins\mcufinder
2026-09-26 13:29:24,466 [INFO] DbMcusDocs:110 - Set database path to: C:\Users\Hius\.stmcufinder\plugins\mcufinder//mcu/
2026-09-26 13:29:24,466 [WARN] DbFile:35 - Overriding database path with different value: C:\Users\Hius\.stmcufinder\plugins\mcufinder/ => C:\Users\Hius\.stmcufinder\plugins\mcufinder
2026-09-26 13:29:24,466 [INFO] DbMcusJson:64 - Set database path to: C:\Users\Hius\.stmcufinder\plugins\mcufinder//mcu/
2026-09-26 13:29:24,466 [WARN] DbFile:35 - Overriding database path with different value: C:\Users\Hius\.stmcufinder\plugins\mcufinder/ => C:\Users\Hius\.stmcufinder\plugins\mcufinder
2026-09-26 13:29:24,466 [INFO] DbBoardsDocs:110 - Set database path to: C:\Users\Hius\.stmcufinder\plugins\mcufinder//mcu/
2026-09-26 13:29:24,466 [WARN] DbFile:35 - Overriding database path with different value: C:\Users\Hius\.stmcufinder\plugins\mcufinder/ => C:\Users\Hius\.stmcufinder\plugins\mcufinder
2026-09-26 13:29:24,466 [INFO] DbBoardsJson:57 - Set database path to: C:\Users\Hius\.stmcufinder\plugins\mcufinder//mcu/
2026-09-26 13:29:24,466 [WARN] DbFile:35 - Overriding database path with different value: C:\Users\Hius\.stmcufinder\plugins\mcufinder/ => C:\Users\Hius\.stmcufinder\plugins\mcufinder
2026-09-26 13:29:24,466 [WARN] DbFile:35 - Overriding database path with different value: C:\Users\Hius\.stmcufinder\plugins\mcufinder/ => C:\Users\Hius\.stmcufinder\plugins\mcufinder
2026-09-26 13:29:24,468 [INFO] CrossReferenceDbSqlite:196 - Set database path to: C:\Users\Hius\.stmcufinder\plugins\mcufinder//mcu/cs/
2026-09-26 13:29:24,468 [WARN] DbFile:35 - Overriding database path with different value: C:\Users\Hius\.stmcufinder\plugins\mcufinder/ => C:\Users\Hius\.stmcufinder\plugins\mcufinder
2026-09-26 13:29:24,468 [INFO] DbExamplesSqlite:767 - Set database path to: C:\Users\Hius\.stmcufinder\plugins\mcufinder//mcu/
2026-09-26 13:29:24,544 [INFO] MainPanel:214 - HeapMemory: 268435456
2026-09-26 13:29:24,616 [INFO] DbMcusXml:74 - Set database path to: D:\STM32CubeIDE_1.7.0\STM32CubeIDE\plugins\com.st.stm32cube.common.mx_6.3.0.202107141111\\db\/mcu/
2026-09-26 13:29:24,630 [INFO] DbBoardsPdsc:56 - Set plugin database path to: D:\STM32CubeIDE_1.7.0\STM32CubeIDE\plugins\com.st.stm32cube.common.mx_6.3.0.202107141111\\db\/plugins/boardmanager/
2026-09-26 13:29:24,630 [INFO] DbMcus:258 - Set plugin images path to: D:\STM32CubeIDE_1.7.0\STM32CubeIDE\plugins\com.st.stm32cube.common.mx_6.3.0.202107141111\\db\/plugins/mcufinder/images/
2026-09-26 13:29:24,630 [INFO] DbBoards:264 - Set plugin images path to: D:\STM32CubeIDE_1.7.0\STM32CubeIDE\plugins\com.st.stm32cube.common.mx_6.3.0.202107141111\\db\/plugins/mcufinder/images/
2026-09-26 13:29:24,630 [INFO] DbExamples:333 - Set plugin images path to: D:\STM32CubeIDE_1.7.0\STM32CubeIDE\plugins\com.st.stm32cube.common.mx_6.3.0.202107141111\\db\/plugins/mcufinder/images/
2026-09-26 13:29:24,639 [WARN] DbFile:35 - Overriding database path with different value: C:\Users\Hius\.stmcufinder\plugins\mcufinder/ => C:\Users\Hius\.stmcufinder\plugins\mcufinder
2026-09-26 13:29:24,639 [INFO] DbMcusAds:119 - Set database path to: C:\Users\Hius\.stmcufinder\plugins\mcufinder//mcu/
2026-09-26 13:29:24,639 [WARN] DbFile:35 - Overriding database path with different value: C:\Users\Hius\.stmcufinder\plugins\mcufinder/ => C:\Users\Hius\.stmcufinder\plugins\mcufinder
2026-09-26 13:29:24,639 [INFO] DbMcusDocs:110 - Set database path to: C:\Users\Hius\.stmcufinder\plugins\mcufinder//mcu/
2026-09-26 13:29:24,639 [WARN] DbFile:35 - Overriding database path with different value: C:\Users\Hius\.stmcufinder\plugins\mcufinder/ => C:\Users\Hius\.stmcufinder\plugins\mcufinder
2026-09-26 13:29:24,639 [INFO] DbMcusJson:64 - Set database path to: C:\Users\Hius\.stmcufinder\plugins\mcufinder//mcu/
2026-09-26 13:29:24,639 [WARN] DbFile:35 - Overriding database path with different value: C:\Users\Hius\.stmcufinder\plugins\mcufinder/ => C:\Users\Hius\.stmcufinder\plugins\mcufinder
2026-09-26 13:29:24,639 [INFO] DbBoardsDocs:110 - Set database path to: C:\Users\Hius\.stmcufinder\plugins\mcufinder//mcu/
2026-09-26 13:29:24,639 [WARN] DbFile:35 - Overriding database path with different value: C:\Users\Hius\.stmcufinder\plugins\mcufinder/ => C:\Users\Hius\.stmcufinder\plugins\mcufinder
2026-09-26 13:29:24,639 [INFO] DbBoardsJson:57 - Set database path to: C:\Users\Hius\.stmcufinder\plugins\mcufinder//mcu/
2026-09-26 13:29:24,639 [WARN] DbFile:35 - Overriding database path with different value: C:\Users\Hius\.stmcufinder\plugins\mcufinder/ => C:\Users\Hius\.stmcufinder\plugins\mcufinder
2026-09-26 13:29:24,639 [WARN] DbFile:35 - Overriding database path with different value: C:\Users\Hius\.stmcufinder\plugins\mcufinder/ => C:\Users\Hius\.stmcufinder\plugins\mcufinder
2026-09-26 13:29:24,639 [INFO] CrossReferenceDbSqlite:196 - Set database path to: C:\Users\Hius\.stmcufinder\plugins\mcufinder//mcu/cs/
2026-09-26 13:29:24,639 [WARN] DbFile:35 - Overriding database path with different value: C:\Users\Hius\.stmcufinder\plugins\mcufinder/ => C:\Users\Hius\.stmcufinder\plugins\mcufinder
2026-09-26 13:29:24,639 [INFO] DbExamplesSqlite:767 - Set database path to: C:\Users\Hius\.stmcufinder\plugins\mcufinder//mcu/
2026-09-26 13:29:24,659 [INFO] ApplicationProperties:181 - Using Application install path: D:\STM32CubeIDE_1.7.0\STM32CubeIDE\plugins\com.st.stm32cube.common.mx_6.3.0.202107141111
2026-09-26 13:29:24,659 [INFO] PluginManage:188 - Search for loadable plugins [exclusion list=, ]
2026-09-26 13:29:24,659 [INFO] PluginManage:302 - Check plugin analytics
2026-09-26 13:29:24,809 [INFO] AnalyticsPlugin:257 - Accepted Software Licenses: 
2026-09-26 13:29:24,811 [INFO] AnalyticsPlugin:259 - Accepted CMSIS Pack Licenses: 
2026-09-26 13:29:24,811 [INFO] AnalyticsPlugin:261 - Accepted Firmware Licenses: 
2026-09-26 13:29:24,811 [INFO] PluginManage:352 - Loaded plugin analytics (category:tool,tabindex:-1)
2026-09-26 13:29:24,811 [INFO] PluginManage:302 - Check plugin clock
2026-09-26 13:29:24,817 [INFO] PluginManage:352 - Loaded plugin clock (category:base,tabindex:2)
2026-09-26 13:29:24,817 [INFO] PluginManage:302 - Check plugin ddr
2026-09-26 13:29:24,817 [INFO] PluginManage:352 - Loaded plugin ddr (category:tool,tabindex:6)
2026-09-26 13:29:24,817 [INFO] PluginManage:302 - Check plugin filemanager
2026-09-26 13:29:24,951 [INFO] PluginManage:352 - Loaded plugin filemanager (category:base,tabindex:10)
2026-09-26 13:29:24,951 [INFO] PluginManage:302 - Check plugin ipmanager
2026-09-26 13:29:24,962 [INFO] PluginManage:352 - Loaded plugin ipmanager (category:base,tabindex:5)
2026-09-26 13:29:24,962 [INFO] PluginManage:302 - Check plugin pinoutandconfiguration
2026-09-26 13:29:24,972 [INFO] PluginManage:352 - Loaded plugin pinoutandconfiguration (category:base,tabindex:1)
2026-09-26 13:29:24,972 [INFO] PluginManage:302 - Check plugin pinoutconfig
2026-09-26 13:29:24,992 [INFO] PluginManage:352 - Loaded plugin pinoutconfig (category:base,tabindex:0)
2026-09-26 13:29:24,992 [INFO] PluginManage:302 - Check plugin power
2026-09-26 13:29:25,008 [INFO] PluginManage:352 - Loaded plugin power (category:power,tabindex:4)
2026-09-26 13:29:25,008 [INFO] PluginManage:302 - Check plugin projectmanager
2026-09-26 13:29:25,029 [INFO] PluginManage:352 - Loaded plugin projectmanager (category:projectmanager,tabindex:3)
2026-09-26 13:29:25,029 [INFO] PluginManage:302 - Check plugin thirdparty
2026-09-26 13:29:25,140 [INFO] PluginManage:352 - Loaded plugin thirdparty (category:base,tabindex:-1)
2026-09-26 13:29:25,140 [INFO] PluginManage:302 - Check plugin tools
2026-09-26 13:29:25,140 [WARN] IntegrityCheckThread:78 - waiting for thirdparty lock release [integrity check]
2026-09-26 13:29:25,140 [INFO] IntegrityCheckThread:80 - entering critical section [integrity check]
2026-09-26 13:29:25,140 [INFO] ThirdPartyUpdaterWithRetryManager:66 - Updater plugin not ready yet. [1/15]
2026-09-26 13:29:25,144 [INFO] PluginManage:352 - Loaded plugin tools (category:base,tabindex:7)
2026-09-26 13:29:25,144 [INFO] PluginManage:302 - Check plugin tutovideos
2026-09-26 13:29:25,361 [INFO] PluginManage:352 - Loaded plugin tutovideos (category:base,tabindex:-1)
2026-09-26 13:29:25,361 [INFO] PluginManage:302 - Check plugin updater
2026-09-26 13:29:25,373 [INFO] PluginManage:352 - Loaded plugin updater (category:base,tabindex:12)
2026-09-26 13:29:25,373 [INFO] PluginManage:275 - PluginManage : Loaded plugins [13]
2026-09-26 13:29:25,565 [INFO] PinOutPanel:1463 - setPackage(No Configuration,No Configuration)
2026-09-26 13:29:25,665 [INFO] IPUIPlugin:74 - create IPUIPlugin
2026-09-26 13:29:25,665 [INFO] PluginManager:213 - loadIPPluginJar : add adc
2026-09-26 13:29:25,665 [INFO] IPUIPlugin:74 - create IPUIPlugin
2026-09-26 13:29:25,665 [INFO] PluginManager:213 - loadIPPluginJar : add aes
2026-09-26 13:29:25,675 [INFO] IPUIPlugin:74 - create IPUIPlugin
2026-09-26 13:29:25,675 [INFO] PluginManager:213 - loadIPPluginJar : add can
2026-09-26 13:29:25,675 [INFO] IPUIPlugin:74 - create IPUIPlugin
2026-09-26 13:29:25,675 [INFO] PluginManager:213 - loadIPPluginJar : add comp
2026-09-26 13:29:25,678 [INFO] IPUIPlugin:74 - create IPUIPlugin
2026-09-26 13:29:25,680 [INFO] PluginManager:213 - loadIPPluginJar : add cryp
2026-09-26 13:29:25,682 [INFO] IPUIPlugin:74 - create IPUIPlugin
2026-09-26 13:29:25,682 [INFO] PluginManager:213 - loadIPPluginJar : add dfsdm
2026-09-26 13:29:25,686 [INFO] IPUIPlugin:74 - create IPUIPlugin
2026-09-26 13:29:25,688 [INFO] PluginManager:213 - loadIPPluginJar : add dma
2026-09-26 13:29:25,690 [INFO] IPUIPlugin:74 - create IPUIPlugin
2026-09-26 13:29:25,690 [INFO] PluginManager:213 - loadIPPluginJar : add dma3
2026-09-26 13:29:25,692 [INFO] IPUIPlugin:74 - create IPUIPlugin
2026-09-26 13:29:25,692 [INFO] PluginManager:213 - loadIPPluginJar : add fatfs
2026-09-26 13:29:25,696 [INFO] IPUIPlugin:74 - create IPUIPlugin
2026-09-26 13:29:25,696 [INFO] PluginManager:213 - loadIPPluginJar : add fmc
2026-09-26 13:29:25,702 [INFO] IPUIPlugin:74 - create IPUIPlugin
2026-09-26 13:29:25,702 [INFO] PluginManager:213 - loadIPPluginJar : add freertos
2026-09-26 13:29:25,706 [INFO] IPUIPlugin:74 - create IPUIPlugin
2026-09-26 13:29:25,706 [INFO] PluginManager:213 - loadIPPluginJar : add genericplugin
2026-09-26 13:29:25,706 [INFO] IPUIPlugin:74 - create IPUIPlugin
2026-09-26 13:29:25,706 [INFO] PluginManager:213 - loadIPPluginJar : add gfxmmu
2026-09-26 13:29:25,706 [INFO] IPUIPlugin:74 - create IPUIPlugin
2026-09-26 13:29:25,706 [INFO] PluginManager:213 - loadIPPluginJar : add gic
2026-09-26 13:29:25,706 [INFO] IPUIPlugin:74 - create IPUIPlugin
2026-09-26 13:29:25,706 [INFO] PluginManager:213 - loadIPPluginJar : add gpio
2026-09-26 13:29:25,706 [INFO] IPUIPlugin:74 - create IPUIPlugin
2026-09-26 13:29:25,706 [INFO] PluginManager:213 - loadIPPluginJar : add gtzc
2026-09-26 13:29:25,722 [INFO] IPUIPlugin:74 - create IPUIPlugin
2026-09-26 13:29:25,722 [INFO] PluginManager:213 - loadIPPluginJar : add hash
2026-09-26 13:29:25,722 [INFO] IPUIPlugin:74 - create IPUIPlugin
2026-09-26 13:29:25,722 [INFO] PluginManager:213 - loadIPPluginJar : add i2c
2026-09-26 13:29:25,722 [INFO] IPUIPlugin:74 - create IPUIPlugin
2026-09-26 13:29:25,722 [INFO] PluginManager:213 - loadIPPluginJar : add i2s
2026-09-26 13:29:25,722 [INFO] IPUIPlugin:74 - create IPUIPlugin
2026-09-26 13:29:25,722 [INFO] PluginManager:213 - loadIPPluginJar : add ipddr
2026-09-26 13:29:25,738 [INFO] IPUIPlugin:74 - create IPUIPlugin
2026-09-26 13:29:25,738 [INFO] PluginManager:213 - loadIPPluginJar : add linkedlist
2026-09-26 13:29:25,741 [INFO] IPUIPlugin:74 - create IPUIPlugin
2026-09-26 13:29:25,741 [INFO] PluginManager:213 - loadIPPluginJar : add lorawan
2026-09-26 13:29:25,741 [INFO] IPUIPlugin:74 - create IPUIPlugin
2026-09-26 13:29:25,743 [INFO] PluginManager:213 - loadIPPluginJar : add ltdc
2026-09-26 13:29:25,745 [INFO] IPUIPlugin:74 - create IPUIPlugin
2026-09-26 13:29:25,745 [INFO] PluginManager:213 - loadIPPluginJar : add mdma
2026-09-26 13:29:25,749 [INFO] IPUIPlugin:74 - create IPUIPlugin
2026-09-26 13:29:25,749 [INFO] PluginManager:213 - loadIPPluginJar : add nvic
2026-09-26 13:29:25,751 [INFO] IPUIPlugin:74 - create IPUIPlugin
2026-09-26 13:29:25,751 [INFO] PluginManager:213 - loadIPPluginJar : add opamp
2026-09-26 13:29:25,753 [INFO] IPUIPlugin:74 - create IPUIPlugin
2026-09-26 13:29:25,753 [INFO] PluginManager:213 - loadIPPluginJar : add openamp
2026-09-26 13:29:25,753 [INFO] IPUIPlugin:74 - create IPUIPlugin
2026-09-26 13:29:25,753 [INFO] PluginManager:213 - loadIPPluginJar : add pdm2pcm
2026-09-26 13:29:25,763 [INFO] IPUIPlugin:74 - create IPUIPlugin
2026-09-26 13:29:25,763 [INFO] PluginManager:213 - loadIPPluginJar : add plateformsettings
2026-09-26 13:29:25,769 [INFO] IPUIPlugin:74 - create IPUIPlugin
2026-09-26 13:29:25,769 [INFO] PluginManager:213 - loadIPPluginJar : add quadspi
2026-09-26 13:29:25,769 [INFO] IPUIPlugin:74 - create IPUIPlugin
2026-09-26 13:29:25,769 [INFO] PluginManager:213 - loadIPPluginJar : add resmgrutility
2026-09-26 13:29:25,769 [INFO] IPUIPlugin:74 - create IPUIPlugin
2026-09-26 13:29:25,769 [INFO] PluginManager:213 - loadIPPluginJar : add sai
2026-09-26 13:29:25,769 [INFO] IPUIPlugin:74 - create IPUIPlugin
2026-09-26 13:29:25,769 [INFO] PluginManager:213 - loadIPPluginJar : add spi
2026-09-26 13:29:25,769 [INFO] IPUIPlugin:74 - create IPUIPlugin
2026-09-26 13:29:25,769 [INFO] PluginManager:213 - loadIPPluginJar : add stm32_wpan
2026-09-26 13:29:25,769 [INFO] IPUIPlugin:74 - create IPUIPlugin
2026-09-26 13:29:25,769 [INFO] PluginManager:213 - loadIPPluginJar : add tim
2026-09-26 13:29:25,785 [INFO] IPUIPlugin:74 - create IPUIPlugin
2026-09-26 13:29:25,785 [INFO] PluginManager:213 - loadIPPluginJar : add touchsensing
2026-09-26 13:29:25,785 [INFO] IPUIPlugin:74 - create IPUIPlugin
2026-09-26 13:29:25,785 [INFO] PluginManager:213 - loadIPPluginJar : add tracer_emb
2026-09-26 13:29:25,785 [INFO] IPUIPlugin:74 - create IPUIPlugin
2026-09-26 13:29:25,785 [INFO] PluginManager:213 - loadIPPluginJar : add ts
2026-09-26 13:29:25,785 [INFO] IPUIPlugin:74 - create IPUIPlugin
2026-09-26 13:29:25,785 [INFO] PluginManager:213 - loadIPPluginJar : add tsc
2026-09-26 13:29:25,785 [INFO] IPUIPlugin:74 - create IPUIPlugin
2026-09-26 13:29:25,785 [INFO] PluginManager:213 - loadIPPluginJar : add ucpd
2026-09-26 13:29:25,785 [INFO] IPUIPlugin:74 - create IPUIPlugin
2026-09-26 13:29:25,785 [INFO] PluginManager:213 - loadIPPluginJar : add usart
2026-09-26 13:29:25,785 [INFO] IPUIPlugin:74 - create IPUIPlugin
2026-09-26 13:29:25,785 [INFO] PluginManager:213 - loadIPPluginJar : add usbx
2026-09-26 13:29:26,138 [FATAL] Updater:294 - Updater called before beeing initialized
2026-09-26 13:29:26,320 [FATAL] Updater:294 - Updater called before beeing initialized
2026-09-26 13:29:26,326 [INFO] DbMcusAds:47 - JSON generation date=Tue Sep 22 19:25:16 ICT 2026 (1790079916640)
2026-09-26 13:29:26,326 [FATAL] Updater:294 - Updater called before beeing initialized
2026-09-26 13:29:26,360 [WARN] DetailPanel:314 - Failed to get advertising image, set to default
2026-09-26 13:29:26,487 [FATAL] Updater:294 - Updater called before beeing initialized
2026-09-26 13:29:26,489 [FATAL] Updater:294 - Updater called before beeing initialized
2026-09-26 13:29:26,490 [FATAL] Updater:294 - Updater called before beeing initialized
2026-09-26 13:29:26,490 [WARN] DetailPanel:314 - Failed to get advertising image, set to default
2026-09-26 13:29:26,492 [FATAL] Updater:294 - Updater called before beeing initialized
2026-09-26 13:29:26,549 [ERROR] Updater:1075 - MainUpdater not yet initialized. External WinMGr cannot be set.
2026-09-26 13:29:26,549 [INFO] Updater:1012 - Updater Version found : 6.3.0
2026-09-26 13:29:26,584 [INFO] ApplicationProperties:181 - Using Application install path: D:\STM32CubeIDE_1.7.0\STM32CubeIDE\plugins\com.st.stm32cube.common.mx_6.3.0.202107141111
2026-09-26 13:29:27,140 [INFO] MainUpdater:2671 - connection check result : 10
2026-09-26 13:29:27,143 [INFO] MainUpdater:265 - Updater Check For Update Now.
2026-09-26 13:29:27,143 [INFO] MicroXplorer:478 - Change Database Version : DB.6.0.30
2026-09-26 13:29:27,335 [INFO] CheckServerUpdateThread:112 - End of CheckServer Thread
2026-09-26 13:29:27,368 [INFO] MainUpdater:2671 - connection check result : 10
2026-09-26 13:29:27,368 [INFO] MainUpdater:2671 - connection check result : 10
2026-09-26 13:29:27,505 [INFO] MicroXplorer:448 - Change Database Path : 
2026-09-26 13:29:27,507 [INFO] MicroXplorer:478 - Change Database Version : DB.6.0.30
2026-09-26 13:29:27,507 [WARN] ThirdParty:813 - waiting for thirdparty lock release [close project]
2026-09-26 13:29:28,453 [WARN] PackLoader:238 - Cannot read IP mode file for STMicroelectronics.X-CUBE-AZRTOS-H7.3.5.0
2026-09-26 13:29:28,475 [WARN] PackLoader:238 - Cannot read IP mode file for STMicroelectronics.FP-ATR-ASTRA1.2.0.3
2026-09-26 13:29:28,475 [ERROR] Engine:463 - C:\Users\Hius\.stm32cubemx\thirdparties\pdsc\STMicroelectronics.X-CUBE-SMBUS.2.1.1.pdsc: PDSC version is not supported
2026-09-26 13:29:28,523 [WARN] PackLoader:238 - Cannot read IP mode file for STMicroelectronics.X-CUBE-AZRTOS-F7.1.1.0
2026-09-26 13:29:28,539 [ERROR] Engine:463 - C:\Users\Hius\.stm32cubemx\thirdparties\pdsc\STMicroelectronics.X-CUBE-FREERTOS.1.6.0.pdsc: PDSC version is not supported
2026-09-26 13:29:28,539 [ERROR] Engine:463 - C:\Users\Hius\.stm32cubemx\thirdparties\pdsc\STMicroelectronics.FP-SNS-MOTENV1.5.1.0.pdsc: PDSC version is not supported
2026-09-26 13:29:28,571 [WARN] PackLoader:238 - Cannot read IP mode file for STMicroelectronics.X-CUBE-AZRTOS-H7RS.1.3.0
2026-09-26 13:29:28,581 [ERROR] Engine:463 - C:\Users\Hius\.stm32cubemx\thirdparties\pdsc\WES.I-CUBE-Cesium.1.4.0.pdsc: PDSC version is not supported
2026-09-26 13:29:28,587 [ERROR] Engine:463 - C:\Users\Hius\.stm32cubemx\thirdparties\pdsc\STMicroelectronics.X-CUBE-DISPLAY.3.0.0.pdsc: PDSC version is not supported
2026-09-26 13:29:28,590 [WARN] PackLoader:238 - Cannot read IP mode file for STMicroelectronics.X-CUBE-GNSS1.7.1.1
2026-09-26 13:29:28,602 [ERROR] Engine:463 - C:\Users\Hius\.stm32cubemx\thirdparties\pdsc\STMicroelectronics.FP-SNS-MOTENVWB1.1.5.0.pdsc: PDSC version is not supported
2026-09-26 13:29:28,602 [WARN] PackLoader:238 - Cannot read IP mode file for STMicroelectronics.X-CUBE-NFC10.1.0.0
2026-09-26 13:29:28,618 [ERROR] Engine:463 - C:\Users\Hius\.stm32cubemx\thirdparties\pdsc\STMicroelectronics.X-CUBE-ST60.1.1.0.pdsc: PDSC version is not supported
2026-09-26 13:29:28,618 [ERROR] Engine:463 - C:\Users\Hius\.stm32cubemx\thirdparties\pdsc\emotas.I-CUBE-CANOPEN.1.3.0.pdsc: PDSC version is not supported
2026-09-26 13:29:28,618 [WARN] PackLoader:238 - Cannot read IP mode file for wolfSSL.I-CUBE-wolfSSL.5.9.2
2026-09-26 13:29:28,618 [ERROR] Engine:463 - C:\Users\Hius\.stm32cubemx\thirdparties\pdsc\STMicroelectronics.X-CUBE-WBA.1.1.0.pdsc: PDSC version is not supported
2026-09-26 13:29:28,634 [ERROR] Engine:463 - C:\Users\Hius\.stm32cubemx\thirdparties\pdsc\STMicroelectronics.FP-SNS-STBOX1.2.1.0.pdsc: PDSC version is not supported
2026-09-26 13:29:28,636 [ERROR] Engine:463 - C:\Users\Hius\.stm32cubemx\thirdparties\pdsc\STMicroelectronics.FP-SNS-SMARTAG2.1.2.0.pdsc: PDSC version is not supported
2026-09-26 13:29:28,636 [ERROR] Engine:463 - C:\Users\Hius\.stm32cubemx\thirdparties\pdsc\STMicroelectronics.FP-SNS-FLIGHT1.5.1.0.pdsc: PDSC version is not supported
2026-09-26 13:29:28,655 [INFO] LogOutputStream:76 - [STDOUT_REDIRECT] 1 : Invalid condition id : UX_CORESTACK_Condition cause : null
2026-09-26 13:29:28,655 [INFO] LogOutputStream:76 - [STDOUT_REDIRECT] 1 : Invalid condition id : UX_CORESTACK_Condition cause : null
2026-09-26 13:29:28,655 [INFO] LogOutputStream:76 - [STDOUT_REDIRECT] 1 : Invalid condition id : UX_CORESTACK_Condition cause : null
2026-09-26 13:29:28,655 [INFO] LogOutputStream:76 - [STDOUT_REDIRECT] 1 : Invalid condition id : UX_CORESTACK_Condition cause : null
2026-09-26 13:29:28,655 [INFO] LogOutputStream:76 - [STDOUT_REDIRECT] 1 : Invalid condition id : UX_CORESTACK_Condition cause : null
2026-09-26 13:29:28,655 [WARN] PackLoader:238 - Cannot read IP mode file for STMicroelectronics.X-CUBE-AZRTOS-WL.2.0.0
2026-09-26 13:29:28,672 [WARN] PackLoader:238 - Cannot read IP mode file for STMicroelectronics.X-CUBE-BLE2.3.3.0
2026-09-26 13:29:28,672 [ERROR] Engine:463 - C:\Users\Hius\.stm32cubemx\thirdparties\pdsc\Avnet-IOTCONNECT.X-CUBE-iotc-st67-sdk.1.0.0.pdsc: PDSC version is not supported
2026-09-26 13:29:28,681 [ERROR] Engine:463 - C:\Users\Hius\.stm32cubemx\thirdparties\pdsc\Infineon.AIROC-Wi-Fi-Bluetooth-STM32.1.8.0.pdsc: PDSC version is not supported
2026-09-26 13:29:28,688 [WARN] PackLoader:238 - Cannot read IP mode file for STMicroelectronics.X-CUBE-NFC9.1.0.0
2026-09-26 13:29:28,696 [WARN] PackLoader:238 - Cannot read IP mode file for STMicroelectronics.X-CUBE-BLE1.7.1.0
2026-09-26 13:29:28,697 [WARN] PackLoader:238 - Cannot read IP mode file for wolfSSL.I-CUBE-wolfMQTT.1.19.2
2026-09-26 13:29:28,705 [WARN] PackLoader:238 - Cannot read IP mode file for STMicroelectronics.X-CUBE-EEPRMA1.5.2.0
2026-09-26 13:29:28,713 [WARN] PackLoader:238 - Cannot read IP mode file for STMicroelectronics.X-CUBE-AZRTOS-G0.1.1.0
2026-09-26 13:29:28,729 [WARN] PackLoader:238 - Cannot read IP mode file for STMicroelectronics.X-CUBE-NFC4.3.0.0
2026-09-26 13:29:28,739 [ERROR] Engine:463 - C:\Users\Hius\.stm32cubemx\thirdparties\pdsc\EmbeddedOffice.I-CUBE-FS-RTOS.1.0.1.pdsc: PDSC version is not supported
2026-09-26 13:29:28,745 [WARN] PackLoader:238 - Cannot read IP mode file for wolfSSL.I-CUBE-wolfTPM.3.8.0
2026-09-26 13:29:28,745 [ERROR] Engine:463 - C:\Users\Hius\.stm32cubemx\thirdparties\pdsc\STMicroelectronics.X-CUBE-TCPP.4.2.0.pdsc: PDSC version is not supported
2026-09-26 13:29:28,745 [ERROR] Engine:463 - C:\Users\Hius\.stm32cubemx\thirdparties\pdsc\RealThread.X-CUBE-RT-Thread_Nano.4.1.1.pdsc: PDSC version is not supported
2026-09-26 13:29:28,745 [WARN] PackLoader:238 - Cannot read IP mode file for STMicroelectronics.FP-ATR-SIGFOX1.3.2.0
2026-09-26 13:29:28,755 [ERROR] Engine:463 - C:\Users\Hius\.stm32cubemx\thirdparties\pdsc\ITTIA_DB.I-CUBE-ITTIADB.8.9.0.pdsc: PDSC version is not supported
2026-09-26 13:29:28,755 [ERROR] Engine:463 - C:\Users\Hius\.stm32cubemx\thirdparties\pdsc\Cesanta.I-CUBE-Mongoose.7.21.7.pdsc: PDSC version is not supported
2026-09-26 13:29:28,763 [WARN] PackLoader:238 - Cannot read IP mode file for STMicroelectronics.X-CUBE-NFC6.3.2.0
2026-09-26 13:29:28,763 [WARN] PackLoader:238 - Cannot read IP mode file for STMicroelectronics.X-CUBE-AI.10.2.1
2026-09-26 13:29:28,801 [WARN] PackLoader:238 - Cannot read IP mode file for SEGGER.I-CUBE-embOS.1.3.1
2026-09-26 13:29:28,844 [ERROR] Engine:463 - C:\Users\Hius\.stm32cubemx\thirdparties\pdsc\STMicroelectronics.FP-SNS-STAIOTCFT.2.0.0.pdsc: PDSC version is not supported
2026-09-26 13:29:28,844 [WARN] PackLoader:238 - Cannot read IP mode file for STMicroelectronics.X-CUBE-NFC13.1.0.0
2026-09-26 13:29:28,844 [WARN] PackLoader:238 - Cannot read IP mode file for STMicroelectronics.X-CUBE-PM33A1.1.0.0
2026-09-26 13:29:28,888 [WARN] PackLoader:238 - Cannot read IP mode file for STMicroelectronics.X-CUBE-AZRTOS-F4.1.1.0
2026-09-26 13:29:28,904 [WARN] PackLoader:238 - Cannot read IP mode file for STMicroelectronics.X-CUBE-ISPU.2.1.0
2026-09-26 13:29:28,904 [ERROR] Engine:463 - C:\Users\Hius\.stm32cubemx\thirdparties\pdsc\STMicroelectronics.X-CUBE-IPS.3.2.0.pdsc: PDSC version is not supported
2026-09-26 13:29:28,904 [ERROR] Engine:463 - C:\Users\Hius\.stm32cubemx\thirdparties\pdsc\STMicroelectronics.eDS-WB_DPC_TT-BIDIR.2.1.1.pdsc: PDSC version is not supported
2026-09-26 13:29:28,921 [WARN] PackLoader:238 - Cannot read IP mode file for STMicroelectronics.X-CUBE-NFC12.1.0.0
2026-09-26 13:29:28,936 [WARN] PackLoader:238 - Cannot read IP mode file for STMicroelectronics.X-CUBE-AZRTOS-L5.2.0.0
2026-09-26 13:29:28,936 [WARN] PackLoader:238 - Cannot read IP mode file for STMicroelectronics.X-CUBE-ALGOBUILD.1.5.0
2026-09-26 13:29:28,936 [ERROR] Engine:463 - C:\Users\Hius\.stm32cubemx\thirdparties\pdsc\STMicroelectronics.eDS-WB_DPC_VIENNA.1.2.0.pdsc: PDSC version is not supported
2026-09-26 13:29:28,984 [WARN] PackLoader:238 - Cannot read IP mode file for STMicroelectronics.X-CUBE-MEMS1.13.0.0
2026-09-26 13:29:29,101 [ERROR] Engine:463 - C:\Users\Hius\.stm32cubemx\thirdparties\pdsc\STMicroelectronics.eDS-WB_DPC_3PH2L-BIDIR.1.1.1.pdsc: PDSC version is not supported
2026-09-26 13:29:29,101 [ERROR] Engine:463 - C:\Users\Hius\.stm32cubemx\thirdparties\pdsc\STMicroelectronics.X-CUBE-ST67W61.1.3.0.pdsc: PDSC version is not supported
2026-09-26 13:29:29,101 [WARN] PackLoader:238 - Cannot read IP mode file for STMicroelectronics.X-CUBE-TOUCHGFX.4.26.1
2026-09-26 13:29:29,112 [ERROR] Engine:463 - C:\Users\Hius\.stm32cubemx\thirdparties\pdsc\STMicroelectronics.X-CUBE-DPower.1.3.0.pdsc: PDSC version is not supported
2026-09-26 13:29:29,128 [WARN] ConditionMgr:437 - getConditionDescription Invalid condition id : LAN8742 Phy interface Condition cause : null
2026-09-26 13:29:29,128 [WARN] PackLoader:238 - Cannot read IP mode file for STMicroelectronics.X-CUBE-AZRTOS-L4.2.0.0
2026-09-26 13:29:29,128 [WARN] ConditionMgr:1038 - genDependencies : Invalid condition id : LAN8742 Phy interface Condition cause : null
2026-09-26 13:29:29,128 [WARN] ConditionMgr:1038 - genDependencies : Invalid condition id : LAN8742 Phy interface Condition cause : null
2026-09-26 13:29:29,128 [WARN] ConditionMgr:1038 - genDependencies : Invalid condition id : LAN8742 Phy interface Condition cause : null
2026-09-26 13:29:29,128 [WARN] PackLoader:238 - Cannot read IP mode file for STMicroelectronics.X-CUBE-SFXS2LP1.4.0.0
2026-09-26 13:29:29,143 [WARN] PackLoader:238 - Cannot read IP mode file for STMicroelectronics.X-CUBE-WB05N.2.1.0
2026-09-26 13:29:29,143 [WARN] ConditionMgr:437 - getConditionDescription Invalid condition id : UX DEVICE CLASS RTOS Condition cause : null
2026-09-26 13:29:29,143 [WARN] ConditionMgr:437 - getConditionDescription Invalid condition id : UX DEVICE CLASS RTOS Condition cause : null
2026-09-26 13:29:29,159 [WARN] PackLoader:238 - Cannot read IP mode file for STMicroelectronics.X-CUBE-AZRTOS-WB.2.0.0
2026-09-26 13:29:29,159 [WARN] ConditionMgr:1038 - genDependencies : Invalid condition id : UX DEVICE CLASS RTOS Condition cause : null
2026-09-26 13:29:29,159 [WARN] ConditionMgr:1038 - genDependencies : Invalid condition id : UX DEVICE CLASS RTOS Condition cause : null
2026-09-26 13:29:29,159 [WARN] ConditionMgr:1038 - genDependencies : Invalid condition id : UX DEVICE CLASS RTOS Condition cause : null
2026-09-26 13:29:29,159 [WARN] ConditionMgr:1038 - genDependencies : Invalid condition id : UX DEVICE CLASS RTOS Condition cause : null
2026-09-26 13:29:29,159 [WARN] ConditionMgr:1038 - genDependencies : Invalid condition id : UX DEVICE CLASS RTOS Condition cause : null
2026-09-26 13:29:29,159 [ERROR] Engine:463 - C:\Users\Hius\.stm32cubemx\thirdparties\pdsc\quantropi.X-CUBE-qispace-sdk-base.2.1.0.pdsc: PDSC version is not supported
2026-09-26 13:29:29,159 [WARN] PackLoader:238 - Cannot read IP mode file for STMicroelectronics.X-CUBE-STSE01.2.0.0
2026-09-26 13:29:29,177 [WARN] PackLoader:238 - Cannot read IP mode file for STMicroelectronics.X-CUBE-SUBG2.5.0.0
2026-09-26 13:29:29,191 [WARN] PackLoader:238 - Cannot read IP mode file for STMicroelectronics.X-CUBE-AZRTOS-G4.2.0.0
2026-09-26 13:29:29,225 [WARN] PackLoader:238 - Cannot read IP mode file for wolfSSL.I-CUBE-wolfSSH.1.4.20
2026-09-26 13:29:29,239 [WARN] PackLoader:238 - Cannot read IP mode file for STMicroelectronics.X-CUBE-NFC7.2.0.0
2026-09-26 13:29:29,239 [ERROR] Engine:463 - C:\Users\Hius\.stm32cubemx\thirdparties\pdsc\STMicroelectronics.X-CUBE-BLEMGR.4.2.0.pdsc: PDSC version is not supported
2026-09-26 13:29:29,239 [ERROR] Engine:463 - C:\Users\Hius\.stm32cubemx\thirdparties\pdsc\STMicroelectronics.X-CUBE-ALS.1.0.2.pdsc: PDSC version is not supported
2026-09-26 13:29:29,239 [ERROR] Engine:463 - C:\Users\Hius\.stm32cubemx\thirdparties\pdsc\STMicroelectronics.X-CUBE-TOF1.3.4.3.pdsc: PDSC version is not supported
2026-09-26 13:29:29,239 [INFO] ThirdParty:915 - Integrity check success = true
2026-09-26 13:29:29,239 [INFO] IntegrityCheckThread:94 - exiting critical section [integrity check]
2026-09-26 13:29:29,239 [INFO] IntegrityCheckThread:97 - End integrity checks thread
2026-09-26 13:29:29,239 [INFO] ThirdParty:815 - entering critical section [close project]
2026-09-26 13:29:29,239 [INFO] ThirdParty:825 - exiting critical section [close project]
2026-09-26 13:29:29,260 [INFO] PinOutPanel:1463 - setPackage(No Configuration,No Configuration)
2026-09-26 13:29:29,261 [INFO] UtilMem:74 - Begin LoadConfig() Used Memory: 202049000 Bytes (268435456)
2026-09-26 13:29:29,262 [INFO] MicroXplorer:448 - Change Database Path : 
2026-09-26 13:29:29,262 [INFO] MicroXplorer:478 - Change Database Version : DB.6.0.30
2026-09-26 13:29:29,263 [INFO] OpenFileManager:313 - Change cursor
2026-09-26 13:29:30,477 [INFO] Context:592 - Trying to add GPIOservice into a context  which must be forbidden
2026-09-26 13:29:30,764 [WARN] ApiManager:304 - Cannot register API 'Board Extension:PM33A1' from pack STMicroelectronics.X-CUBE-PM33A1.1.0.0: no header file found
2026-09-26 13:29:30,779 [WARN] ApiManager:304 - Cannot register API 'Board Extension:NFC09A1' from pack STMicroelectronics.X-CUBE-NFC9.1.0.0: no header file found
2026-09-26 13:29:30,779 [WARN] ApiManager:304 - Cannot register API 'Wireless:BlueNRG-MS' from pack STMicroelectronics.X-CUBE-BLE1.7.1.0: no header file found
2026-09-26 13:29:30,779 [WARN] ApiManager:304 - Cannot register API 'Board Extension:EEPRMA2' from pack STMicroelectronics.X-CUBE-EEPRMA1.5.2.0: no header file found
2026-09-26 13:29:30,779 [WARN] ApiManager:304 - Cannot register API 'Board Extension:PGEEZ1' from pack STMicroelectronics.X-CUBE-EEPRMA1.5.2.0: no header file found
2026-09-26 13:29:30,779 [WARN] ApiManager:304 - Cannot register API 'Board Extension:EEICA1' from pack STMicroelectronics.X-CUBE-EEPRMA1.5.2.0: no header file found
2026-09-26 13:29:30,779 [WARN] ApiManager:304 - Cannot register API 'Board Part:M24' from pack STMicroelectronics.X-CUBE-EEPRMA1.5.2.0: no header file found
2026-09-26 13:29:30,779 [WARN] ApiManager:304 - Cannot register API 'Board Part:M95' from pack STMicroelectronics.X-CUBE-EEPRMA1.5.2.0: no header file found
2026-09-26 13:29:30,779 [WARN] ApiManager:304 - Cannot register API 'Board Part:M95P32' from pack STMicroelectronics.X-CUBE-EEPRMA1.5.2.0: no header file found
2026-09-26 13:29:30,779 [WARN] ApiManager:304 - Cannot register API 'Board Part:M24256E-F' from pack STMicroelectronics.X-CUBE-EEPRMA1.5.2.0: no header file found
2026-09-26 13:29:30,779 [WARN] ApiManager:304 - Cannot register API 'Board Part:M24M01E-F' from pack STMicroelectronics.X-CUBE-EEPRMA1.5.2.0: no header file found
2026-09-26 13:29:30,779 [WARN] ApiManager:304 - Cannot register API 'PGEEZ1:SPI' from pack STMicroelectronics.X-CUBE-EEPRMA1.5.2.0: no header file found
2026-09-26 13:29:30,779 [WARN] ApiManager:304 - Cannot register API 'PGEEZ1:QDSPI' from pack STMicroelectronics.X-CUBE-EEPRMA1.5.2.0: no header file found
2026-09-26 13:29:30,779 [WARN] ApiManager:304 - Cannot register API 'Board Extension:NFC12A1' from pack STMicroelectronics.X-CUBE-NFC12.1.0.0: no header file found
2026-09-26 13:29:30,795 [WARN] ApiManager:304 - Cannot register API 'Board Extension:SAFEA1' from pack STMicroelectronics.X-CUBE-STSE01.2.0.0: no header file found
2026-09-26 13:29:30,795 [WARN] ApiManager:304 - Cannot register API 'Board Extension:ESE01A1' from pack STMicroelectronics.X-CUBE-STSE01.2.0.0: no header file found
2026-09-26 13:29:30,795 [WARN] ApiManager:304 - Cannot register API 'Board Extension:ESE02A1' from pack STMicroelectronics.X-CUBE-STSE01.2.0.0: no header file found
2026-09-26 13:29:30,795 [WARN] ApiManager:304 - Cannot register API 'Board Part:STSAFEA110' from pack STMicroelectronics.X-CUBE-STSE01.2.0.0: no header file found
2026-09-26 13:29:30,795 [WARN] ApiManager:304 - Cannot register API 'Board Part:STSAFEA120' from pack STMicroelectronics.X-CUBE-STSE01.2.0.0: no header file found
2026-09-26 13:29:30,795 [WARN] ApiManager:304 - Cannot register API 'Board Part:STSAFEL010' from pack STMicroelectronics.X-CUBE-STSE01.2.0.0: no header file found
2026-09-26 13:29:30,795 [WARN] ApiManager:304 - Cannot register API 'Security:STM32_Cryptographic' from pack STMicroelectronics.X-CUBE-STSE01.2.0.0: no header file found
2026-09-26 13:29:30,795 [WARN] ApiManager:304 - Cannot register API 'Security:STSELib' from pack STMicroelectronics.X-CUBE-STSE01.2.0.0: no header file found
2026-09-26 13:29:30,795 [INFO] RtosManager:484 - Registered RTOS mode: class=CMSIS, group=RTOS, mode=CMSIS_V1, owner=FREERTOS
2026-09-26 13:29:30,795 [INFO] RtosManager:484 - Registered RTOS mode: class=CMSIS, group=RTOS2, mode=CMSIS_V2, owner=FREERTOS
2026-09-26 13:29:30,795 [INFO] RtosManager:484 - Registered RTOS mode: class=RTOS, group=Core, mode=CMSIS_V1, owner=FREERTOS
2026-09-26 13:29:30,795 [INFO] RtosManager:484 - Registered RTOS mode: class=RTOS, group=Core, mode=CMSIS_V2, owner=FREERTOS
2026-09-26 13:29:30,795 [WARN] ModelIntegratedComponent:181 - Missing modes for component STMicroelectronics:FreeRTOS:0.0.1:STMicroelectronics:RTOS:FreeRTOS:Core:::10.2.0:
2026-09-26 13:29:30,795 [WARN] ApiManager:304 - Cannot register API 'Board Extension:NFC04A1' from pack STMicroelectronics.X-CUBE-NFC4.3.0.0: no header file found
2026-09-26 13:29:30,795 [WARN] ApiManager:304 - Cannot register API 'Board Extension:S2868A1' from pack STMicroelectronics.X-CUBE-SUBG2.5.0.0: no header file found
2026-09-26 13:29:30,795 [WARN] ApiManager:304 - Cannot register API 'Board Extension:S2868A2' from pack STMicroelectronics.X-CUBE-SUBG2.5.0.0: no header file found
2026-09-26 13:29:30,795 [WARN] ApiManager:304 - Cannot register API 'Board Extension:S2915A1' from pack STMicroelectronics.X-CUBE-SUBG2.5.0.0: no header file found
2026-09-26 13:29:30,937 [WARN] ApiManager:304 - Cannot register API 'Board Extension:IKS02A1' from pack STMicroelectronics.X-CUBE-MEMS1.13.0.0: no header file found
2026-09-26 13:29:30,937 [WARN] ApiManager:304 - Cannot register API 'Board Extension:IKS4A1' from pack STMicroelectronics.X-CUBE-MEMS1.13.0.0: no header file found
2026-09-26 13:29:30,937 [WARN] ApiManager:304 - Cannot register API 'Board Extension:IKS5A1' from pack STMicroelectronics.X-CUBE-MEMS1.13.0.0: no header file found
2026-09-26 13:29:30,949 [WARN] ApiManager:304 - Cannot register API 'Board Extension:NFC07A1' from pack STMicroelectronics.X-CUBE-NFC7.2.0.0: no header file found
2026-09-26 13:29:30,949 [WARN] ApiManager:304 - Cannot register API 'Board Extension:GNSS1A1' from pack STMicroelectronics.X-CUBE-GNSS1.7.1.1: no header file found
2026-09-26 13:29:30,949 [WARN] ApiManager:304 - Cannot register API 'Board Support:Custom' from pack STMicroelectronics.X-CUBE-GNSS1.7.1.1: no header file found
2026-09-26 13:29:30,949 [WARN] ApiManager:304 - Cannot register API 'Data Exchange:lib_gnss' from pack STMicroelectronics.X-CUBE-GNSS1.7.1.1: no header file found
2026-09-26 13:29:30,949 [WARN] ApiManager:304 - Cannot register API 'Board Extension:NFC10A1' from pack STMicroelectronics.X-CUBE-NFC10.1.0.0: no header file found
2026-09-26 13:29:30,949 [WARN] ModelIntegratedComponent:60 - No mode defined for component null
2026-09-26 13:29:30,949 [WARN] ModelIntegratedComponent:60 - No mode defined for component null
2026-09-26 13:29:30,949 [WARN] ModelIntegratedComponent:60 - No mode defined for component null
2026-09-26 13:29:30,949 [WARN] ModelIntegratedComponent:60 - No mode defined for component null
2026-09-26 13:29:30,949 [WARN] ModelIntegratedComponent:60 - No mode defined for component null
2026-09-26 13:29:30,949 [WARN] ModelIntegratedComponent:60 - No mode defined for component null
2026-09-26 13:29:30,949 [WARN] ModelIntegratedComponent:60 - No mode defined for component null
2026-09-26 13:29:30,949 [WARN] ModelIntegratedComponent:60 - No mode defined for component null
2026-09-26 13:29:30,949 [WARN] ModelIntegratedComponent:60 - No mode defined for component null
2026-09-26 13:29:30,949 [WARN] ModelIntegratedComponent:60 - No mode defined for component null
2026-09-26 13:29:30,949 [WARN] ModelIntegratedComponent:60 - No mode defined for component null
2026-09-26 13:29:30,949 [WARN] ModelIntegratedComponent:60 - No mode defined for component null
2026-09-26 13:29:30,953 [WARN] ModelIntegratedComponent:60 - No mode defined for component null
2026-09-26 13:29:30,953 [WARN] ModelIntegratedComponent:60 - No mode defined for component null
2026-09-26 13:29:30,953 [WARN] ModelIntegratedComponent:60 - No mode defined for component null
2026-09-26 13:29:30,953 [WARN] ModelIntegratedComponent:60 - No mode defined for component null
2026-09-26 13:29:30,953 [WARN] ModelIntegratedComponent:60 - No mode defined for component null
2026-09-26 13:29:30,953 [WARN] ModelIntegratedComponent:60 - No mode defined for component null
2026-09-26 13:29:30,953 [WARN] ModelIntegratedComponent:60 - No mode defined for component null
2026-09-26 13:29:30,953 [WARN] ModelIntegratedComponent:60 - No mode defined for component null
2026-09-26 13:29:30,953 [WARN] ModelIntegratedComponent:60 - No mode defined for component null
2026-09-26 13:29:30,953 [WARN] ModelIntegratedComponent:60 - No mode defined for component null
2026-09-26 13:29:30,953 [WARN] ModelIntegratedComponent:60 - No mode defined for component null
2026-09-26 13:29:30,953 [WARN] ModelIntegratedComponent:60 - No mode defined for component null
2026-09-26 13:29:30,953 [WARN] ModelIntegratedComponent:60 - No mode defined for component null
2026-09-26 13:29:30,953 [WARN] ModelIntegratedComponent:60 - No mode defined for component null
2026-09-26 13:29:30,953 [WARN] ModelIntegratedComponent:60 - No mode defined for component null
2026-09-26 13:29:30,953 [WARN] ModelIntegratedComponent:60 - No mode defined for component null
2026-09-26 13:29:30,953 [WARN] ModelIntegratedComponent:60 - No mode defined for component null
2026-09-26 13:29:30,953 [WARN] ModelIntegratedComponent:60 - No mode defined for component null
2026-09-26 13:29:30,953 [WARN] ModelIntegratedComponent:60 - No mode defined for component null
2026-09-26 13:29:30,953 [WARN] ApiManager:304 - Cannot register API 'Board Extension:NFC06A1' from pack STMicroelectronics.X-CUBE-NFC6.3.2.0: no header file found
2026-09-26 13:29:30,953 [WARN] ApiManager:304 - Cannot register API 'Board Extension:NFC08A1' from pack STMicroelectronics.X-CUBE-NFC6.3.2.0: no header file found
2026-09-26 13:29:30,953 [WARN] ApiManager:304 - Cannot register API 'Board Extension:S2868A1' from pack STMicroelectronics.X-CUBE-SFXS2LP1.4.0.0: no header file found
2026-09-26 13:29:30,953 [WARN] ApiManager:304 - Cannot register API 'Board Extension:S2868A2' from pack STMicroelectronics.X-CUBE-SFXS2LP1.4.0.0: no header file found
2026-09-26 13:29:30,953 [WARN] ApiManager:304 - Cannot register API 'Board Extension:S2915A1' from pack STMicroelectronics.X-CUBE-SFXS2LP1.4.0.0: no header file found
2026-09-26 13:29:30,953 [WARN] ApiManager:304 - Cannot register API 'Wireless:BlueNRG-2' from pack STMicroelectronics.X-CUBE-BLE2.3.3.0: no header file found
2026-09-26 13:29:30,953 [WARN] ApiManager:304 - Cannot register API 'Board Extension:NFC13A1' from pack STMicroelectronics.X-CUBE-NFC13.1.0.0: no header file found
2026-09-26 13:29:30,953 [WARN] ApiManager:304 - Cannot register API 'Wireless:STM32WB05N' from pack STMicroelectronics.X-CUBE-WB05N.2.1.0: no header file found
2026-09-26 13:29:32,495 [INFO] UtilMem:74 - End LoadConfig() Used Memory: 215596160 Bytes (268435456)
2026-09-26 13:29:32,495 [INFO] DbMcusXml:100 - Load MCU database from D:\STM32CubeIDE_1.7.0\STM32CubeIDE\plugins\com.st.stm32cube.common.mx_6.3.0.202107141111\\db\/mcu/families.xml
2026-09-26 13:29:33,145 [INFO] DbMcusJson:93 - JSON generation date=Mon Jun 07 15:53:21 ICT 2021 (1623056001)
2026-09-26 13:29:33,683 [INFO] DbMcus:175 - Found 1951 MCUs (1903 are supported by CubeMX, 1903 are visible in CubeMX)
2026-09-26 13:29:33,683 [INFO] ApiDb:251 - Load user favorites file C:\Users\Hius/.stm32cubeide/favorites.mcus.txt: 0 item(s)
2026-09-26 13:29:33,683 [INFO] ApiDb:255 - User favorites MCUs=[]
2026-09-26 13:29:33,683 [INFO] DbMcus:187 - Set 0 / 0 favorites MCUs
2026-09-26 13:29:33,728 [WARN] ThirdParty:779 - waiting for thirdparty lock release [change project]
2026-09-26 13:29:33,728 [INFO] ThirdParty:781 - entering critical section [change project]
2026-09-26 13:29:33,728 [INFO] ThirdParty:967 - CMSIS Pack Vendor :STMicroelectronics X-CUBE-AZRTOS-H7 3.5.0
2026-09-26 13:29:33,728 [INFO] ThirdParty:967 - CMSIS Pack Vendor :STMicroelectronics X-CUBE-PM33A1 1.0.0
2026-09-26 13:29:33,728 [INFO] ThirdParty:967 - CMSIS Pack Vendor :STMicroelectronics X-CUBE-NFC9 1.0.0
2026-09-26 13:29:33,728 [INFO] ThirdParty:967 - CMSIS Pack Vendor :STMicroelectronics USB_HOST 2.0.0
2026-09-26 13:29:33,728 [INFO] ThirdParty:967 - CMSIS Pack Vendor :STMicroelectronics FP-ATR-ASTRA1 2.0.3
2026-09-26 13:29:33,730 [INFO] ThirdParty:967 - CMSIS Pack Vendor :STMicroelectronics X-CUBE-AZRTOS-F4 1.1.0
2026-09-26 13:29:33,730 [INFO] ThirdParty:967 - CMSIS Pack Vendor :STMicroelectronics X-CUBE-BLE1 7.1.0
2026-09-26 13:29:33,730 [INFO] ThirdParty:967 - CMSIS Pack Vendor :wolfSSL I-CUBE-wolfMQTT 1.19.2
2026-09-26 13:29:33,730 [INFO] ThirdParty:967 - CMSIS Pack Vendor :STMicroelectronics USB_DEVICE 3.0.0
2026-09-26 13:29:33,730 [INFO] ThirdParty:967 - CMSIS Pack Vendor :STMicroelectronics X-CUBE-ISPU 2.1.0
2026-09-26 13:29:33,730 [INFO] ThirdParty:967 - CMSIS Pack Vendor :STMicroelectronics X-CUBE-EEPRMA1 5.2.0
2026-09-26 13:29:33,730 [INFO] ThirdParty:967 - CMSIS Pack Vendor :STMicroelectronics X-CUBE-AZRTOS-WB 2.0.0
2026-09-26 13:29:33,730 [INFO] ThirdParty:967 - CMSIS Pack Vendor :STMicroelectronics X-CUBE-NFC12 1.0.0
2026-09-26 13:29:33,730 [INFO] ThirdParty:967 - CMSIS Pack Vendor :STMicroelectronics X-CUBE-AZRTOS-F7 1.1.0
2026-09-26 13:29:33,730 [INFO] ThirdParty:967 - CMSIS Pack Vendor :STMicroelectronics X-CUBE-AZRTOS-L5 2.0.0
2026-09-26 13:29:33,730 [INFO] ThirdParty:967 - CMSIS Pack Vendor :STMicroelectronics USB_DEVICE 2.0.0
2026-09-26 13:29:33,730 [INFO] ThirdParty:967 - CMSIS Pack Vendor :STMicroelectronics X-CUBE-STSE01 2.0.0
2026-09-26 13:29:33,730 [INFO] ThirdParty:967 - CMSIS Pack Vendor :STMicroelectronics X-CUBE-ALGOBUILD 1.5.0
2026-09-26 13:29:33,730 [INFO] ThirdParty:967 - CMSIS Pack Vendor :STMicroelectronics FreeRTOS 0.0.1
2026-09-26 13:29:33,730 [INFO] ThirdParty:967 - CMSIS Pack Vendor :STMicroelectronics X-CUBE-AZRTOS-H7RS 1.3.0
2026-09-26 13:29:33,730 [INFO] ThirdParty:967 - CMSIS Pack Vendor :STMicroelectronics X-CUBE-AZRTOS-G0 1.1.0
2026-09-26 13:29:33,730 [INFO] ThirdParty:967 - CMSIS Pack Vendor :STMicroelectronics X-CUBE-NFC4 3.0.0
2026-09-26 13:29:33,730 [INFO] ThirdParty:967 - CMSIS Pack Vendor :STMicroelectronics X-CUBE-SUBG2 5.0.0
2026-09-26 13:29:33,730 [INFO] ThirdParty:967 - CMSIS Pack Vendor :STMicroelectronics lwIP 2.0.3
2026-09-26 13:29:33,730 [INFO] ThirdParty:967 - CMSIS Pack Vendor :STMicroelectronics X-CUBE-MEMS1 13.0.0
2026-09-26 13:29:33,730 [INFO] ThirdParty:967 - CMSIS Pack Vendor :STMicroelectronics USB_HOST 1.0.0
2026-09-26 13:29:33,730 [INFO] ThirdParty:967 - CMSIS Pack Vendor :STMicroelectronics X-CUBE-AZRTOS-G4 2.0.0
2026-09-26 13:29:33,730 [INFO] ThirdParty:967 - CMSIS Pack Vendor :STMicroelectronics PDM2PCM 3.1.0
2026-09-26 13:29:33,730 [INFO] ThirdParty:967 - CMSIS Pack Vendor :STMicroelectronics PDM2PCM 3.3.0
2026-09-26 13:29:33,730 [INFO] ThirdParty:967 - CMSIS Pack Vendor :wolfSSL I-CUBE-wolfTPM 3.8.0
2026-09-26 13:29:33,730 [INFO] ThirdParty:967 - CMSIS Pack Vendor :wolfSSL I-CUBE-wolfSSH 1.4.20
2026-09-26 13:29:33,730 [INFO] ThirdParty:967 - CMSIS Pack Vendor :STMicroelectronics X-CUBE-NFC7 2.0.0
2026-09-26 13:29:33,730 [INFO] ThirdParty:967 - CMSIS Pack Vendor :STMicroelectronics X-CUBE-GNSS1 7.1.1
2026-09-26 13:29:33,730 [INFO] ThirdParty:967 - CMSIS Pack Vendor :STMicroelectronics FP-ATR-SIGFOX1 3.2.0
2026-09-26 13:29:33,730 [INFO] ThirdParty:967 - CMSIS Pack Vendor :STMicroelectronics X-CUBE-NFC10 1.0.0
2026-09-26 13:29:33,730 [INFO] ThirdParty:967 - CMSIS Pack Vendor :STMicroelectronics HAL Drivers 0.0.0
2026-09-26 13:29:33,730 [INFO] ThirdParty:967 - CMSIS Pack Vendor :STMicroelectronics MBEDTLS 2.16.2
2026-09-26 13:29:33,730 [INFO] ThirdParty:967 - CMSIS Pack Vendor :wolfSSL I-CUBE-wolfSSL 5.9.2
2026-09-26 13:29:33,730 [INFO] ThirdParty:967 - CMSIS Pack Vendor :STMicroelectronics MBEDTLS 2.14.1
2026-09-26 13:29:33,730 [INFO] ThirdParty:967 - CMSIS Pack Vendor :STMicroelectronics X-CUBE-TOUCHGFX 4.26.1
2026-09-26 13:29:33,730 [INFO] ThirdParty:967 - CMSIS Pack Vendor :STMicroelectronics X-CUBE-NFC6 3.2.0
2026-09-26 13:29:33,730 [INFO] ThirdParty:967 - CMSIS Pack Vendor :STMicroelectronics X-CUBE-AI 10.2.1
2026-09-26 13:29:33,730 [INFO] ThirdParty:967 - CMSIS Pack Vendor :STMicroelectronics X-CUBE-AZRTOS-WL 2.0.0
2026-09-26 13:29:33,730 [INFO] ThirdParty:967 - CMSIS Pack Vendor :SEGGER I-CUBE-embOS 1.3.1
2026-09-26 13:29:33,730 [INFO] ThirdParty:967 - CMSIS Pack Vendor :STMicroelectronics USB_DEVICE 1.0.0
2026-09-26 13:29:33,730 [INFO] ThirdParty:967 - CMSIS Pack Vendor :STMicroelectronics X-CUBE-AZRTOS-L4 2.0.0
2026-09-26 13:29:33,730 [INFO] ThirdParty:967 - CMSIS Pack Vendor :STMicroelectronics ThreadX 0.0.2
2026-09-26 13:29:33,730 [INFO] ThirdParty:967 - CMSIS Pack Vendor :STMicroelectronics lwIP 2.1.2
2026-09-26 13:29:33,730 [INFO] ThirdParty:967 - CMSIS Pack Vendor :STMicroelectronics X-CUBE-SFXS2LP1 4.0.0
2026-09-26 13:29:33,730 [INFO] ThirdParty:967 - CMSIS Pack Vendor :STMicroelectronics X-CUBE-BLE2 3.3.0
2026-09-26 13:29:33,730 [INFO] ThirdParty:967 - CMSIS Pack Vendor :STMicroelectronics X-CUBE-NFC13 1.0.0
2026-09-26 13:29:33,730 [INFO] ThirdParty:967 - CMSIS Pack Vendor :STMicroelectronics PDM2PCM 3.2.0
2026-09-26 13:29:33,730 [INFO] ThirdParty:967 - CMSIS Pack Vendor :STMicroelectronics X-CUBE-WB05N 2.1.0
2026-09-26 13:29:33,730 [INFO] ThirdParty:787 - exiting critical section [change project]
2026-09-26 13:29:34,095 [INFO] PinOutPanel:1463 - setPackage(No Configuration,No Configuration)
2026-09-26 13:29:34,096 [INFO] PinOutPanel:1463 - setPackage(STM32F103C6Ux,UFQFPN48)
2026-09-26 13:29:34,561 [INFO] UtilMem:74 - Before build in PCC Used Memory: 268280000 Bytes (487587840)
2026-09-26 13:29:35,420 [INFO] UtilMem:74 - After build in PCC Used Memory: 257401056 Bytes (487587840)
2026-09-26 13:29:35,445 [INFO] IPUIPlugin:74 - create IPUIPlugin
2026-09-26 13:29:35,445 [INFO] IPUIPlugin:74 - create IPUIPlugin
2026-09-26 13:29:35,445 [INFO] IPUIPlugin:74 - create IPUIPlugin
2026-09-26 13:29:35,445 [INFO] IPUIPlugin:74 - create IPUIPlugin
2026-09-26 13:29:35,445 [INFO] IPUIPlugin:74 - create IPUIPlugin
2026-09-26 13:29:35,445 [INFO] IPUIPlugin:74 - create IPUIPlugin
2026-09-26 13:29:35,445 [INFO] IPUIPlugin:74 - create IPUIPlugin
2026-09-26 13:29:35,445 [INFO] IPUIPlugin:74 - create IPUIPlugin
2026-09-26 13:29:35,445 [INFO] IPUIPlugin:74 - create IPUIPlugin
2026-09-26 13:29:35,445 [INFO] IPUIPlugin:74 - create IPUIPlugin
2026-09-26 13:29:35,445 [INFO] IPUIPlugin:74 - create IPUIPlugin
2026-09-26 13:29:35,445 [INFO] IPUIPlugin:74 - create IPUIPlugin
2026-09-26 13:29:35,445 [INFO] IPUIPlugin:74 - create IPUIPlugin
2026-09-26 13:29:35,445 [INFO] IPUIPlugin:74 - create IPUIPlugin
2026-09-26 13:29:35,445 [INFO] IPUIPlugin:74 - create IPUIPlugin
2026-09-26 13:29:35,445 [INFO] IPUIPlugin:74 - create IPUIPlugin
2026-09-26 13:29:35,445 [INFO] IPUIPlugin:74 - create IPUIPlugin
2026-09-26 13:29:35,445 [INFO] IPUIPlugin:74 - create IPUIPlugin
2026-09-26 13:29:35,445 [INFO] IPUIPlugin:74 - create IPUIPlugin
2026-09-26 13:29:35,445 [INFO] IPUIPlugin:74 - create IPUIPlugin
2026-09-26 13:29:35,445 [INFO] IPUIPlugin:74 - create IPUIPlugin
2026-09-26 13:29:35,445 [INFO] IPUIPlugin:74 - create IPUIPlugin
2026-09-26 13:29:35,445 [INFO] IPUIPlugin:74 - create IPUIPlugin
2026-09-26 13:29:35,587 [INFO] OpenFileManager:333 - Restore cursor
2026-09-26 13:50:29,957 [INFO] MainUpdater:2671 - connection check result : 10
2026-09-26 13:50:29,957 [INFO] McuFinderGlobals:52 - Set McuFinderConnectedMode to true
2026-09-26 13:50:30,220 [INFO] ServerAccessManage:362 - Download File mcusAds.json._tmp_
2026-09-26 13:50:30,250 [INFO] McuFinderGlobals:52 - Set McuFinderConnectedMode to false
2026-09-26 13:50:32,647 [INFO] LoadUrlFilesThread:145 - End of LoadUrlFiles Thread
2026-09-26 13:50:32,680 [INFO] CrossSelectorPresenter:1330 - Cross Selector saved comparison directory: C:\Users\Hius\.stmcufinder\plugins\mcufinder\mcu\cs_comparisons_mx
2026-09-26 13:50:32,690 [INFO] MultiScanPanel:197 - Auto-refresh data requested => check proxy status ongoing
2026-09-26 13:50:32,690 [INFO] MultiScanPanel:201 - Proxy status is invalid
2026-09-26 13:50:32,696 [INFO] FinderPluginLoader:87 - Searching for filters in installed packs
2026-09-26 13:50:33,181 [WARN] DetailPanel:314 - Failed to get advertising image, set to default
2026-09-26 13:50:33,626 [INFO] DbBoardsPdsc:90 - Found 25 items
2026-09-26 13:50:33,628 [INFO] DbBoardsPdsc:90 - Found 9 items
2026-09-26 13:50:33,632 [INFO] DbBoardsPdsc:90 - Found 33 items
2026-09-26 13:50:33,634 [INFO] DbBoardsPdsc:90 - Found 1 items
2026-09-26 13:50:33,641 [INFO] DbBoardsPdsc:90 - Found 48 items
2026-09-26 13:50:33,650 [INFO] DbBoardsPdsc:90 - Found 43 items
2026-09-26 13:50:33,650 [INFO] DbBoardsPdsc:90 - Found 2 items
2026-09-26 13:50:33,650 [INFO] DbBoardsPdsc:90 - Found 5 items
2026-09-26 13:50:33,659 [WARN] DbBoardsPdsc:254 - Board STM32H7B3I-DK: unknown feature type=Audio, name=, username=Audio stereo codec with Headphone Amp (CS42L51-CNZ), n=1
2026-09-26 13:50:33,659 [WARN] DbBoardsPdsc:254 - Board STM32H735G-DK: unknown feature type=Audio, name=, username=Audio stereo codec with Headphone Amp (WM8994ECS/R), n=1
2026-09-26 13:50:33,661 [WARN] DbBoardsPdsc:254 - Board STM32H7B3I-EVAL: unknown feature type=Audio, name=, username=Multi-Channel Audio Codec (CS42L51-CNZ), n=1
2026-09-26 13:50:33,661 [WARN] DbBoardsPdsc:254 - Board STM32H7B3I-EVAL: unknown feature type=Meter, name=, username=Power-metering and Temperature-monitoring with sigma-delta modulators, n=1
2026-09-26 13:50:33,661 [WARN] DbBoardsPdsc:254 - Board STM32H7B3I-EVAL: unknown feature type=Motor, name=, username=Motor Control, n=1
2026-09-26 13:50:33,661 [WARN] DbBoardsPdsc:254 - Board STM32U575I-EV: unknown feature type=joystick, name=, username=4-direction joystick with selection button, n=1
2026-09-26 13:50:33,677 [INFO] DbBoardsJson:86 - JSON generation date=Tue Jun 01 12:52:40 ICT 2021 (1622526760)
2026-09-26 13:50:33,684 [INFO] DbBoards:117 - Found 166 boards (163 are supported by CubeMX)
2026-09-26 13:50:33,694 [INFO] DbBoardsDocs:143 - JSON generation date=Tue Jun 01 12:52:40 ICT 2021 (1622526760)
2026-09-26 13:50:33,710 [INFO] DbBoardsDocs:79 - Found 193 boards documents
2026-09-26 13:50:33,710 [WARN] DbBoards:127 - board B-L462E-CELL1 has no document id list !
2026-09-26 13:50:33,710 [WARN] DbBoards:127 - board B-L475E-IOT01A2 has no document id list !
2026-09-26 13:50:33,710 [WARN] DbBoards:127 - board B-U585I-IOT02A has no document id list !
2026-09-26 13:50:33,710 [WARN] DbBoards:127 - board NUCLEO-G0B1RE has no document id list !
2026-09-26 13:50:33,710 [WARN] DbBoards:127 - board NUCLEO-H743ZI has no document id list !
2026-09-26 13:50:33,710 [WARN] DbBoards:127 - board NUCLEO-L4A6ZG has no document id list !
2026-09-26 13:50:33,710 [WARN] DbBoards:127 - board NUCLEO-U575ZI-Q has no document id list !
2026-09-26 13:50:33,710 [WARN] DbBoards:127 - board NUCLEO-WB15CC has no document id list !
2026-09-26 13:50:33,710 [WARN] DbBoards:127 - board NUCLEO-WB55RG has no document id list !
2026-09-26 13:50:33,710 [WARN] DbBoards:127 - board NUCLEO-WL55JC2 has no document id list !
2026-09-26 13:50:33,710 [WARN] DbBoards:127 - board P-NUCLEO-WB55-Nucleo has no document id list !
2026-09-26 13:50:33,710 [WARN] DbBoards:127 - board P-NUCLEO-WB55-USBDongle has no document id list !
2026-09-26 13:50:33,710 [WARN] DbBoards:127 - board STEVAL-BFA001V1B has no document id list !
2026-09-26 13:50:33,710 [WARN] DbBoards:127 - board STEVAL-BFA001V2B has no document id list !
2026-09-26 13:50:33,710 [WARN] DbBoards:127 - board STEVAL-IDP005V1 has no document id list !
2026-09-26 13:50:33,710 [WARN] DbBoards:127 - board STEVAL-IDP005V2 has no document id list !
2026-09-26 13:50:33,710 [WARN] DbBoards:127 - board STEVAL-MKSBOX1V1 has no document id list !
2026-09-26 13:50:33,710 [WARN] DbBoards:127 - board STEVAL-STWINKT1 has no document id list !
2026-09-26 13:50:33,710 [WARN] DbBoards:127 - board STEVAL-STWINKT1B has no document id list !
2026-09-26 13:50:33,717 [WARN] DbBoards:127 - board STM32F401C-DISCO has no document id list !
2026-09-26 13:50:33,717 [WARN] DbBoards:127 - board STM32F769I-DISC1 has no document id list !
2026-09-26 13:50:33,717 [WARN] DbBoards:127 - board STM32G0C1E-EV has no document id list !
2026-09-26 13:50:33,717 [WARN] DbBoards:127 - board STM32G474E-EVAL1 has no document id list !
2026-09-26 13:50:33,717 [WARN] DbBoards:127 - board STM32H743I-EVAL2 has no document id list !
2026-09-26 13:50:33,717 [WARN] DbBoards:127 - board STM32H747I-DISC1 has no document id list !
2026-09-26 13:50:33,717 [WARN] DbBoards:127 - board STM32H753I-EVAL2 has no document id list !
2026-09-26 13:50:33,717 [WARN] DbBoards:127 - board STM32L-DISCOVERY has no document id list !
2026-09-26 13:50:33,717 [WARN] DbBoards:127 - board STM32MP157A-DK1 has no document id list !
2026-09-26 13:50:33,717 [WARN] DbBoards:127 - board STM32MP157D-DK1 has no document id list !
2026-09-26 13:50:33,717 [WARN] DbBoards:127 - board STM32MP157D-EV1 has no document id list !
2026-09-26 13:50:33,717 [WARN] DbBoards:127 - board STM32MP157F-DK2 has no document id list !
2026-09-26 13:50:33,717 [WARN] DbBoards:127 - board STM32MP157F-EV1 has no document id list !
2026-09-26 13:50:33,717 [WARN] DbBoards:127 - board STM32U575I-EV has no document id list !
2026-09-26 13:50:33,717 [WARN] DbBoards:127 - board STM32WB5MM-DK has no document id list !
2026-09-26 13:50:36,250 [INFO] ApiDb:251 - Load user favorites file C:\Users\Hius/.stm32cubeide/favorites.boards.txt: 0 item(s)
2026-09-26 13:50:36,250 [INFO] ApiDb:255 - User favorites Boards=[]
2026-09-26 13:50:36,250 [INFO] DbBoards:206 - Set 0 / 0 favorites Boards
2026-09-26 13:50:57,114 [ERROR] ServerAccessManage:1016 - HTTP unexpected response (522) for https://stmcufinder.com/API/getFiles.php?
2026-09-26 13:50:57,114 [ERROR] ServerAccessManage:531 - Error during Access to HTTP Server. : mcusDocs.json._tmp_.
2026-09-26 13:51:00,657 [INFO] LoadUrlFilesThread:145 - End of LoadUrlFiles Thread
2026-09-26 13:51:02,128 [INFO] DbMcusAds:47 - JSON generation date=Tue Sep 22 19:25:16 ICT 2026 (1790079916640)
2026-09-26 13:51:02,159 [INFO] DbMcusDocs:143 - JSON generation date=Mon Jun 07 15:53:21 ICT 2021 (1623056001)
2026-09-26 13:51:02,684 [INFO] DbMcusDocs:79 - Found 669 MCUs documents
2026-09-26 13:51:02,687 [INFO] ApiDb:276 - Save user favorites file C:\Users\Hius/.stm32cubeide/favorites.mcus.txt: 0 item(s)
2026-09-26 13:51:02,687 [INFO] ApiDb:280 - User favorites MCUs=[]
2026-09-26 13:51:02,687 [INFO] DbMcusXml:100 - Load MCU database from D:\STM32CubeIDE_1.7.0\STM32CubeIDE\plugins\com.st.stm32cube.common.mx_6.3.0.202107141111\\db\/mcu/families.xml
2026-09-26 13:51:04,543 [INFO] DbMcusJson:93 - JSON generation date=Mon Jun 07 15:53:21 ICT 2021 (1623056001)
2026-09-26 13:51:05,672 [INFO] DbMcus:175 - Found 1951 MCUs (1903 are supported by CubeMX, 1903 are visible in CubeMX)
2026-09-26 13:51:05,672 [INFO] ApiDb:251 - Load user favorites file C:\Users\Hius/.stm32cubeide/favorites.mcus.txt: 0 item(s)
2026-09-26 13:51:05,672 [INFO] ApiDb:255 - User favorites MCUs=[]
2026-09-26 13:51:05,672 [INFO] DbMcus:187 - Set 0 / 0 favorites MCUs
2026-09-26 13:51:06,480 [INFO] DbBoardsDocs:143 - JSON generation date=Tue Jun 01 12:52:40 ICT 2021 (1622526760)
2026-09-26 13:51:06,503 [INFO] DbBoardsDocs:79 - Found 193 boards documents
2026-09-26 13:51:06,503 [INFO] ApiDb:276 - Save user favorites file C:\Users\Hius/.stm32cubeide/favorites.boards.txt: 0 item(s)
2026-09-26 13:51:06,503 [INFO] ApiDb:280 - User favorites Boards=[]
2026-09-26 13:51:06,503 [INFO] DbBoardsPdsc:90 - Found 25 items
2026-09-26 13:51:06,511 [INFO] DbBoardsPdsc:90 - Found 9 items
2026-09-26 13:51:06,511 [INFO] DbBoardsPdsc:90 - Found 33 items
2026-09-26 13:51:06,511 [INFO] DbBoardsPdsc:90 - Found 1 items
2026-09-26 13:51:06,529 [INFO] DbBoardsPdsc:90 - Found 48 items
2026-09-26 13:51:06,536 [INFO] DbBoardsPdsc:90 - Found 43 items
2026-09-26 13:51:06,536 [INFO] DbBoardsPdsc:90 - Found 2 items
2026-09-26 13:51:06,536 [INFO] DbBoardsPdsc:90 - Found 5 items
2026-09-26 13:51:06,544 [WARN] DbBoardsPdsc:254 - Board STM32H7B3I-DK: unknown feature type=Audio, name=, username=Audio stereo codec with Headphone Amp (CS42L51-CNZ), n=1
2026-09-26 13:51:06,544 [WARN] DbBoardsPdsc:254 - Board STM32H735G-DK: unknown feature type=Audio, name=, username=Audio stereo codec with Headphone Amp (WM8994ECS/R), n=1
2026-09-26 13:51:06,544 [WARN] DbBoardsPdsc:254 - Board STM32H7B3I-EVAL: unknown feature type=Audio, name=, username=Multi-Channel Audio Codec (CS42L51-CNZ), n=1
2026-09-26 13:51:06,544 [WARN] DbBoardsPdsc:254 - Board STM32H7B3I-EVAL: unknown feature type=Meter, name=, username=Power-metering and Temperature-monitoring with sigma-delta modulators, n=1
2026-09-26 13:51:06,544 [WARN] DbBoardsPdsc:254 - Board STM32H7B3I-EVAL: unknown feature type=Motor, name=, username=Motor Control, n=1
2026-09-26 13:51:06,544 [WARN] DbBoardsPdsc:254 - Board STM32U575I-EV: unknown feature type=joystick, name=, username=4-direction joystick with selection button, n=1
2026-09-26 13:51:06,564 [INFO] DbBoardsJson:86 - JSON generation date=Tue Jun 01 12:52:40 ICT 2021 (1622526760)
2026-09-26 13:51:06,573 [INFO] DbBoards:117 - Found 166 boards (163 are supported by CubeMX)
2026-09-26 13:51:06,573 [WARN] DbBoards:127 - board B-L462E-CELL1 has no document id list !
2026-09-26 13:51:06,573 [WARN] DbBoards:127 - board B-L475E-IOT01A2 has no document id list !
2026-09-26 13:51:06,573 [WARN] DbBoards:127 - board B-U585I-IOT02A has no document id list !
2026-09-26 13:51:06,573 [WARN] DbBoards:127 - board NUCLEO-G0B1RE has no document id list !
2026-09-26 13:51:06,573 [WARN] DbBoards:127 - board NUCLEO-H743ZI has no document id list !
2026-09-26 13:51:06,573 [WARN] DbBoards:127 - board NUCLEO-L4A6ZG has no document id list !
2026-09-26 13:51:06,575 [WARN] DbBoards:127 - board NUCLEO-U575ZI-Q has no document id list !
2026-09-26 13:51:06,575 [WARN] DbBoards:127 - board NUCLEO-WB15CC has no document id list !
2026-09-26 13:51:06,575 [WARN] DbBoards:127 - board NUCLEO-WB55RG has no document id list !
2026-09-26 13:51:06,575 [WARN] DbBoards:127 - board NUCLEO-WL55JC2 has no document id list !
2026-09-26 13:51:06,575 [WARN] DbBoards:127 - board P-NUCLEO-WB55-Nucleo has no document id list !
2026-09-26 13:51:06,575 [WARN] DbBoards:127 - board P-NUCLEO-WB55-USBDongle has no document id list !
2026-09-26 13:51:06,575 [WARN] DbBoards:127 - board STEVAL-BFA001V1B has no document id list !
2026-09-26 13:51:06,575 [WARN] DbBoards:127 - board STEVAL-BFA001V2B has no document id list !
2026-09-26 13:51:06,575 [WARN] DbBoards:127 - board STEVAL-IDP005V1 has no document id list !
2026-09-26 13:51:06,575 [WARN] DbBoards:127 - board STEVAL-IDP005V2 has no document id list !
2026-09-26 13:51:06,575 [WARN] DbBoards:127 - board STEVAL-MKSBOX1V1 has no document id list !
2026-09-26 13:51:06,575 [WARN] DbBoards:127 - board STEVAL-STWINKT1 has no document id list !
2026-09-26 13:51:06,575 [WARN] DbBoards:127 - board STEVAL-STWINKT1B has no document id list !
2026-09-26 13:51:06,575 [WARN] DbBoards:127 - board STM32F401C-DISCO has no document id list !
2026-09-26 13:51:06,575 [WARN] DbBoards:127 - board STM32F769I-DISC1 has no document id list !
2026-09-26 13:51:06,575 [WARN] DbBoards:127 - board STM32G0C1E-EV has no document id list !
2026-09-26 13:51:06,575 [WARN] DbBoards:127 - board STM32G474E-EVAL1 has no document id list !
2026-09-26 13:51:06,575 [WARN] DbBoards:127 - board STM32H743I-EVAL2 has no document id list !
2026-09-26 13:51:06,575 [WARN] DbBoards:127 - board STM32H747I-DISC1 has no document id list !
2026-09-26 13:51:06,575 [WARN] DbBoards:127 - board STM32H753I-EVAL2 has no document id list !
2026-09-26 13:51:06,575 [WARN] DbBoards:127 - board STM32L-DISCOVERY has no document id list !
2026-09-26 13:51:06,575 [WARN] DbBoards:127 - board STM32MP157A-DK1 has no document id list !
2026-09-26 13:51:06,575 [WARN] DbBoards:127 - board STM32MP157D-DK1 has no document id list !
2026-09-26 13:51:06,575 [WARN] DbBoards:127 - board STM32MP157D-EV1 has no document id list !
2026-09-26 13:51:06,575 [WARN] DbBoards:127 - board STM32MP157F-DK2 has no document id list !
2026-09-26 13:51:06,575 [WARN] DbBoards:127 - board STM32MP157F-EV1 has no document id list !
2026-09-26 13:51:06,575 [WARN] DbBoards:127 - board STM32U575I-EV has no document id list !
2026-09-26 13:51:06,575 [WARN] DbBoards:127 - board STM32WB5MM-DK has no document id list !
2026-09-26 13:51:08,675 [INFO] ApiDb:251 - Load user favorites file C:\Users\Hius/.stm32cubeide/favorites.boards.txt: 0 item(s)
2026-09-26 13:51:08,675 [INFO] ApiDb:255 - User favorites Boards=[]
2026-09-26 13:51:08,675 [INFO] DbBoards:206 - Set 0 / 0 favorites Boards
2026-09-26 13:51:09,181 [ERROR] TargetSelectorAdapter:232 - Unable to refresh data
2026-09-26 14:00:18,720 [INFO] Activator:177 - 


2026-09-26 14:00:18,720 [INFO] Activator:178 - !SESSION log4j initialized
2026-09-26 14:00:32,136 [INFO] McuFinderGlobals:39 - Set McuFinder mode to 2 (CubeIDE integrated)
2026-09-26 14:00:32,535 [INFO] ApplicationProperties:181 - Using Application install path: D:\STM32CubeIDE_1.7.0\STM32CubeIDE\plugins\com.st.stm32cube.common.mx_6.3.0.202107141111
2026-09-26 14:00:32,551 [INFO] DbMcusXml:74 - Set database path to: D:\STM32CubeIDE_1.7.0\STM32CubeIDE\plugins\com.st.stm32cube.common.mx_6.3.0.202107141111\\db\/mcu/
2026-09-26 14:00:32,567 [INFO] DbBoardsPdsc:56 - Set plugin database path to: D:\STM32CubeIDE_1.7.0\STM32CubeIDE\plugins\com.st.stm32cube.common.mx_6.3.0.202107141111\\db\/plugins/boardmanager/
2026-09-26 14:00:32,567 [INFO] DbMcus:258 - Set plugin images path to: D:\STM32CubeIDE_1.7.0\STM32CubeIDE\plugins\com.st.stm32cube.common.mx_6.3.0.202107141111\\db\/plugins/mcufinder/images/
2026-09-26 14:00:32,567 [INFO] DbBoards:264 - Set plugin images path to: D:\STM32CubeIDE_1.7.0\STM32CubeIDE\plugins\com.st.stm32cube.common.mx_6.3.0.202107141111\\db\/plugins/mcufinder/images/
2026-09-26 14:00:32,572 [INFO] DbExamples:333 - Set plugin images path to: D:\STM32CubeIDE_1.7.0\STM32CubeIDE\plugins\com.st.stm32cube.common.mx_6.3.0.202107141111\\db\/plugins/mcufinder/images/
2026-09-26 14:00:32,572 [INFO] DbMcusAds:119 - Set database path to: C:\Users\Hius\.stmcufinder\plugins\mcufinder//mcu/
2026-09-26 14:00:32,572 [INFO] DbMcusDocs:110 - Set database path to: C:\Users\Hius\.stmcufinder\plugins\mcufinder//mcu/
2026-09-26 14:00:32,572 [INFO] DbMcusJson:64 - Set database path to: C:\Users\Hius\.stmcufinder\plugins\mcufinder//mcu/
2026-09-26 14:00:32,572 [INFO] DbBoardsDocs:110 - Set database path to: C:\Users\Hius\.stmcufinder\plugins\mcufinder//mcu/
2026-09-26 14:00:32,572 [INFO] DbBoardsJson:57 - Set database path to: C:\Users\Hius\.stmcufinder\plugins\mcufinder//mcu/
2026-09-26 14:00:32,583 [INFO] CrossReferenceDbSqlite:196 - Set database path to: C:\Users\Hius\.stmcufinder\plugins\mcufinder//mcu/cs/
2026-09-26 14:00:32,583 [INFO] DbExamplesSqlite:767 - Set database path to: C:\Users\Hius\.stmcufinder\plugins\mcufinder//mcu/
2026-09-26 14:00:32,709 [INFO] RulesReader:57 - Compatibility file has been processed (242 Rules)
2026-09-26 14:00:32,838 [INFO] DbMcusXml:74 - Set database path to: D:\STM32CubeIDE_1.7.0\STM32CubeIDE\plugins\com.st.stm32cube.common.mx_6.3.0.202107141111\\db\/mcu/
2026-09-26 14:00:32,838 [INFO] DbBoardsPdsc:56 - Set plugin database path to: D:\STM32CubeIDE_1.7.0\STM32CubeIDE\plugins\com.st.stm32cube.common.mx_6.3.0.202107141111\\db\/plugins/boardmanager/
2026-09-26 14:00:32,838 [INFO] DbMcus:258 - Set plugin images path to: D:\STM32CubeIDE_1.7.0\STM32CubeIDE\plugins\com.st.stm32cube.common.mx_6.3.0.202107141111\\db\/plugins/mcufinder/images/
2026-09-26 14:00:32,838 [INFO] DbBoards:264 - Set plugin images path to: D:\STM32CubeIDE_1.7.0\STM32CubeIDE\plugins\com.st.stm32cube.common.mx_6.3.0.202107141111\\db\/plugins/mcufinder/images/
2026-09-26 14:00:32,841 [INFO] DbExamples:333 - Set plugin images path to: D:\STM32CubeIDE_1.7.0\STM32CubeIDE\plugins\com.st.stm32cube.common.mx_6.3.0.202107141111\\db\/plugins/mcufinder/images/
2026-09-26 14:00:32,841 [WARN] DbFile:35 - Overriding database path with different value: C:\Users\Hius\.stmcufinder\plugins\mcufinder/ => C:\Users\Hius\.stmcufinder\plugins\mcufinder
2026-09-26 14:00:32,841 [INFO] DbMcusAds:119 - Set database path to: C:\Users\Hius\.stmcufinder\plugins\mcufinder//mcu/
2026-09-26 14:00:32,841 [WARN] DbFile:35 - Overriding database path with different value: C:\Users\Hius\.stmcufinder\plugins\mcufinder/ => C:\Users\Hius\.stmcufinder\plugins\mcufinder
2026-09-26 14:00:32,841 [INFO] DbMcusDocs:110 - Set database path to: C:\Users\Hius\.stmcufinder\plugins\mcufinder//mcu/
2026-09-26 14:00:32,841 [WARN] DbFile:35 - Overriding database path with different value: C:\Users\Hius\.stmcufinder\plugins\mcufinder/ => C:\Users\Hius\.stmcufinder\plugins\mcufinder
2026-09-26 14:00:32,841 [INFO] DbMcusJson:64 - Set database path to: C:\Users\Hius\.stmcufinder\plugins\mcufinder//mcu/
2026-09-26 14:00:32,841 [WARN] DbFile:35 - Overriding database path with different value: C:\Users\Hius\.stmcufinder\plugins\mcufinder/ => C:\Users\Hius\.stmcufinder\plugins\mcufinder
2026-09-26 14:00:32,841 [INFO] DbBoardsDocs:110 - Set database path to: C:\Users\Hius\.stmcufinder\plugins\mcufinder//mcu/
2026-09-26 14:00:32,841 [WARN] DbFile:35 - Overriding database path with different value: C:\Users\Hius\.stmcufinder\plugins\mcufinder/ => C:\Users\Hius\.stmcufinder\plugins\mcufinder
2026-09-26 14:00:32,841 [INFO] DbBoardsJson:57 - Set database path to: C:\Users\Hius\.stmcufinder\plugins\mcufinder//mcu/
2026-09-26 14:00:32,841 [WARN] DbFile:35 - Overriding database path with different value: C:\Users\Hius\.stmcufinder\plugins\mcufinder/ => C:\Users\Hius\.stmcufinder\plugins\mcufinder
2026-09-26 14:00:32,841 [WARN] DbFile:35 - Overriding database path with different value: C:\Users\Hius\.stmcufinder\plugins\mcufinder/ => C:\Users\Hius\.stmcufinder\plugins\mcufinder
2026-09-26 14:00:32,841 [INFO] CrossReferenceDbSqlite:196 - Set database path to: C:\Users\Hius\.stmcufinder\plugins\mcufinder//mcu/cs/
2026-09-26 14:00:32,841 [WARN] DbFile:35 - Overriding database path with different value: C:\Users\Hius\.stmcufinder\plugins\mcufinder/ => C:\Users\Hius\.stmcufinder\plugins\mcufinder
2026-09-26 14:00:32,841 [INFO] DbExamplesSqlite:767 - Set database path to: C:\Users\Hius\.stmcufinder\plugins\mcufinder//mcu/
2026-09-26 14:00:32,933 [INFO] MainPanel:214 - HeapMemory: 268435456
2026-09-26 14:00:33,044 [INFO] DbMcusXml:74 - Set database path to: D:\STM32CubeIDE_1.7.0\STM32CubeIDE\plugins\com.st.stm32cube.common.mx_6.3.0.202107141111\\db\/mcu/
2026-09-26 14:00:33,044 [INFO] DbBoardsPdsc:56 - Set plugin database path to: D:\STM32CubeIDE_1.7.0\STM32CubeIDE\plugins\com.st.stm32cube.common.mx_6.3.0.202107141111\\db\/plugins/boardmanager/
2026-09-26 14:00:33,044 [INFO] DbMcus:258 - Set plugin images path to: D:\STM32CubeIDE_1.7.0\STM32CubeIDE\plugins\com.st.stm32cube.common.mx_6.3.0.202107141111\\db\/plugins/mcufinder/images/
2026-09-26 14:00:33,044 [INFO] DbBoards:264 - Set plugin images path to: D:\STM32CubeIDE_1.7.0\STM32CubeIDE\plugins\com.st.stm32cube.common.mx_6.3.0.202107141111\\db\/plugins/mcufinder/images/
2026-09-26 14:00:33,044 [INFO] DbExamples:333 - Set plugin images path to: D:\STM32CubeIDE_1.7.0\STM32CubeIDE\plugins\com.st.stm32cube.common.mx_6.3.0.202107141111\\db\/plugins/mcufinder/images/
2026-09-26 14:00:33,044 [WARN] DbFile:35 - Overriding database path with different value: C:\Users\Hius\.stmcufinder\plugins\mcufinder/ => C:\Users\Hius\.stmcufinder\plugins\mcufinder
2026-09-26 14:00:33,044 [INFO] DbMcusAds:119 - Set database path to: C:\Users\Hius\.stmcufinder\plugins\mcufinder//mcu/
2026-09-26 14:00:33,044 [WARN] DbFile:35 - Overriding database path with different value: C:\Users\Hius\.stmcufinder\plugins\mcufinder/ => C:\Users\Hius\.stmcufinder\plugins\mcufinder
2026-09-26 14:00:33,044 [INFO] DbMcusDocs:110 - Set database path to: C:\Users\Hius\.stmcufinder\plugins\mcufinder//mcu/
2026-09-26 14:00:33,044 [WARN] DbFile:35 - Overriding database path with different value: C:\Users\Hius\.stmcufinder\plugins\mcufinder/ => C:\Users\Hius\.stmcufinder\plugins\mcufinder
2026-09-26 14:00:33,044 [INFO] DbMcusJson:64 - Set database path to: C:\Users\Hius\.stmcufinder\plugins\mcufinder//mcu/
2026-09-26 14:00:33,044 [WARN] DbFile:35 - Overriding database path with different value: C:\Users\Hius\.stmcufinder\plugins\mcufinder/ => C:\Users\Hius\.stmcufinder\plugins\mcufinder
2026-09-26 14:00:33,044 [INFO] DbBoardsDocs:110 - Set database path to: C:\Users\Hius\.stmcufinder\plugins\mcufinder//mcu/
2026-09-26 14:00:33,044 [WARN] DbFile:35 - Overriding database path with different value: C:\Users\Hius\.stmcufinder\plugins\mcufinder/ => C:\Users\Hius\.stmcufinder\plugins\mcufinder
2026-09-26 14:00:33,044 [INFO] DbBoardsJson:57 - Set database path to: C:\Users\Hius\.stmcufinder\plugins\mcufinder//mcu/
2026-09-26 14:00:33,044 [WARN] DbFile:35 - Overriding database path with different value: C:\Users\Hius\.stmcufinder\plugins\mcufinder/ => C:\Users\Hius\.stmcufinder\plugins\mcufinder
2026-09-26 14:00:33,044 [WARN] DbFile:35 - Overriding database path with different value: C:\Users\Hius\.stmcufinder\plugins\mcufinder/ => C:\Users\Hius\.stmcufinder\plugins\mcufinder
2026-09-26 14:00:33,044 [INFO] CrossReferenceDbSqlite:196 - Set database path to: C:\Users\Hius\.stmcufinder\plugins\mcufinder//mcu/cs/
2026-09-26 14:00:33,044 [WARN] DbFile:35 - Overriding database path with different value: C:\Users\Hius\.stmcufinder\plugins\mcufinder/ => C:\Users\Hius\.stmcufinder\plugins\mcufinder
2026-09-26 14:00:33,044 [INFO] DbExamplesSqlite:767 - Set database path to: C:\Users\Hius\.stmcufinder\plugins\mcufinder//mcu/
2026-09-26 14:00:33,060 [INFO] ApplicationProperties:181 - Using Application install path: D:\STM32CubeIDE_1.7.0\STM32CubeIDE\plugins\com.st.stm32cube.common.mx_6.3.0.202107141111
2026-09-26 14:00:33,076 [INFO] PluginManage:188 - Search for loadable plugins [exclusion list=, ]
2026-09-26 14:00:33,076 [INFO] PluginManage:302 - Check plugin analytics
2026-09-26 14:00:33,297 [INFO] AnalyticsPlugin:257 - Accepted Software Licenses: 
2026-09-26 14:00:33,297 [INFO] AnalyticsPlugin:259 - Accepted CMSIS Pack Licenses: 
2026-09-26 14:00:33,297 [INFO] AnalyticsPlugin:261 - Accepted Firmware Licenses: 
2026-09-26 14:00:33,297 [INFO] PluginManage:352 - Loaded plugin analytics (category:tool,tabindex:-1)
2026-09-26 14:00:33,297 [INFO] PluginManage:302 - Check plugin clock
2026-09-26 14:00:33,313 [INFO] PluginManage:352 - Loaded plugin clock (category:base,tabindex:2)
2026-09-26 14:00:33,313 [INFO] PluginManage:302 - Check plugin ddr
2026-09-26 14:00:33,313 [INFO] PluginManage:352 - Loaded plugin ddr (category:tool,tabindex:6)
2026-09-26 14:00:33,313 [INFO] PluginManage:302 - Check plugin filemanager
2026-09-26 14:00:33,473 [INFO] PluginManage:352 - Loaded plugin filemanager (category:base,tabindex:10)
2026-09-26 14:00:33,488 [INFO] PluginManage:302 - Check plugin ipmanager
2026-09-26 14:00:33,504 [INFO] PluginManage:352 - Loaded plugin ipmanager (category:base,tabindex:5)
2026-09-26 14:00:33,504 [INFO] PluginManage:302 - Check plugin pinoutandconfiguration
2026-09-26 14:00:33,504 [INFO] PluginManage:352 - Loaded plugin pinoutandconfiguration (category:base,tabindex:1)
2026-09-26 14:00:33,504 [INFO] PluginManage:302 - Check plugin pinoutconfig
2026-09-26 14:00:33,552 [INFO] PluginManage:352 - Loaded plugin pinoutconfig (category:base,tabindex:0)
2026-09-26 14:00:33,552 [INFO] PluginManage:302 - Check plugin power
2026-09-26 14:00:33,567 [INFO] PluginManage:352 - Loaded plugin power (category:power,tabindex:4)
2026-09-26 14:00:33,567 [INFO] PluginManage:302 - Check plugin projectmanager
2026-09-26 14:00:33,583 [INFO] PluginManage:352 - Loaded plugin projectmanager (category:projectmanager,tabindex:3)
2026-09-26 14:00:33,583 [INFO] PluginManage:302 - Check plugin thirdparty
2026-09-26 14:00:33,742 [INFO] PluginManage:352 - Loaded plugin thirdparty (category:base,tabindex:-1)
2026-09-26 14:00:33,742 [INFO] PluginManage:302 - Check plugin tools
2026-09-26 14:00:33,742 [WARN] IntegrityCheckThread:78 - waiting for thirdparty lock release [integrity check]
2026-09-26 14:00:33,742 [INFO] IntegrityCheckThread:80 - entering critical section [integrity check]
2026-09-26 14:00:33,742 [INFO] ThirdPartyUpdaterWithRetryManager:66 - Updater plugin not ready yet. [1/15]
2026-09-26 14:00:33,742 [INFO] PluginManage:352 - Loaded plugin tools (category:base,tabindex:7)
2026-09-26 14:00:33,742 [INFO] PluginManage:302 - Check plugin tutovideos
2026-09-26 14:00:33,997 [INFO] PluginManage:352 - Loaded plugin tutovideos (category:base,tabindex:-1)
2026-09-26 14:00:33,998 [INFO] PluginManage:302 - Check plugin updater
2026-09-26 14:00:34,009 [INFO] PluginManage:352 - Loaded plugin updater (category:base,tabindex:12)
2026-09-26 14:00:34,011 [INFO] PluginManage:275 - PluginManage : Loaded plugins [13]
2026-09-26 14:00:34,256 [INFO] PinOutPanel:1463 - setPackage(No Configuration,No Configuration)
2026-09-26 14:00:34,361 [INFO] IPUIPlugin:74 - create IPUIPlugin
2026-09-26 14:00:34,361 [INFO] PluginManager:213 - loadIPPluginJar : add adc
2026-09-26 14:00:34,361 [INFO] IPUIPlugin:74 - create IPUIPlugin
2026-09-26 14:00:34,361 [INFO] PluginManager:213 - loadIPPluginJar : add aes
2026-09-26 14:00:34,361 [INFO] IPUIPlugin:74 - create IPUIPlugin
2026-09-26 14:00:34,361 [INFO] PluginManager:213 - loadIPPluginJar : add can
2026-09-26 14:00:34,361 [INFO] IPUIPlugin:74 - create IPUIPlugin
2026-09-26 14:00:34,361 [INFO] PluginManager:213 - loadIPPluginJar : add comp
2026-09-26 14:00:34,376 [INFO] IPUIPlugin:74 - create IPUIPlugin
2026-09-26 14:00:34,376 [INFO] PluginManager:213 - loadIPPluginJar : add cryp
2026-09-26 14:00:34,380 [INFO] IPUIPlugin:74 - create IPUIPlugin
2026-09-26 14:00:34,380 [INFO] PluginManager:213 - loadIPPluginJar : add dfsdm
2026-09-26 14:00:34,382 [INFO] IPUIPlugin:74 - create IPUIPlugin
2026-09-26 14:00:34,382 [INFO] PluginManager:213 - loadIPPluginJar : add dma
2026-09-26 14:00:34,382 [INFO] IPUIPlugin:74 - create IPUIPlugin
2026-09-26 14:00:34,382 [INFO] PluginManager:213 - loadIPPluginJar : add dma3
2026-09-26 14:00:34,382 [INFO] IPUIPlugin:74 - create IPUIPlugin
2026-09-26 14:00:34,382 [INFO] PluginManager:213 - loadIPPluginJar : add fatfs
2026-09-26 14:00:34,392 [INFO] IPUIPlugin:74 - create IPUIPlugin
2026-09-26 14:00:34,392 [INFO] PluginManager:213 - loadIPPluginJar : add fmc
2026-09-26 14:00:34,392 [INFO] IPUIPlugin:74 - create IPUIPlugin
2026-09-26 14:00:34,392 [INFO] PluginManager:213 - loadIPPluginJar : add freertos
2026-09-26 14:00:34,392 [INFO] IPUIPlugin:74 - create IPUIPlugin
2026-09-26 14:00:34,392 [INFO] PluginManager:213 - loadIPPluginJar : add genericplugin
2026-09-26 14:00:34,392 [INFO] IPUIPlugin:74 - create IPUIPlugin
2026-09-26 14:00:34,392 [INFO] PluginManager:213 - loadIPPluginJar : add gfxmmu
2026-09-26 14:00:34,392 [INFO] IPUIPlugin:74 - create IPUIPlugin
2026-09-26 14:00:34,392 [INFO] PluginManager:213 - loadIPPluginJar : add gic
2026-09-26 14:00:34,410 [INFO] IPUIPlugin:74 - create IPUIPlugin
2026-09-26 14:00:34,410 [INFO] PluginManager:213 - loadIPPluginJar : add gpio
2026-09-26 14:00:34,412 [INFO] IPUIPlugin:74 - create IPUIPlugin
2026-09-26 14:00:34,412 [INFO] PluginManager:213 - loadIPPluginJar : add gtzc
2026-09-26 14:00:34,414 [INFO] IPUIPlugin:74 - create IPUIPlugin
2026-09-26 14:00:34,414 [INFO] PluginManager:213 - loadIPPluginJar : add hash
2026-09-26 14:00:34,416 [INFO] IPUIPlugin:74 - create IPUIPlugin
2026-09-26 14:00:34,416 [INFO] PluginManager:213 - loadIPPluginJar : add i2c
2026-09-26 14:00:34,418 [INFO] IPUIPlugin:74 - create IPUIPlugin
2026-09-26 14:00:34,418 [INFO] PluginManager:213 - loadIPPluginJar : add i2s
2026-09-26 14:00:34,451 [INFO] IPUIPlugin:74 - create IPUIPlugin
2026-09-26 14:00:34,451 [INFO] PluginManager:213 - loadIPPluginJar : add ipddr
2026-09-26 14:00:34,456 [INFO] IPUIPlugin:74 - create IPUIPlugin
2026-09-26 14:00:34,456 [INFO] PluginManager:213 - loadIPPluginJar : add linkedlist
2026-09-26 14:00:34,456 [INFO] IPUIPlugin:74 - create IPUIPlugin
2026-09-26 14:00:34,456 [INFO] PluginManager:213 - loadIPPluginJar : add lorawan
2026-09-26 14:00:34,456 [INFO] IPUIPlugin:74 - create IPUIPlugin
2026-09-26 14:00:34,456 [INFO] PluginManager:213 - loadIPPluginJar : add ltdc
2026-09-26 14:00:34,456 [INFO] IPUIPlugin:74 - create IPUIPlugin
2026-09-26 14:00:34,456 [INFO] PluginManager:213 - loadIPPluginJar : add mdma
2026-09-26 14:00:34,456 [INFO] IPUIPlugin:74 - create IPUIPlugin
2026-09-26 14:00:34,456 [INFO] PluginManager:213 - loadIPPluginJar : add nvic
2026-09-26 14:00:34,472 [INFO] IPUIPlugin:74 - create IPUIPlugin
2026-09-26 14:00:34,473 [INFO] PluginManager:213 - loadIPPluginJar : add opamp
2026-09-26 14:00:34,474 [INFO] IPUIPlugin:74 - create IPUIPlugin
2026-09-26 14:00:34,474 [INFO] PluginManager:213 - loadIPPluginJar : add openamp
2026-09-26 14:00:34,476 [INFO] IPUIPlugin:74 - create IPUIPlugin
2026-09-26 14:00:34,476 [INFO] PluginManager:213 - loadIPPluginJar : add pdm2pcm
2026-09-26 14:00:34,476 [INFO] IPUIPlugin:74 - create IPUIPlugin
2026-09-26 14:00:34,476 [INFO] PluginManager:213 - loadIPPluginJar : add plateformsettings
2026-09-26 14:00:34,488 [INFO] IPUIPlugin:74 - create IPUIPlugin
2026-09-26 14:00:34,488 [INFO] PluginManager:213 - loadIPPluginJar : add quadspi
2026-09-26 14:00:34,488 [INFO] IPUIPlugin:74 - create IPUIPlugin
2026-09-26 14:00:34,488 [INFO] PluginManager:213 - loadIPPluginJar : add resmgrutility
2026-09-26 14:00:34,488 [INFO] IPUIPlugin:74 - create IPUIPlugin
2026-09-26 14:00:34,488 [INFO] PluginManager:213 - loadIPPluginJar : add sai
2026-09-26 14:00:34,511 [INFO] IPUIPlugin:74 - create IPUIPlugin
2026-09-26 14:00:34,511 [INFO] PluginManager:213 - loadIPPluginJar : add spi
2026-09-26 14:00:34,523 [INFO] IPUIPlugin:74 - create IPUIPlugin
2026-09-26 14:00:34,523 [INFO] PluginManager:213 - loadIPPluginJar : add stm32_wpan
2026-09-26 14:00:34,525 [INFO] IPUIPlugin:74 - create IPUIPlugin
2026-09-26 14:00:34,525 [INFO] PluginManager:213 - loadIPPluginJar : add tim
2026-09-26 14:00:34,529 [INFO] IPUIPlugin:74 - create IPUIPlugin
2026-09-26 14:00:34,529 [INFO] PluginManager:213 - loadIPPluginJar : add touchsensing
2026-09-26 14:00:34,533 [INFO] IPUIPlugin:74 - create IPUIPlugin
2026-09-26 14:00:34,533 [INFO] PluginManager:213 - loadIPPluginJar : add tracer_emb
2026-09-26 14:00:34,535 [INFO] IPUIPlugin:74 - create IPUIPlugin
2026-09-26 14:00:34,535 [INFO] PluginManager:213 - loadIPPluginJar : add ts
2026-09-26 14:00:34,537 [INFO] IPUIPlugin:74 - create IPUIPlugin
2026-09-26 14:00:34,537 [INFO] PluginManager:213 - loadIPPluginJar : add tsc
2026-09-26 14:00:34,537 [INFO] IPUIPlugin:74 - create IPUIPlugin
2026-09-26 14:00:34,537 [INFO] PluginManager:213 - loadIPPluginJar : add ucpd
2026-09-26 14:00:34,537 [INFO] IPUIPlugin:74 - create IPUIPlugin
2026-09-26 14:00:34,537 [INFO] PluginManager:213 - loadIPPluginJar : add usart
2026-09-26 14:00:34,537 [INFO] IPUIPlugin:74 - create IPUIPlugin
2026-09-26 14:00:34,537 [INFO] PluginManager:213 - loadIPPluginJar : add usbx
2026-09-26 14:00:34,994 [FATAL] Updater:294 - Updater called before beeing initialized
2026-09-26 14:00:35,140 [FATAL] Updater:294 - Updater called before beeing initialized
2026-09-26 14:00:35,153 [INFO] DbMcusAds:47 - JSON generation date=Tue Sep 22 19:25:16 ICT 2026 (1790079916640)
2026-09-26 14:00:35,153 [FATAL] Updater:294 - Updater called before beeing initialized
2026-09-26 14:00:35,185 [WARN] DetailPanel:314 - Failed to get advertising image, set to default
2026-09-26 14:00:35,316 [FATAL] Updater:294 - Updater called before beeing initialized
2026-09-26 14:00:35,318 [FATAL] Updater:294 - Updater called before beeing initialized
2026-09-26 14:00:35,318 [FATAL] Updater:294 - Updater called before beeing initialized
2026-09-26 14:00:35,320 [WARN] DetailPanel:314 - Failed to get advertising image, set to default
2026-09-26 14:00:35,320 [FATAL] Updater:294 - Updater called before beeing initialized
2026-09-26 14:00:35,406 [ERROR] Updater:1075 - MainUpdater not yet initialized. External WinMGr cannot be set.
2026-09-26 14:00:35,412 [INFO] Updater:1012 - Updater Version found : 6.3.0
2026-09-26 14:00:35,432 [INFO] ApplicationProperties:181 - Using Application install path: D:\STM32CubeIDE_1.7.0\STM32CubeIDE\plugins\com.st.stm32cube.common.mx_6.3.0.202107141111
2026-09-26 14:00:35,760 [INFO] MainUpdater:2671 - connection check result : 10
2026-09-26 14:00:35,760 [INFO] MainUpdater:265 - Updater Check For Update Now.
2026-09-26 14:00:35,760 [INFO] MicroXplorer:478 - Change Database Version : DB.6.0.30
2026-09-26 14:00:35,970 [INFO] CheckServerUpdateThread:112 - End of CheckServer Thread
2026-09-26 14:00:36,034 [INFO] MainUpdater:2671 - connection check result : 10
2026-09-26 14:00:36,063 [INFO] McuFinderGlobals:52 - Set McuFinderConnectedMode to true
2026-09-26 14:00:36,192 [INFO] ServerAccessManage:362 - Download File mcusAds.json._tmp_
2026-09-26 14:00:36,335 [INFO] LoadUrlFilesThread:145 - End of LoadUrlFiles Thread
2026-09-26 14:00:36,751 [WARN] MainUpdater:1122 - Updater busy. Cannot search thirdparties
2026-09-26 14:00:36,752 [INFO] ThirdPartyUpdaterWithRetryManager:92 - Updater plugin is busy. [1/15]
2026-09-26 14:00:39,766 [WARN] MainUpdater:1122 - Updater busy. Cannot search thirdparties
2026-09-26 14:00:39,766 [INFO] ThirdPartyUpdaterWithRetryManager:92 - Updater plugin is busy. [2/15]
2026-09-26 14:00:42,766 [WARN] MainUpdater:1122 - Updater busy. Cannot search thirdparties
2026-09-26 14:00:42,766 [INFO] ThirdPartyUpdaterWithRetryManager:92 - Updater plugin is busy. [3/15]
2026-09-26 14:00:45,770 [WARN] MainUpdater:1122 - Updater busy. Cannot search thirdparties
2026-09-26 14:00:45,770 [INFO] ThirdPartyUpdaterWithRetryManager:92 - Updater plugin is busy. [4/15]
2026-09-26 14:00:48,780 [WARN] MainUpdater:1122 - Updater busy. Cannot search thirdparties
2026-09-26 14:00:48,781 [INFO] ThirdPartyUpdaterWithRetryManager:92 - Updater plugin is busy. [5/15]
2026-09-26 14:00:51,786 [WARN] MainUpdater:1122 - Updater busy. Cannot search thirdparties
2026-09-26 14:00:51,786 [INFO] ThirdPartyUpdaterWithRetryManager:92 - Updater plugin is busy. [6/15]
2026-09-26 14:00:54,799 [WARN] MainUpdater:1122 - Updater busy. Cannot search thirdparties
2026-09-26 14:00:54,799 [INFO] ThirdPartyUpdaterWithRetryManager:92 - Updater plugin is busy. [7/15]
2026-09-26 14:00:56,464 [ERROR] ServerAccessManage:1016 - HTTP unexpected response (522) for https://stmcufinder.com/API/getFiles.php?
2026-09-26 14:00:56,475 [ERROR] ServerAccessManage:531 - Error during Access to HTTP Server. : mcusDocs.json._tmp_.
2026-09-26 14:00:57,813 [WARN] MainUpdater:1122 - Updater busy. Cannot search thirdparties
2026-09-26 14:00:57,813 [INFO] ThirdPartyUpdaterWithRetryManager:92 - Updater plugin is busy. [8/15]
2026-09-26 14:00:58,467 [INFO] LoadUrlFilesThread:145 - End of LoadUrlFiles Thread
2026-09-26 14:00:59,063 [INFO] DbMcusAds:47 - JSON generation date=Tue Sep 22 19:25:16 ICT 2026 (1790079916640)
2026-09-26 14:00:59,086 [INFO] DbMcusDocs:143 - JSON generation date=Mon Jun 07 15:53:21 ICT 2021 (1623056001)
2026-09-26 14:00:59,086 [INFO] DbMcusXml:100 - Load MCU database from D:\STM32CubeIDE_1.7.0\STM32CubeIDE\plugins\com.st.stm32cube.common.mx_6.3.0.202107141111\\db\/mcu/families.xml
2026-09-26 14:00:59,812 [INFO] DbMcusJson:93 - JSON generation date=Mon Jun 07 15:53:21 ICT 2021 (1623056001)
2026-09-26 14:01:00,582 [INFO] DbMcus:175 - Found 1951 MCUs (1903 are supported by CubeMX, 1903 are visible in CubeMX)
2026-09-26 14:01:00,582 [INFO] ApiDb:251 - Load user favorites file C:\Users\Hius/.stm32cubeide/favorites.mcus.txt: 0 item(s)
2026-09-26 14:01:00,582 [INFO] ApiDb:255 - User favorites MCUs=[]
2026-09-26 14:01:00,582 [INFO] DbMcus:187 - Set 0 / 0 favorites MCUs
2026-09-26 14:01:01,015 [INFO] DbMcusDocs:79 - Found 669 MCUs documents
2026-09-26 14:01:01,015 [INFO] ApiDb:276 - Save user favorites file C:\Users\Hius/.stm32cubeide/favorites.mcus.txt: 0 item(s)
2026-09-26 14:01:01,015 [INFO] ApiDb:280 - User favorites MCUs=[]
2026-09-26 14:01:01,015 [INFO] DbMcusXml:100 - Load MCU database from D:\STM32CubeIDE_1.7.0\STM32CubeIDE\plugins\com.st.stm32cube.common.mx_6.3.0.202107141111\\db\/mcu/families.xml
2026-09-26 14:01:01,103 [WARN] PackLoader:238 - Cannot read IP mode file for STMicroelectronics.X-CUBE-AZRTOS-H7.3.5.0
2026-09-26 14:01:01,137 [WARN] PackLoader:238 - Cannot read IP mode file for STMicroelectronics.FP-ATR-ASTRA1.2.0.3
2026-09-26 14:01:01,160 [ERROR] Engine:463 - C:\Users\Hius\.stm32cubemx\thirdparties\pdsc\STMicroelectronics.X-CUBE-SMBUS.2.1.1.pdsc: PDSC version is not supported
2026-09-26 14:01:01,211 [WARN] PackLoader:238 - Cannot read IP mode file for STMicroelectronics.X-CUBE-AZRTOS-F7.1.1.0
2026-09-26 14:01:01,221 [ERROR] Engine:463 - C:\Users\Hius\.stm32cubemx\thirdparties\pdsc\STMicroelectronics.X-CUBE-FREERTOS.1.6.0.pdsc: PDSC version is not supported
2026-09-26 14:01:01,221 [ERROR] Engine:463 - C:\Users\Hius\.stm32cubemx\thirdparties\pdsc\STMicroelectronics.FP-SNS-MOTENV1.5.1.0.pdsc: PDSC version is not supported
2026-09-26 14:01:01,245 [WARN] PackLoader:238 - Cannot read IP mode file for STMicroelectronics.X-CUBE-AZRTOS-H7RS.1.3.0
2026-09-26 14:01:01,272 [ERROR] Engine:463 - C:\Users\Hius\.stm32cubemx\thirdparties\pdsc\WES.I-CUBE-Cesium.1.4.0.pdsc: PDSC version is not supported
2026-09-26 14:01:01,277 [ERROR] Engine:463 - C:\Users\Hius\.stm32cubemx\thirdparties\pdsc\STMicroelectronics.X-CUBE-DISPLAY.3.0.0.pdsc: PDSC version is not supported
2026-09-26 14:01:01,277 [WARN] PackLoader:238 - Cannot read IP mode file for STMicroelectronics.X-CUBE-GNSS1.7.1.1
2026-09-26 14:01:01,287 [ERROR] Engine:463 - C:\Users\Hius\.stm32cubemx\thirdparties\pdsc\STMicroelectronics.FP-SNS-MOTENVWB1.1.5.0.pdsc: PDSC version is not supported
2026-09-26 14:01:01,294 [WARN] PackLoader:238 - Cannot read IP mode file for STMicroelectronics.X-CUBE-NFC10.1.0.0
2026-09-26 14:01:01,298 [ERROR] Engine:463 - C:\Users\Hius\.stm32cubemx\thirdparties\pdsc\STMicroelectronics.X-CUBE-ST60.1.1.0.pdsc: PDSC version is not supported
2026-09-26 14:01:01,298 [ERROR] Engine:463 - C:\Users\Hius\.stm32cubemx\thirdparties\pdsc\emotas.I-CUBE-CANOPEN.1.3.0.pdsc: PDSC version is not supported
2026-09-26 14:01:01,298 [WARN] PackLoader:238 - Cannot read IP mode file for wolfSSL.I-CUBE-wolfSSL.5.9.2
2026-09-26 14:01:01,308 [ERROR] Engine:463 - C:\Users\Hius\.stm32cubemx\thirdparties\pdsc\STMicroelectronics.X-CUBE-WBA.1.1.0.pdsc: PDSC version is not supported
2026-09-26 14:01:01,313 [ERROR] Engine:463 - C:\Users\Hius\.stm32cubemx\thirdparties\pdsc\STMicroelectronics.FP-SNS-STBOX1.2.1.0.pdsc: PDSC version is not supported
2026-09-26 14:01:01,313 [ERROR] Engine:463 - C:\Users\Hius\.stm32cubemx\thirdparties\pdsc\STMicroelectronics.FP-SNS-SMARTAG2.1.2.0.pdsc: PDSC version is not supported
2026-09-26 14:01:01,313 [ERROR] Engine:463 - C:\Users\Hius\.stm32cubemx\thirdparties\pdsc\STMicroelectronics.FP-SNS-FLIGHT1.5.1.0.pdsc: PDSC version is not supported
2026-09-26 14:01:01,324 [INFO] LogOutputStream:76 - [STDOUT_REDIRECT] 1 : Invalid condition id : UX_CORESTACK_Condition cause : null
2026-09-26 14:01:01,324 [INFO] LogOutputStream:76 - [STDOUT_REDIRECT] 1 : Invalid condition id : UX_CORESTACK_Condition cause : null
2026-09-26 14:01:01,324 [INFO] LogOutputStream:76 - [STDOUT_REDIRECT] 1 : Invalid condition id : UX_CORESTACK_Condition cause : null
2026-09-26 14:01:01,324 [INFO] LogOutputStream:76 - [STDOUT_REDIRECT] 1 : Invalid condition id : UX_CORESTACK_Condition cause : null
2026-09-26 14:01:01,324 [INFO] LogOutputStream:76 - [STDOUT_REDIRECT] 1 : Invalid condition id : UX_CORESTACK_Condition cause : null
2026-09-26 14:01:01,324 [WARN] PackLoader:238 - Cannot read IP mode file for STMicroelectronics.X-CUBE-AZRTOS-WL.2.0.0
2026-09-26 14:01:01,351 [WARN] PackLoader:238 - Cannot read IP mode file for STMicroelectronics.X-CUBE-BLE2.3.3.0
2026-09-26 14:01:01,356 [ERROR] Engine:463 - C:\Users\Hius\.stm32cubemx\thirdparties\pdsc\Avnet-IOTCONNECT.X-CUBE-iotc-st67-sdk.1.0.0.pdsc: PDSC version is not supported
2026-09-26 14:01:01,365 [ERROR] Engine:463 - C:\Users\Hius\.stm32cubemx\thirdparties\pdsc\Infineon.AIROC-Wi-Fi-Bluetooth-STM32.1.8.0.pdsc: PDSC version is not supported
2026-09-26 14:01:01,375 [WARN] PackLoader:238 - Cannot read IP mode file for STMicroelectronics.X-CUBE-NFC9.1.0.0
2026-09-26 14:01:01,385 [WARN] PackLoader:238 - Cannot read IP mode file for STMicroelectronics.X-CUBE-BLE1.7.1.0
2026-09-26 14:01:01,391 [WARN] PackLoader:238 - Cannot read IP mode file for wolfSSL.I-CUBE-wolfMQTT.1.19.2
2026-09-26 14:01:01,399 [WARN] PackLoader:238 - Cannot read IP mode file for STMicroelectronics.X-CUBE-EEPRMA1.5.2.0
2026-09-26 14:01:01,423 [WARN] PackLoader:238 - Cannot read IP mode file for STMicroelectronics.X-CUBE-AZRTOS-G0.1.1.0
2026-09-26 14:01:01,445 [WARN] PackLoader:238 - Cannot read IP mode file for STMicroelectronics.X-CUBE-NFC4.3.0.0
2026-09-26 14:01:01,455 [ERROR] Engine:463 - C:\Users\Hius\.stm32cubemx\thirdparties\pdsc\EmbeddedOffice.I-CUBE-FS-RTOS.1.0.1.pdsc: PDSC version is not supported
2026-09-26 14:01:01,461 [WARN] PackLoader:238 - Cannot read IP mode file for wolfSSL.I-CUBE-wolfTPM.3.8.0
2026-09-26 14:01:01,466 [ERROR] Engine:463 - C:\Users\Hius\.stm32cubemx\thirdparties\pdsc\STMicroelectronics.X-CUBE-TCPP.4.2.0.pdsc: PDSC version is not supported
2026-09-26 14:01:01,474 [ERROR] Engine:463 - C:\Users\Hius\.stm32cubemx\thirdparties\pdsc\RealThread.X-CUBE-RT-Thread_Nano.4.1.1.pdsc: PDSC version is not supported
2026-09-26 14:01:01,480 [WARN] PackLoader:238 - Cannot read IP mode file for STMicroelectronics.FP-ATR-SIGFOX1.3.2.0
2026-09-26 14:01:01,482 [ERROR] Engine:463 - C:\Users\Hius\.stm32cubemx\thirdparties\pdsc\ITTIA_DB.I-CUBE-ITTIADB.8.9.0.pdsc: PDSC version is not supported
2026-09-26 14:01:01,482 [ERROR] Engine:463 - C:\Users\Hius\.stm32cubemx\thirdparties\pdsc\Cesanta.I-CUBE-Mongoose.7.21.7.pdsc: PDSC version is not supported
2026-09-26 14:01:01,492 [WARN] PackLoader:238 - Cannot read IP mode file for STMicroelectronics.X-CUBE-NFC6.3.2.0
2026-09-26 14:01:01,500 [WARN] PackLoader:238 - Cannot read IP mode file for STMicroelectronics.X-CUBE-AI.10.2.1
2026-09-26 14:01:01,551 [WARN] PackLoader:238 - Cannot read IP mode file for SEGGER.I-CUBE-embOS.1.3.1
2026-09-26 14:01:01,608 [ERROR] Engine:463 - C:\Users\Hius\.stm32cubemx\thirdparties\pdsc\STMicroelectronics.FP-SNS-STAIOTCFT.2.0.0.pdsc: PDSC version is not supported
2026-09-26 14:01:01,621 [WARN] PackLoader:238 - Cannot read IP mode file for STMicroelectronics.X-CUBE-NFC13.1.0.0
2026-09-26 14:01:01,625 [WARN] PackLoader:238 - Cannot read IP mode file for STMicroelectronics.X-CUBE-PM33A1.1.0.0
2026-09-26 14:01:01,663 [WARN] PackLoader:238 - Cannot read IP mode file for STMicroelectronics.X-CUBE-AZRTOS-F4.1.1.0
2026-09-26 14:01:01,684 [WARN] PackLoader:238 - Cannot read IP mode file for STMicroelectronics.X-CUBE-ISPU.2.1.0
2026-09-26 14:01:01,690 [ERROR] Engine:463 - C:\Users\Hius\.stm32cubemx\thirdparties\pdsc\STMicroelectronics.X-CUBE-IPS.3.2.0.pdsc: PDSC version is not supported
2026-09-26 14:01:01,692 [ERROR] Engine:463 - C:\Users\Hius\.stm32cubemx\thirdparties\pdsc\STMicroelectronics.eDS-WB_DPC_TT-BIDIR.2.1.1.pdsc: PDSC version is not supported
2026-09-26 14:01:01,702 [WARN] PackLoader:238 - Cannot read IP mode file for STMicroelectronics.X-CUBE-NFC12.1.0.0
2026-09-26 14:01:01,712 [INFO] DbMcusJson:93 - JSON generation date=Mon Jun 07 15:53:21 ICT 2021 (1623056001)
2026-09-26 14:01:01,724 [WARN] PackLoader:238 - Cannot read IP mode file for STMicroelectronics.X-CUBE-AZRTOS-L5.2.0.0
2026-09-26 14:01:01,742 [WARN] PackLoader:238 - Cannot read IP mode file for STMicroelectronics.X-CUBE-ALGOBUILD.1.5.0
2026-09-26 14:01:01,746 [ERROR] Engine:463 - C:\Users\Hius\.stm32cubemx\thirdparties\pdsc\STMicroelectronics.eDS-WB_DPC_VIENNA.1.2.0.pdsc: PDSC version is not supported
2026-09-26 14:01:01,793 [WARN] PackLoader:238 - Cannot read IP mode file for STMicroelectronics.X-CUBE-MEMS1.13.0.0
2026-09-26 14:01:01,971 [ERROR] Engine:463 - C:\Users\Hius\.stm32cubemx\thirdparties\pdsc\STMicroelectronics.eDS-WB_DPC_3PH2L-BIDIR.1.1.1.pdsc: PDSC version is not supported
2026-09-26 14:01:01,975 [ERROR] Engine:463 - C:\Users\Hius\.stm32cubemx\thirdparties\pdsc\STMicroelectronics.X-CUBE-ST67W61.1.3.0.pdsc: PDSC version is not supported
2026-09-26 14:01:01,975 [WARN] PackLoader:238 - Cannot read IP mode file for STMicroelectronics.X-CUBE-TOUCHGFX.4.26.1
2026-09-26 14:01:01,975 [ERROR] Engine:463 - C:\Users\Hius\.stm32cubemx\thirdparties\pdsc\STMicroelectronics.X-CUBE-DPower.1.3.0.pdsc: PDSC version is not supported
2026-09-26 14:01:02,008 [WARN] ConditionMgr:437 - getConditionDescription Invalid condition id : LAN8742 Phy interface Condition cause : null
2026-09-26 14:01:02,011 [WARN] PackLoader:238 - Cannot read IP mode file for STMicroelectronics.X-CUBE-AZRTOS-L4.2.0.0
2026-09-26 14:01:02,011 [WARN] ConditionMgr:1038 - genDependencies : Invalid condition id : LAN8742 Phy interface Condition cause : null
2026-09-26 14:01:02,011 [WARN] ConditionMgr:1038 - genDependencies : Invalid condition id : LAN8742 Phy interface Condition cause : null
2026-09-26 14:01:02,013 [WARN] ConditionMgr:1038 - genDependencies : Invalid condition id : LAN8742 Phy interface Condition cause : null
2026-09-26 14:01:02,020 [WARN] PackLoader:238 - Cannot read IP mode file for STMicroelectronics.X-CUBE-SFXS2LP1.4.0.0
2026-09-26 14:01:02,034 [WARN] PackLoader:238 - Cannot read IP mode file for STMicroelectronics.X-CUBE-WB05N.2.1.0
2026-09-26 14:01:02,051 [WARN] ConditionMgr:437 - getConditionDescription Invalid condition id : UX DEVICE CLASS RTOS Condition cause : null
2026-09-26 14:01:02,053 [WARN] ConditionMgr:437 - getConditionDescription Invalid condition id : UX DEVICE CLASS RTOS Condition cause : null
2026-09-26 14:01:02,055 [WARN] PackLoader:238 - Cannot read IP mode file for STMicroelectronics.X-CUBE-AZRTOS-WB.2.0.0
2026-09-26 14:01:02,055 [WARN] ConditionMgr:1038 - genDependencies : Invalid condition id : UX DEVICE CLASS RTOS Condition cause : null
2026-09-26 14:01:02,055 [WARN] ConditionMgr:1038 - genDependencies : Invalid condition id : UX DEVICE CLASS RTOS Condition cause : null
2026-09-26 14:01:02,055 [WARN] ConditionMgr:1038 - genDependencies : Invalid condition id : UX DEVICE CLASS RTOS Condition cause : null
2026-09-26 14:01:02,055 [WARN] ConditionMgr:1038 - genDependencies : Invalid condition id : UX DEVICE CLASS RTOS Condition cause : null
2026-09-26 14:01:02,055 [WARN] ConditionMgr:1038 - genDependencies : Invalid condition id : UX DEVICE CLASS RTOS Condition cause : null
2026-09-26 14:01:02,060 [ERROR] Engine:463 - C:\Users\Hius\.stm32cubemx\thirdparties\pdsc\quantropi.X-CUBE-qispace-sdk-base.2.1.0.pdsc: PDSC version is not supported
2026-09-26 14:01:02,067 [WARN] PackLoader:238 - Cannot read IP mode file for STMicroelectronics.X-CUBE-STSE01.2.0.0
2026-09-26 14:01:02,081 [WARN] PackLoader:238 - Cannot read IP mode file for STMicroelectronics.X-CUBE-SUBG2.5.0.0
2026-09-26 14:01:02,105 [WARN] PackLoader:238 - Cannot read IP mode file for STMicroelectronics.X-CUBE-AZRTOS-G4.2.0.0
2026-09-26 14:01:02,115 [WARN] PackLoader:238 - Cannot read IP mode file for wolfSSL.I-CUBE-wolfSSH.1.4.20
2026-09-26 14:01:02,119 [WARN] PackLoader:238 - Cannot read IP mode file for STMicroelectronics.X-CUBE-NFC7.2.0.0
2026-09-26 14:01:02,125 [ERROR] Engine:463 - C:\Users\Hius\.stm32cubemx\thirdparties\pdsc\STMicroelectronics.X-CUBE-BLEMGR.4.2.0.pdsc: PDSC version is not supported
2026-09-26 14:01:02,127 [ERROR] Engine:463 - C:\Users\Hius\.stm32cubemx\thirdparties\pdsc\STMicroelectronics.X-CUBE-ALS.1.0.2.pdsc: PDSC version is not supported
2026-09-26 14:01:02,133 [ERROR] Engine:463 - C:\Users\Hius\.stm32cubemx\thirdparties\pdsc\STMicroelectronics.X-CUBE-TOF1.3.4.3.pdsc: PDSC version is not supported
2026-09-26 14:01:02,135 [INFO] ThirdParty:915 - Integrity check success = true
2026-09-26 14:01:02,135 [INFO] IntegrityCheckThread:94 - exiting critical section [integrity check]
2026-09-26 14:01:02,135 [INFO] IntegrityCheckThread:97 - End integrity checks thread
2026-09-26 14:01:02,240 [INFO] DbMcus:175 - Found 1951 MCUs (1903 are supported by CubeMX, 1903 are visible in CubeMX)
2026-09-26 14:01:02,255 [INFO] ApiDb:251 - Load user favorites file C:\Users\Hius/.stm32cubeide/favorites.mcus.txt: 0 item(s)
2026-09-26 14:01:02,255 [INFO] ApiDb:255 - User favorites MCUs=[]
2026-09-26 14:01:02,255 [INFO] DbMcus:187 - Set 0 / 0 favorites MCUs
2026-09-26 14:01:02,273 [INFO] DbBoardsDocs:143 - JSON generation date=Tue Jun 01 12:52:40 ICT 2021 (1622526760)
2026-09-26 14:01:02,273 [INFO] DbBoardsPdsc:90 - Found 25 items
2026-09-26 14:01:02,286 [INFO] DbBoardsPdsc:90 - Found 9 items
2026-09-26 14:01:02,286 [INFO] DbBoardsPdsc:90 - Found 33 items
2026-09-26 14:01:02,286 [INFO] DbBoardsPdsc:90 - Found 1 items
2026-09-26 14:01:02,286 [INFO] DbBoardsPdsc:90 - Found 48 items
2026-09-26 14:01:02,306 [INFO] DbBoardsPdsc:90 - Found 43 items
2026-09-26 14:01:02,306 [INFO] DbBoardsPdsc:90 - Found 2 items
2026-09-26 14:01:02,315 [INFO] DbBoardsPdsc:90 - Found 5 items
2026-09-26 14:01:02,320 [WARN] DbBoardsPdsc:254 - Board STM32H7B3I-DK: unknown feature type=Audio, name=, username=Audio stereo codec with Headphone Amp (CS42L51-CNZ), n=1
2026-09-26 14:01:02,320 [WARN] DbBoardsPdsc:254 - Board STM32H735G-DK: unknown feature type=Audio, name=, username=Audio stereo codec with Headphone Amp (WM8994ECS/R), n=1
2026-09-26 14:01:02,320 [WARN] DbBoardsPdsc:254 - Board STM32H7B3I-EVAL: unknown feature type=Audio, name=, username=Multi-Channel Audio Codec (CS42L51-CNZ), n=1
2026-09-26 14:01:02,322 [WARN] DbBoardsPdsc:254 - Board STM32H7B3I-EVAL: unknown feature type=Meter, name=, username=Power-metering and Temperature-monitoring with sigma-delta modulators, n=1
2026-09-26 14:01:02,322 [WARN] DbBoardsPdsc:254 - Board STM32H7B3I-EVAL: unknown feature type=Motor, name=, username=Motor Control, n=1
2026-09-26 14:01:02,322 [WARN] DbBoardsPdsc:254 - Board STM32U575I-EV: unknown feature type=joystick, name=, username=4-direction joystick with selection button, n=1
2026-09-26 14:01:02,336 [INFO] DbBoardsJson:86 - JSON generation date=Tue Jun 01 12:52:40 ICT 2021 (1622526760)
2026-09-26 14:01:02,338 [INFO] DbBoards:117 - Found 166 boards (163 are supported by CubeMX)
2026-09-26 14:01:02,350 [INFO] DbBoardsDocs:143 - JSON generation date=Tue Jun 01 12:52:40 ICT 2021 (1622526760)
2026-09-26 14:01:02,366 [INFO] DbBoardsDocs:79 - Found 193 boards documents
2026-09-26 14:01:02,366 [WARN] DbBoards:127 - board B-L462E-CELL1 has no document id list !
2026-09-26 14:01:02,366 [WARN] DbBoards:127 - board B-L475E-IOT01A2 has no document id list !
2026-09-26 14:01:02,366 [WARN] DbBoards:127 - board B-U585I-IOT02A has no document id list !
2026-09-26 14:01:02,366 [WARN] DbBoards:127 - board NUCLEO-G0B1RE has no document id list !
2026-09-26 14:01:02,366 [WARN] DbBoards:127 - board NUCLEO-H743ZI has no document id list !
2026-09-26 14:01:02,366 [WARN] DbBoards:127 - board NUCLEO-L4A6ZG has no document id list !
2026-09-26 14:01:02,366 [WARN] DbBoards:127 - board NUCLEO-U575ZI-Q has no document id list !
2026-09-26 14:01:02,366 [WARN] DbBoards:127 - board NUCLEO-WB15CC has no document id list !
2026-09-26 14:01:02,366 [WARN] DbBoards:127 - board NUCLEO-WB55RG has no document id list !
2026-09-26 14:01:02,366 [WARN] DbBoards:127 - board NUCLEO-WL55JC2 has no document id list !
2026-09-26 14:01:02,366 [WARN] DbBoards:127 - board P-NUCLEO-WB55-Nucleo has no document id list !
2026-09-26 14:01:02,366 [WARN] DbBoards:127 - board P-NUCLEO-WB55-USBDongle has no document id list !
2026-09-26 14:01:02,366 [WARN] DbBoards:127 - board STEVAL-BFA001V1B has no document id list !
2026-09-26 14:01:02,366 [WARN] DbBoards:127 - board STEVAL-BFA001V2B has no document id list !
2026-09-26 14:01:02,366 [WARN] DbBoards:127 - board STEVAL-IDP005V1 has no document id list !
2026-09-26 14:01:02,366 [WARN] DbBoards:127 - board STEVAL-IDP005V2 has no document id list !
2026-09-26 14:01:02,366 [WARN] DbBoards:127 - board STEVAL-MKSBOX1V1 has no document id list !
2026-09-26 14:01:02,366 [WARN] DbBoards:127 - board STEVAL-STWINKT1 has no document id list !
2026-09-26 14:01:02,366 [WARN] DbBoards:127 - board STEVAL-STWINKT1B has no document id list !
2026-09-26 14:01:02,366 [WARN] DbBoards:127 - board STM32F401C-DISCO has no document id list !
2026-09-26 14:01:02,366 [WARN] DbBoards:127 - board STM32F769I-DISC1 has no document id list !
2026-09-26 14:01:02,366 [WARN] DbBoards:127 - board STM32G0C1E-EV has no document id list !
2026-09-26 14:01:02,366 [WARN] DbBoards:127 - board STM32G474E-EVAL1 has no document id list !
2026-09-26 14:01:02,366 [WARN] DbBoards:127 - board STM32H743I-EVAL2 has no document id list !
2026-09-26 14:01:02,366 [WARN] DbBoards:127 - board STM32H747I-DISC1 has no document id list !
2026-09-26 14:01:02,366 [WARN] DbBoards:127 - board STM32H753I-EVAL2 has no document id list !
2026-09-26 14:01:02,366 [WARN] DbBoards:127 - board STM32L-DISCOVERY has no document id list !
2026-09-26 14:01:02,366 [WARN] DbBoards:127 - board STM32MP157A-DK1 has no document id list !
2026-09-26 14:01:02,366 [WARN] DbBoards:127 - board STM32MP157D-DK1 has no document id list !
2026-09-26 14:01:02,366 [WARN] DbBoards:127 - board STM32MP157D-EV1 has no document id list !
2026-09-26 14:01:02,366 [WARN] DbBoards:127 - board STM32MP157F-DK2 has no document id list !
2026-09-26 14:01:02,366 [WARN] DbBoards:127 - board STM32MP157F-EV1 has no document id list !
2026-09-26 14:01:02,366 [WARN] DbBoards:127 - board STM32U575I-EV has no document id list !
2026-09-26 14:01:02,366 [WARN] DbBoards:127 - board STM32WB5MM-DK has no document id list !
2026-09-26 14:01:04,228 [INFO] ApiDb:251 - Load user favorites file C:\Users\Hius/.stm32cubeide/favorites.boards.txt: 0 item(s)
2026-09-26 14:01:04,228 [INFO] ApiDb:255 - User favorites Boards=[]
2026-09-26 14:01:04,228 [INFO] DbBoards:206 - Set 0 / 0 favorites Boards
2026-09-26 14:01:04,245 [INFO] DbBoardsDocs:79 - Found 386 boards documents
2026-09-26 14:01:04,245 [INFO] ApiDb:276 - Save user favorites file C:\Users\Hius/.stm32cubeide/favorites.boards.txt: 0 item(s)
2026-09-26 14:01:04,245 [INFO] ApiDb:280 - User favorites Boards=[]
2026-09-26 14:01:04,254 [INFO] DbBoardsPdsc:90 - Found 25 items
2026-09-26 14:01:04,257 [INFO] DbBoardsPdsc:90 - Found 9 items
2026-09-26 14:01:04,259 [INFO] DbBoardsPdsc:90 - Found 33 items
2026-09-26 14:01:04,261 [INFO] DbBoardsPdsc:90 - Found 1 items
2026-09-26 14:01:04,265 [INFO] DbBoardsPdsc:90 - Found 48 items
2026-09-26 14:01:04,271 [INFO] DbBoardsPdsc:90 - Found 43 items
2026-09-26 14:01:04,271 [INFO] DbBoardsPdsc:90 - Found 2 items
2026-09-26 14:01:04,271 [INFO] DbBoardsPdsc:90 - Found 5 items
2026-09-26 14:01:04,277 [WARN] DbBoardsPdsc:254 - Board STM32H7B3I-DK: unknown feature type=Audio, name=, username=Audio stereo codec with Headphone Amp (CS42L51-CNZ), n=1
2026-09-26 14:01:04,277 [WARN] DbBoardsPdsc:254 - Board STM32H735G-DK: unknown feature type=Audio, name=, username=Audio stereo codec with Headphone Amp (WM8994ECS/R), n=1
2026-09-26 14:01:04,277 [WARN] DbBoardsPdsc:254 - Board STM32H7B3I-EVAL: unknown feature type=Audio, name=, username=Multi-Channel Audio Codec (CS42L51-CNZ), n=1
2026-09-26 14:01:04,277 [WARN] DbBoardsPdsc:254 - Board STM32H7B3I-EVAL: unknown feature type=Meter, name=, username=Power-metering and Temperature-monitoring with sigma-delta modulators, n=1
2026-09-26 14:01:04,277 [WARN] DbBoardsPdsc:254 - Board STM32H7B3I-EVAL: unknown feature type=Motor, name=, username=Motor Control, n=1
2026-09-26 14:01:04,277 [WARN] DbBoardsPdsc:254 - Board STM32U575I-EV: unknown feature type=joystick, name=, username=4-direction joystick with selection button, n=1
2026-09-26 14:01:04,296 [INFO] DbBoardsJson:86 - JSON generation date=Tue Jun 01 12:52:40 ICT 2021 (1622526760)
2026-09-26 14:01:04,304 [INFO] DbBoards:117 - Found 166 boards (163 are supported by CubeMX)
2026-09-26 14:01:04,304 [WARN] DbBoards:127 - board B-L462E-CELL1 has no document id list !
2026-09-26 14:01:04,304 [WARN] DbBoards:127 - board B-L475E-IOT01A2 has no document id list !
2026-09-26 14:01:04,304 [WARN] DbBoards:127 - board B-U585I-IOT02A has no document id list !
2026-09-26 14:01:04,307 [WARN] DbBoards:127 - board NUCLEO-G0B1RE has no document id list !
2026-09-26 14:01:04,307 [WARN] DbBoards:127 - board NUCLEO-H743ZI has no document id list !
2026-09-26 14:01:04,307 [WARN] DbBoards:127 - board NUCLEO-L4A6ZG has no document id list !
2026-09-26 14:01:04,307 [WARN] DbBoards:127 - board NUCLEO-U575ZI-Q has no document id list !
2026-09-26 14:01:04,307 [WARN] DbBoards:127 - board NUCLEO-WB15CC has no document id list !
2026-09-26 14:01:04,307 [WARN] DbBoards:127 - board NUCLEO-WB55RG has no document id list !
2026-09-26 14:01:04,307 [WARN] DbBoards:127 - board NUCLEO-WL55JC2 has no document id list !
2026-09-26 14:01:04,307 [WARN] DbBoards:127 - board P-NUCLEO-WB55-Nucleo has no document id list !
2026-09-26 14:01:04,307 [WARN] DbBoards:127 - board P-NUCLEO-WB55-USBDongle has no document id list !
2026-09-26 14:01:04,307 [WARN] DbBoards:127 - board STEVAL-BFA001V1B has no document id list !
2026-09-26 14:01:04,307 [WARN] DbBoards:127 - board STEVAL-BFA001V2B has no document id list !
2026-09-26 14:01:04,307 [WARN] DbBoards:127 - board STEVAL-IDP005V1 has no document id list !
2026-09-26 14:01:04,307 [WARN] DbBoards:127 - board STEVAL-IDP005V2 has no document id list !
2026-09-26 14:01:04,307 [WARN] DbBoards:127 - board STEVAL-MKSBOX1V1 has no document id list !
2026-09-26 14:01:04,307 [WARN] DbBoards:127 - board STEVAL-STWINKT1 has no document id list !
2026-09-26 14:01:04,307 [WARN] DbBoards:127 - board STEVAL-STWINKT1B has no document id list !
2026-09-26 14:01:04,307 [WARN] DbBoards:127 - board STM32F401C-DISCO has no document id list !
2026-09-26 14:01:04,307 [WARN] DbBoards:127 - board STM32F769I-DISC1 has no document id list !
2026-09-26 14:01:04,307 [WARN] DbBoards:127 - board STM32G0C1E-EV has no document id list !
2026-09-26 14:01:04,307 [WARN] DbBoards:127 - board STM32G474E-EVAL1 has no document id list !
2026-09-26 14:01:04,307 [WARN] DbBoards:127 - board STM32H743I-EVAL2 has no document id list !
2026-09-26 14:01:04,307 [WARN] DbBoards:127 - board STM32H747I-DISC1 has no document id list !
2026-09-26 14:01:04,307 [WARN] DbBoards:127 - board STM32H753I-EVAL2 has no document id list !
2026-09-26 14:01:04,307 [WARN] DbBoards:127 - board STM32L-DISCOVERY has no document id list !
2026-09-26 14:01:04,307 [WARN] DbBoards:127 - board STM32MP157A-DK1 has no document id list !
2026-09-26 14:01:04,307 [WARN] DbBoards:127 - board STM32MP157D-DK1 has no document id list !
2026-09-26 14:01:04,307 [WARN] DbBoards:127 - board STM32MP157D-EV1 has no document id list !
2026-09-26 14:01:04,307 [WARN] DbBoards:127 - board STM32MP157F-DK2 has no document id list !
2026-09-26 14:01:04,307 [WARN] DbBoards:127 - board STM32MP157F-EV1 has no document id list !
2026-09-26 14:01:04,307 [WARN] DbBoards:127 - board STM32U575I-EV has no document id list !
2026-09-26 14:01:04,307 [WARN] DbBoards:127 - board STM32WB5MM-DK has no document id list !
2026-09-26 14:01:05,798 [INFO] ApiDb:251 - Load user favorites file C:\Users\Hius/.stm32cubeide/favorites.boards.txt: 0 item(s)
2026-09-26 14:01:05,798 [INFO] ApiDb:255 - User favorites Boards=[]
2026-09-26 14:01:05,798 [INFO] DbBoards:206 - Set 0 / 0 favorites Boards
2026-09-26 14:01:05,801 [ERROR] TargetSelectorAdapter:232 - Unable to refresh data
2026-09-26 14:01:06,018 [INFO] McuFinderGlobals:52 - Set McuFinderConnectedMode to false
2026-09-26 14:01:06,178 [INFO] CrossSelectorPresenter:1330 - Cross Selector saved comparison directory: C:\Users\Hius\.stmcufinder\plugins\mcufinder\mcu\cs_comparisons_mx
2026-09-26 14:01:06,184 [INFO] MultiScanPanel:197 - Auto-refresh data requested => check proxy status ongoing
2026-09-26 14:01:06,187 [INFO] MultiScanPanel:201 - Proxy status is invalid
2026-09-26 14:01:06,188 [INFO] FinderPluginLoader:87 - Searching for filters in installed packs
2026-09-26 14:01:06,727 [WARN] DetailPanel:314 - Failed to get advertising image, set to default
2026-09-26 14:03:24,785 [INFO] MainUpdater:2671 - connection check result : 10
2026-09-26 14:03:24,785 [INFO] MainUpdater:2671 - connection check result : 10
2026-09-26 14:03:24,859 [INFO] MicroXplorer:448 - Change Database Path : 
2026-09-26 14:03:24,859 [INFO] MicroXplorer:478 - Change Database Version : DB.6.0.30
2026-09-26 14:03:24,859 [WARN] ThirdParty:813 - waiting for thirdparty lock release [close project]
2026-09-26 14:03:24,859 [INFO] ThirdParty:815 - entering critical section [close project]
2026-09-26 14:03:24,859 [INFO] ThirdParty:825 - exiting critical section [close project]
2026-09-26 14:03:24,859 [INFO] PinOutPanel:1463 - setPackage(No Configuration,No Configuration)
2026-09-26 14:03:24,859 [INFO] UtilMem:74 - Begin LoadConfig() Used Memory: 881418680 Bytes (894435328)
2026-09-26 14:03:24,868 [INFO] MicroXplorer:448 - Change Database Path : 
2026-09-26 14:03:24,868 [INFO] MicroXplorer:478 - Change Database Version : DB.6.0.30
2026-09-26 14:03:24,868 [INFO] OpenFileManager:313 - Change cursor
2026-09-26 14:03:25,932 [INFO] Context:592 - Trying to add GPIOservice into a context  which must be forbidden
2026-09-26 14:03:26,175 [INFO] ImportTextPane:167 - (OptionalMessage_ERROR) Unable to find key (Mcu.ThirdPartyNb) in loaded IOC file
2026-09-26 14:03:26,175 [INFO] ImportTextPane:167 - (OptionalMessage_ERROR) Unable to find key (Mcu.PinsNb) in loaded IOC file
2026-09-26 14:03:26,175 [INFO] ImportTextPane:167 - (OptionalMessage_ERROR) Unable to find key (Mcu.IPNb) in loaded IOC file
2026-09-26 14:03:26,222 [WARN] ApiManager:304 - Cannot register API 'Board Extension:PM33A1' from pack STMicroelectronics.X-CUBE-PM33A1.1.0.0: no header file found
2026-09-26 14:03:26,225 [WARN] ApiManager:304 - Cannot register API 'Board Extension:NFC09A1' from pack STMicroelectronics.X-CUBE-NFC9.1.0.0: no header file found
2026-09-26 14:03:26,227 [WARN] ApiManager:304 - Cannot register API 'Wireless:BlueNRG-MS' from pack STMicroelectronics.X-CUBE-BLE1.7.1.0: no header file found
2026-09-26 14:03:26,229 [WARN] ApiManager:304 - Cannot register API 'Board Extension:EEPRMA2' from pack STMicroelectronics.X-CUBE-EEPRMA1.5.2.0: no header file found
2026-09-26 14:03:26,229 [WARN] ApiManager:304 - Cannot register API 'Board Extension:PGEEZ1' from pack STMicroelectronics.X-CUBE-EEPRMA1.5.2.0: no header file found
2026-09-26 14:03:26,229 [WARN] ApiManager:304 - Cannot register API 'Board Extension:EEICA1' from pack STMicroelectronics.X-CUBE-EEPRMA1.5.2.0: no header file found
2026-09-26 14:03:26,229 [WARN] ApiManager:304 - Cannot register API 'Board Part:M24' from pack STMicroelectronics.X-CUBE-EEPRMA1.5.2.0: no header file found
2026-09-26 14:03:26,229 [WARN] ApiManager:304 - Cannot register API 'Board Part:M95' from pack STMicroelectronics.X-CUBE-EEPRMA1.5.2.0: no header file found
2026-09-26 14:03:26,229 [WARN] ApiManager:304 - Cannot register API 'Board Part:M95P32' from pack STMicroelectronics.X-CUBE-EEPRMA1.5.2.0: no header file found
2026-09-26 14:03:26,229 [WARN] ApiManager:304 - Cannot register API 'Board Part:M24256E-F' from pack STMicroelectronics.X-CUBE-EEPRMA1.5.2.0: no header file found
2026-09-26 14:03:26,229 [WARN] ApiManager:304 - Cannot register API 'Board Part:M24M01E-F' from pack STMicroelectronics.X-CUBE-EEPRMA1.5.2.0: no header file found
2026-09-26 14:03:26,229 [WARN] ApiManager:304 - Cannot register API 'PGEEZ1:SPI' from pack STMicroelectronics.X-CUBE-EEPRMA1.5.2.0: no header file found
2026-09-26 14:03:26,229 [WARN] ApiManager:304 - Cannot register API 'PGEEZ1:QDSPI' from pack STMicroelectronics.X-CUBE-EEPRMA1.5.2.0: no header file found
2026-09-26 14:03:26,231 [WARN] ApiManager:304 - Cannot register API 'Board Extension:NFC12A1' from pack STMicroelectronics.X-CUBE-NFC12.1.0.0: no header file found
2026-09-26 14:03:26,244 [WARN] ApiManager:304 - Cannot register API 'Board Extension:SAFEA1' from pack STMicroelectronics.X-CUBE-STSE01.2.0.0: no header file found
2026-09-26 14:03:26,246 [WARN] ApiManager:304 - Cannot register API 'Board Extension:ESE01A1' from pack STMicroelectronics.X-CUBE-STSE01.2.0.0: no header file found
2026-09-26 14:03:26,246 [WARN] ApiManager:304 - Cannot register API 'Board Extension:ESE02A1' from pack STMicroelectronics.X-CUBE-STSE01.2.0.0: no header file found
2026-09-26 14:03:26,246 [WARN] ApiManager:304 - Cannot register API 'Board Part:STSAFEA110' from pack STMicroelectronics.X-CUBE-STSE01.2.0.0: no header file found
2026-09-26 14:03:26,246 [WARN] ApiManager:304 - Cannot register API 'Board Part:STSAFEA120' from pack STMicroelectronics.X-CUBE-STSE01.2.0.0: no header file found
2026-09-26 14:03:26,246 [WARN] ApiManager:304 - Cannot register API 'Board Part:STSAFEL010' from pack STMicroelectronics.X-CUBE-STSE01.2.0.0: no header file found
2026-09-26 14:03:26,246 [WARN] ApiManager:304 - Cannot register API 'Security:STM32_Cryptographic' from pack STMicroelectronics.X-CUBE-STSE01.2.0.0: no header file found
2026-09-26 14:03:26,246 [WARN] ApiManager:304 - Cannot register API 'Security:STSELib' from pack STMicroelectronics.X-CUBE-STSE01.2.0.0: no header file found
2026-09-26 14:03:26,248 [INFO] RtosManager:484 - Registered RTOS mode: class=CMSIS, group=RTOS, mode=CMSIS_V1, owner=FREERTOS
2026-09-26 14:03:26,248 [INFO] RtosManager:484 - Registered RTOS mode: class=CMSIS, group=RTOS2, mode=CMSIS_V2, owner=FREERTOS
2026-09-26 14:03:26,248 [INFO] RtosManager:484 - Registered RTOS mode: class=RTOS, group=Core, mode=CMSIS_V1, owner=FREERTOS
2026-09-26 14:03:26,248 [INFO] RtosManager:484 - Registered RTOS mode: class=RTOS, group=Core, mode=CMSIS_V2, owner=FREERTOS
2026-09-26 14:03:26,248 [WARN] ModelIntegratedComponent:181 - Missing modes for component STMicroelectronics:FreeRTOS:0.0.1:STMicroelectronics:RTOS:FreeRTOS:Core:::10.2.0:
2026-09-26 14:03:26,254 [WARN] ApiManager:304 - Cannot register API 'Board Extension:NFC04A1' from pack STMicroelectronics.X-CUBE-NFC4.3.0.0: no header file found
2026-09-26 14:03:26,259 [WARN] ApiManager:304 - Cannot register API 'Board Extension:S2868A1' from pack STMicroelectronics.X-CUBE-SUBG2.5.0.0: no header file found
2026-09-26 14:03:26,259 [WARN] ApiManager:304 - Cannot register API 'Board Extension:S2868A2' from pack STMicroelectronics.X-CUBE-SUBG2.5.0.0: no header file found
2026-09-26 14:03:26,259 [WARN] ApiManager:304 - Cannot register API 'Board Extension:S2915A1' from pack STMicroelectronics.X-CUBE-SUBG2.5.0.0: no header file found
2026-09-26 14:03:26,398 [WARN] ApiManager:304 - Cannot register API 'Board Extension:IKS02A1' from pack STMicroelectronics.X-CUBE-MEMS1.13.0.0: no header file found
2026-09-26 14:03:26,398 [WARN] ApiManager:304 - Cannot register API 'Board Extension:IKS4A1' from pack STMicroelectronics.X-CUBE-MEMS1.13.0.0: no header file found
2026-09-26 14:03:26,398 [WARN] ApiManager:304 - Cannot register API 'Board Extension:IKS5A1' from pack STMicroelectronics.X-CUBE-MEMS1.13.0.0: no header file found
2026-09-26 14:03:26,403 [WARN] ApiManager:304 - Cannot register API 'Board Extension:NFC07A1' from pack STMicroelectronics.X-CUBE-NFC7.2.0.0: no header file found
2026-09-26 14:03:26,414 [WARN] ApiManager:304 - Cannot register API 'Board Extension:GNSS1A1' from pack STMicroelectronics.X-CUBE-GNSS1.7.1.1: no header file found
2026-09-26 14:03:26,414 [WARN] ApiManager:304 - Cannot register API 'Board Support:Custom' from pack STMicroelectronics.X-CUBE-GNSS1.7.1.1: no header file found
2026-09-26 14:03:26,414 [WARN] ApiManager:304 - Cannot register API 'Data Exchange:lib_gnss' from pack STMicroelectronics.X-CUBE-GNSS1.7.1.1: no header file found
2026-09-26 14:03:26,414 [WARN] ApiManager:304 - Cannot register API 'Board Extension:NFC10A1' from pack STMicroelectronics.X-CUBE-NFC10.1.0.0: no header file found
2026-09-26 14:03:26,414 [WARN] ModelIntegratedComponent:60 - No mode defined for component null
2026-09-26 14:03:26,414 [WARN] ModelIntegratedComponent:60 - No mode defined for component null
2026-09-26 14:03:26,414 [WARN] ModelIntegratedComponent:60 - No mode defined for component null
2026-09-26 14:03:26,414 [WARN] ModelIntegratedComponent:60 - No mode defined for component null
2026-09-26 14:03:26,414 [WARN] ModelIntegratedComponent:60 - No mode defined for component null
2026-09-26 14:03:26,414 [WARN] ModelIntegratedComponent:60 - No mode defined for component null
2026-09-26 14:03:26,414 [WARN] ModelIntegratedComponent:60 - No mode defined for component null
2026-09-26 14:03:26,414 [WARN] ModelIntegratedComponent:60 - No mode defined for component null
2026-09-26 14:03:26,414 [WARN] ModelIntegratedComponent:60 - No mode defined for component null
2026-09-26 14:03:26,414 [WARN] ModelIntegratedComponent:60 - No mode defined for component null
2026-09-26 14:03:26,414 [WARN] ModelIntegratedComponent:60 - No mode defined for component null
2026-09-26 14:03:26,414 [WARN] ModelIntegratedComponent:60 - No mode defined for component null
2026-09-26 14:03:26,414 [WARN] ModelIntegratedComponent:60 - No mode defined for component null
2026-09-26 14:03:26,414 [WARN] ModelIntegratedComponent:60 - No mode defined for component null
2026-09-26 14:03:26,414 [WARN] ModelIntegratedComponent:60 - No mode defined for component null
2026-09-26 14:03:26,414 [WARN] ModelIntegratedComponent:60 - No mode defined for component null
2026-09-26 14:03:26,414 [WARN] ModelIntegratedComponent:60 - No mode defined for component null
2026-09-26 14:03:26,414 [WARN] ModelIntegratedComponent:60 - No mode defined for component null
2026-09-26 14:03:26,414 [WARN] ModelIntegratedComponent:60 - No mode defined for component null
2026-09-26 14:03:26,414 [WARN] ModelIntegratedComponent:60 - No mode defined for component null
2026-09-26 14:03:26,414 [WARN] ModelIntegratedComponent:60 - No mode defined for component null
2026-09-26 14:03:26,414 [WARN] ModelIntegratedComponent:60 - No mode defined for component null
2026-09-26 14:03:26,414 [WARN] ModelIntegratedComponent:60 - No mode defined for component null
2026-09-26 14:03:26,414 [WARN] ModelIntegratedComponent:60 - No mode defined for component null
2026-09-26 14:03:26,414 [WARN] ModelIntegratedComponent:60 - No mode defined for component null
2026-09-26 14:03:26,414 [WARN] ModelIntegratedComponent:60 - No mode defined for component null
2026-09-26 14:03:26,414 [WARN] ModelIntegratedComponent:60 - No mode defined for component null
2026-09-26 14:03:26,414 [WARN] ModelIntegratedComponent:60 - No mode defined for component null
2026-09-26 14:03:26,414 [WARN] ModelIntegratedComponent:60 - No mode defined for component null
2026-09-26 14:03:26,414 [WARN] ModelIntegratedComponent:60 - No mode defined for component null
2026-09-26 14:03:26,414 [WARN] ModelIntegratedComponent:60 - No mode defined for component null
2026-09-26 14:03:26,419 [WARN] ApiManager:304 - Cannot register API 'Board Extension:NFC06A1' from pack STMicroelectronics.X-CUBE-NFC6.3.2.0: no header file found
2026-09-26 14:03:26,419 [WARN] ApiManager:304 - Cannot register API 'Board Extension:NFC08A1' from pack STMicroelectronics.X-CUBE-NFC6.3.2.0: no header file found
2026-09-26 14:03:26,419 [WARN] ApiManager:304 - Cannot register API 'Board Extension:S2868A1' from pack STMicroelectronics.X-CUBE-SFXS2LP1.4.0.0: no header file found
2026-09-26 14:03:26,419 [WARN] ApiManager:304 - Cannot register API 'Board Extension:S2868A2' from pack STMicroelectronics.X-CUBE-SFXS2LP1.4.0.0: no header file found
2026-09-26 14:03:26,419 [WARN] ApiManager:304 - Cannot register API 'Board Extension:S2915A1' from pack STMicroelectronics.X-CUBE-SFXS2LP1.4.0.0: no header file found
2026-09-26 14:03:26,419 [WARN] ApiManager:304 - Cannot register API 'Wireless:BlueNRG-2' from pack STMicroelectronics.X-CUBE-BLE2.3.3.0: no header file found
2026-09-26 14:03:26,419 [WARN] ApiManager:304 - Cannot register API 'Board Extension:NFC13A1' from pack STMicroelectronics.X-CUBE-NFC13.1.0.0: no header file found
2026-09-26 14:03:26,419 [WARN] ApiManager:304 - Cannot register API 'Wireless:STM32WB05N' from pack STMicroelectronics.X-CUBE-WB05N.2.1.0: no header file found
2026-09-26 14:03:28,158 [INFO] UtilMem:74 - End LoadConfig() Used Memory: 844433536 Bytes (899678208)
2026-09-26 14:03:28,190 [WARN] ThirdParty:779 - waiting for thirdparty lock release [change project]
2026-09-26 14:03:28,190 [INFO] ThirdParty:781 - entering critical section [change project]
2026-09-26 14:03:28,190 [INFO] ThirdParty:967 - CMSIS Pack Vendor :STMicroelectronics X-CUBE-AZRTOS-H7 3.5.0
2026-09-26 14:03:28,190 [INFO] ThirdParty:967 - CMSIS Pack Vendor :STMicroelectronics X-CUBE-PM33A1 1.0.0
2026-09-26 14:03:28,190 [INFO] ThirdParty:967 - CMSIS Pack Vendor :STMicroelectronics X-CUBE-NFC9 1.0.0
2026-09-26 14:03:28,190 [INFO] ThirdParty:967 - CMSIS Pack Vendor :STMicroelectronics USB_HOST 2.0.0
2026-09-26 14:03:28,190 [INFO] ThirdParty:967 - CMSIS Pack Vendor :STMicroelectronics FP-ATR-ASTRA1 2.0.3
2026-09-26 14:03:28,190 [INFO] ThirdParty:967 - CMSIS Pack Vendor :STMicroelectronics X-CUBE-AZRTOS-F4 1.1.0
2026-09-26 14:03:28,190 [INFO] ThirdParty:967 - CMSIS Pack Vendor :STMicroelectronics X-CUBE-BLE1 7.1.0
2026-09-26 14:03:28,190 [INFO] ThirdParty:967 - CMSIS Pack Vendor :wolfSSL I-CUBE-wolfMQTT 1.19.2
2026-09-26 14:03:28,190 [INFO] ThirdParty:967 - CMSIS Pack Vendor :STMicroelectronics USB_DEVICE 3.0.0
2026-09-26 14:03:28,190 [INFO] ThirdParty:967 - CMSIS Pack Vendor :STMicroelectronics X-CUBE-ISPU 2.1.0
2026-09-26 14:03:28,190 [INFO] ThirdParty:967 - CMSIS Pack Vendor :STMicroelectronics X-CUBE-EEPRMA1 5.2.0
2026-09-26 14:03:28,190 [INFO] ThirdParty:967 - CMSIS Pack Vendor :STMicroelectronics X-CUBE-AZRTOS-WB 2.0.0
2026-09-26 14:03:28,190 [INFO] ThirdParty:967 - CMSIS Pack Vendor :STMicroelectronics X-CUBE-NFC12 1.0.0
2026-09-26 14:03:28,190 [INFO] ThirdParty:967 - CMSIS Pack Vendor :STMicroelectronics X-CUBE-AZRTOS-F7 1.1.0
2026-09-26 14:03:28,190 [INFO] ThirdParty:967 - CMSIS Pack Vendor :STMicroelectronics X-CUBE-AZRTOS-L5 2.0.0
2026-09-26 14:03:28,190 [INFO] ThirdParty:967 - CMSIS Pack Vendor :STMicroelectronics USB_DEVICE 2.0.0
2026-09-26 14:03:28,190 [INFO] ThirdParty:967 - CMSIS Pack Vendor :STMicroelectronics X-CUBE-STSE01 2.0.0
2026-09-26 14:03:28,190 [INFO] ThirdParty:967 - CMSIS Pack Vendor :STMicroelectronics X-CUBE-ALGOBUILD 1.5.0
2026-09-26 14:03:28,190 [INFO] ThirdParty:967 - CMSIS Pack Vendor :STMicroelectronics FreeRTOS 0.0.1
2026-09-26 14:03:28,190 [INFO] ThirdParty:967 - CMSIS Pack Vendor :STMicroelectronics X-CUBE-AZRTOS-H7RS 1.3.0
2026-09-26 14:03:28,190 [INFO] ThirdParty:967 - CMSIS Pack Vendor :STMicroelectronics X-CUBE-AZRTOS-G0 1.1.0
2026-09-26 14:03:28,190 [INFO] ThirdParty:967 - CMSIS Pack Vendor :STMicroelectronics X-CUBE-NFC4 3.0.0
2026-09-26 14:03:28,190 [INFO] ThirdParty:967 - CMSIS Pack Vendor :STMicroelectronics X-CUBE-SUBG2 5.0.0
2026-09-26 14:03:28,190 [INFO] ThirdParty:967 - CMSIS Pack Vendor :STMicroelectronics lwIP 2.0.3
2026-09-26 14:03:28,190 [INFO] ThirdParty:967 - CMSIS Pack Vendor :STMicroelectronics X-CUBE-MEMS1 13.0.0
2026-09-26 14:03:28,190 [INFO] ThirdParty:967 - CMSIS Pack Vendor :STMicroelectronics USB_HOST 1.0.0
2026-09-26 14:03:28,190 [INFO] ThirdParty:967 - CMSIS Pack Vendor :STMicroelectronics X-CUBE-AZRTOS-G4 2.0.0
2026-09-26 14:03:28,190 [INFO] ThirdParty:967 - CMSIS Pack Vendor :STMicroelectronics PDM2PCM 3.1.0
2026-09-26 14:03:28,190 [INFO] ThirdParty:967 - CMSIS Pack Vendor :STMicroelectronics PDM2PCM 3.3.0
2026-09-26 14:03:28,190 [INFO] ThirdParty:967 - CMSIS Pack Vendor :wolfSSL I-CUBE-wolfTPM 3.8.0
2026-09-26 14:03:28,190 [INFO] ThirdParty:967 - CMSIS Pack Vendor :wolfSSL I-CUBE-wolfSSH 1.4.20
2026-09-26 14:03:28,190 [INFO] ThirdParty:967 - CMSIS Pack Vendor :STMicroelectronics X-CUBE-NFC7 2.0.0
2026-09-26 14:03:28,190 [INFO] ThirdParty:967 - CMSIS Pack Vendor :STMicroelectronics X-CUBE-GNSS1 7.1.1
2026-09-26 14:03:28,190 [INFO] ThirdParty:967 - CMSIS Pack Vendor :STMicroelectronics FP-ATR-SIGFOX1 3.2.0
2026-09-26 14:03:28,190 [INFO] ThirdParty:967 - CMSIS Pack Vendor :STMicroelectronics X-CUBE-NFC10 1.0.0
2026-09-26 14:03:28,190 [INFO] ThirdParty:967 - CMSIS Pack Vendor :STMicroelectronics HAL Drivers 0.0.0
2026-09-26 14:03:28,190 [INFO] ThirdParty:967 - CMSIS Pack Vendor :STMicroelectronics MBEDTLS 2.16.2
2026-09-26 14:03:28,190 [INFO] ThirdParty:967 - CMSIS Pack Vendor :wolfSSL I-CUBE-wolfSSL 5.9.2
2026-09-26 14:03:28,190 [INFO] ThirdParty:967 - CMSIS Pack Vendor :STMicroelectronics MBEDTLS 2.14.1
2026-09-26 14:03:28,190 [INFO] ThirdParty:967 - CMSIS Pack Vendor :STMicroelectronics X-CUBE-TOUCHGFX 4.26.1
2026-09-26 14:03:28,190 [INFO] ThirdParty:967 - CMSIS Pack Vendor :STMicroelectronics X-CUBE-NFC6 3.2.0
2026-09-26 14:03:28,190 [INFO] ThirdParty:967 - CMSIS Pack Vendor :STMicroelectronics X-CUBE-AI 10.2.1
2026-09-26 14:03:28,190 [INFO] ThirdParty:967 - CMSIS Pack Vendor :STMicroelectronics X-CUBE-AZRTOS-WL 2.0.0
2026-09-26 14:03:28,190 [INFO] ThirdParty:967 - CMSIS Pack Vendor :SEGGER I-CUBE-embOS 1.3.1
2026-09-26 14:03:28,190 [INFO] ThirdParty:967 - CMSIS Pack Vendor :STMicroelectronics USB_DEVICE 1.0.0
2026-09-26 14:03:28,190 [INFO] ThirdParty:967 - CMSIS Pack Vendor :STMicroelectronics X-CUBE-AZRTOS-L4 2.0.0
2026-09-26 14:03:28,190 [INFO] ThirdParty:967 - CMSIS Pack Vendor :STMicroelectronics ThreadX 0.0.2
2026-09-26 14:03:28,190 [INFO] ThirdParty:967 - CMSIS Pack Vendor :STMicroelectronics lwIP 2.1.2
2026-09-26 14:03:28,190 [INFO] ThirdParty:967 - CMSIS Pack Vendor :STMicroelectronics X-CUBE-SFXS2LP1 4.0.0
2026-09-26 14:03:28,190 [INFO] ThirdParty:967 - CMSIS Pack Vendor :STMicroelectronics X-CUBE-BLE2 3.3.0
2026-09-26 14:03:28,190 [INFO] ThirdParty:967 - CMSIS Pack Vendor :STMicroelectronics X-CUBE-NFC13 1.0.0
2026-09-26 14:03:28,190 [INFO] ThirdParty:967 - CMSIS Pack Vendor :STMicroelectronics PDM2PCM 3.2.0
2026-09-26 14:03:28,190 [INFO] ThirdParty:967 - CMSIS Pack Vendor :STMicroelectronics X-CUBE-WB05N 2.1.0
2026-09-26 14:03:28,190 [INFO] ThirdParty:787 - exiting critical section [change project]
2026-09-26 14:03:28,491 [INFO] PinOutPanel:1463 - setPackage(No Configuration,No Configuration)
2026-09-26 14:03:28,491 [INFO] PinOutPanel:1463 - setPackage(STM32F103C6Ux,UFQFPN48)
2026-09-26 14:03:28,871 [INFO] UtilMem:74 - Before build in PCC Used Memory: 840557680 Bytes (899678208)
2026-09-26 14:03:29,597 [INFO] UtilMem:74 - After build in PCC Used Memory: 849426296 Bytes (899678208)
2026-09-26 14:03:29,625 [INFO] IPUIPlugin:74 - create IPUIPlugin
2026-09-26 14:03:29,625 [INFO] IPUIPlugin:74 - create IPUIPlugin
2026-09-26 14:03:29,625 [INFO] IPUIPlugin:74 - create IPUIPlugin
2026-09-26 14:03:29,625 [INFO] IPUIPlugin:74 - create IPUIPlugin
2026-09-26 14:03:29,625 [INFO] IPUIPlugin:74 - create IPUIPlugin
2026-09-26 14:03:29,625 [INFO] IPUIPlugin:74 - create IPUIPlugin
2026-09-26 14:03:29,625 [INFO] IPUIPlugin:74 - create IPUIPlugin
2026-09-26 14:03:29,625 [INFO] IPUIPlugin:74 - create IPUIPlugin
2026-09-26 14:03:29,627 [INFO] IPUIPlugin:74 - create IPUIPlugin
2026-09-26 14:03:29,627 [INFO] IPUIPlugin:74 - create IPUIPlugin
2026-09-26 14:03:29,627 [INFO] IPUIPlugin:74 - create IPUIPlugin
2026-09-26 14:03:29,627 [INFO] IPUIPlugin:74 - create IPUIPlugin
2026-09-26 14:03:29,627 [INFO] IPUIPlugin:74 - create IPUIPlugin
2026-09-26 14:03:29,628 [INFO] IPUIPlugin:74 - create IPUIPlugin
2026-09-26 14:03:29,628 [INFO] IPUIPlugin:74 - create IPUIPlugin
2026-09-26 14:03:29,628 [INFO] IPUIPlugin:74 - create IPUIPlugin
2026-09-26 14:03:29,628 [INFO] IPUIPlugin:74 - create IPUIPlugin
2026-09-26 14:03:29,628 [INFO] IPUIPlugin:74 - create IPUIPlugin
2026-09-26 14:03:29,630 [INFO] IPUIPlugin:74 - create IPUIPlugin
2026-09-26 14:03:29,630 [INFO] IPUIPlugin:74 - create IPUIPlugin
2026-09-26 14:03:29,630 [INFO] IPUIPlugin:74 - create IPUIPlugin
2026-09-26 14:03:29,630 [INFO] IPUIPlugin:74 - create IPUIPlugin
2026-09-26 14:03:29,630 [INFO] IPUIPlugin:74 - create IPUIPlugin
2026-09-26 14:03:29,791 [INFO] OpenFileManager:333 - Restore cursor
2026-09-26 14:03:30,211 [INFO] UtilMem:74 - End SaveConfig() Used Memory: 849020040 Bytes (909115392)
2026-09-26 14:03:30,272 [INFO] UtilMem:74 - End SaveConfig() Used Memory: 861596072 Bytes (909115392)
2026-09-26 14:03:30,565 [INFO] BlockDiagram:2740 - set Specific Code input for plugin: NVIC
2026-09-26 14:03:30,565 [INFO] BlockDiagram:2740 - set Specific Code input for plugin: SYS
2026-09-26 14:03:30,565 [INFO] BlockDiagram:2740 - set Specific Code input for plugin: RCC
2026-09-26 14:03:30,565 [INFO] CodeGenerator:663 - code generatio: config db path: D:\STM32CubeIDE_1.7.0\STM32CubeIDE\plugins\com.st.stm32cube.common.mx_6.3.0.202107141111\\db\
2026-09-26 14:03:30,885 [INFO] CodeEngine:239 - oldGeneratedFile, D:\Lab_VXL\Lab 1\Ex6\MXTmpFiles\license.tmp_save
2026-09-26 14:03:31,293 [INFO] CodeEngine:257 - Generated code: D:\Lab_VXL\Lab 1\Ex6\MXTmpFiles\license.tmp
2026-09-26 14:03:31,501 [INFO] CodeEngine:239 - oldGeneratedFile, D:\Lab_VXL\Lab 1\Ex6\Core\Src\stm32f1xx_it.c_save
2026-09-26 14:03:31,664 [INFO] CodeEngine:257 - Generated code: D:\Lab_VXL\Lab 1\Ex6\Core\Src\stm32f1xx_it.c
2026-09-26 14:03:31,707 [INFO] CodeEngine:239 - oldGeneratedFile, D:\Lab_VXL\Lab 1\Ex6\Core\Inc\stm32f1xx_it.h_save
2026-09-26 14:03:31,817 [INFO] CodeEngine:257 - Generated code: D:\Lab_VXL\Lab 1\Ex6\Core\Inc\stm32f1xx_it.h
2026-09-26 14:03:31,865 [INFO] CodeEngine:239 - oldGeneratedFile, D:\Lab_VXL\Lab 1\Ex6\Core\Src\stm32f1xx_hal_msp.c_save
2026-09-26 14:03:32,039 [INFO] CodeEngine:257 - Generated code: D:\Lab_VXL\Lab 1\Ex6\Core\Src\stm32f1xx_hal_msp.c
2026-09-26 14:03:32,071 [INFO] CodeEngine:239 - oldGeneratedFile, D:\Lab_VXL\Lab 1\Ex6\MXTmpFiles\system.tmp_save
2026-09-26 14:03:32,185 [INFO] CodeEngine:257 - Generated code: D:\Lab_VXL\Lab 1\Ex6\MXTmpFiles\system.tmp
2026-09-26 14:03:32,207 [INFO] CodeEngine:239 - oldGeneratedFile, D:\Lab_VXL\Lab 1\Ex6\Core\Inc\stm32f1xx_hal_conf.h_save
2026-09-26 14:03:32,315 [INFO] CodeEngine:257 - Generated code: D:\Lab_VXL\Lab 1\Ex6\Core\Inc\stm32f1xx_hal_conf.h
2026-09-26 14:03:32,373 [INFO] CodeEngine:239 - oldGeneratedFile, D:\Lab_VXL\Lab 1\Ex6\Core\Inc\main.h_save
2026-09-26 14:03:32,489 [INFO] CodeEngine:257 - Generated code: D:\Lab_VXL\Lab 1\Ex6\Core\Inc\main.h
2026-09-26 14:03:32,499 [INFO] CodeEngine:239 - oldGeneratedFile, D:\Lab_VXL\Lab 1\Ex6\Core\Src\main.c_save
2026-09-26 14:03:32,657 [INFO] CodeEngine:257 - Generated code: D:\Lab_VXL\Lab 1\Ex6\Core\Src\main.c
2026-09-26 14:03:33,530 [INFO] ProjectBuilder:2578 - Time for Copy HAL[1] : 112mS.
2026-09-26 14:03:33,545 [INFO] ProjectBuilder:3622 - Project Generator version: 3.14.1
2026-09-26 14:03:34,055 [INFO] ConfigFileManager:1271 - The Die is : DIE412
2026-09-26 14:03:34,123 [INFO] ApiDbMcu:468 - Load IP Config File for FATFS
2026-09-26 14:03:34,198 [INFO] ApiDbMcu:468 - Load IP Config File for FREERTOS
2026-09-26 14:03:34,261 [INFO] ApiDbMcu:468 - Load IP Config File for USB_DEVICE
2026-09-26 14:03:40,401 [INFO] ProjectBuilder:3789 - Time for Generating toolchain IDE Files: 6856mS.
2026-09-26 14:03:40,403 [INFO] ProjectBuilder:2457 - Time for Copy CMSIS : 0mS.
2026-09-26 14:03:40,403 [INFO] ProjectBuilder:2457 - Time for Copy CMSIS : 0mS.
2026-09-26 14:03:41,062 [INFO] McuFinderGlobals:52 - Set McuFinderConnectedMode to true
2026-09-26 14:03:41,062 [INFO] ApiDb:276 - Save user favorites file C:\Users\Hius/.stm32cubeide/favorites.mcus.txt: 0 item(s)
2026-09-26 14:03:41,062 [INFO] ApiDb:280 - User favorites MCUs=[]
2026-09-26 14:07:23,144 [INFO] UtilMem:74 - End SaveConfig() Used Memory: 951998776 Bytes (1073741824)
2026-09-26 14:07:23,233 [INFO] UtilMem:74 - End SaveConfig() Used Memory: 968585424 Bytes (1073741824)
2026-09-26 14:07:25,189 [INFO] UtilMem:74 - End SaveConfig() Used Memory: 987792024 Bytes (1073741824)
2026-09-26 14:07:25,527 [INFO] BlockDiagram:2740 - set Specific Code input for plugin: NVIC
2026-09-26 14:07:25,527 [INFO] BlockDiagram:2740 - set Specific Code input for plugin: SYS
2026-09-26 14:07:25,527 [INFO] BlockDiagram:2740 - set Specific Code input for plugin: GPIO
2026-09-26 14:07:25,527 [INFO] BlockDiagram:2740 - set Specific Code input for plugin: RCC
2026-09-26 14:07:25,529 [INFO] CodeGenerator:663 - code generatio: config db path: D:\STM32CubeIDE_1.7.0\STM32CubeIDE\plugins\com.st.stm32cube.common.mx_6.3.0.202107141111\\db\
2026-09-26 14:07:26,126 [INFO] CodeEngine:239 - oldGeneratedFile, D:\Lab_VXL\Lab 1\Ex6\MXTmpFiles\license.tmp_save
2026-09-26 14:07:26,206 [INFO] CodeEngine:257 - Generated code: D:\Lab_VXL\Lab 1\Ex6\MXTmpFiles\license.tmp
2026-09-26 14:07:26,360 [INFO] CodeEngine:239 - oldGeneratedFile, D:\Lab_VXL\Lab 1\Ex6\MXTmpFiles\gpio.tmp_save
2026-09-26 14:07:26,479 [INFO] CodeEngine:257 - Generated code: D:\Lab_VXL\Lab 1\Ex6\MXTmpFiles\gpio.tmp
2026-09-26 14:07:26,517 [INFO] CodeEngine:239 - oldGeneratedFile, D:\Lab_VXL\Lab 1\Ex6\Core\Src\stm32f1xx_it.c_save
2026-09-26 14:07:26,611 [INFO] CodeEngine:257 - Generated code: D:\Lab_VXL\Lab 1\Ex6\Core\Src\stm32f1xx_it.c
2026-09-26 14:07:26,615 [INFO] CodeEngine:239 - oldGeneratedFile, D:\Lab_VXL\Lab 1\Ex6\Core\Inc\stm32f1xx_it.h_save
2026-09-26 14:07:26,690 [INFO] CodeEngine:257 - Generated code: D:\Lab_VXL\Lab 1\Ex6\Core\Inc\stm32f1xx_it.h
2026-09-26 14:07:26,710 [INFO] CodeEngine:239 - oldGeneratedFile, D:\Lab_VXL\Lab 1\Ex6\Core\Src\stm32f1xx_hal_msp.c_save
2026-09-26 14:07:26,806 [INFO] CodeEngine:257 - Generated code: D:\Lab_VXL\Lab 1\Ex6\Core\Src\stm32f1xx_hal_msp.c
2026-09-26 14:07:26,806 [INFO] CodeEngine:239 - oldGeneratedFile, D:\Lab_VXL\Lab 1\Ex6\MXTmpFiles\system.tmp_save
2026-09-26 14:07:26,874 [INFO] CodeEngine:257 - Generated code: D:\Lab_VXL\Lab 1\Ex6\MXTmpFiles\system.tmp
2026-09-26 14:07:26,889 [INFO] CodeEngine:239 - oldGeneratedFile, D:\Lab_VXL\Lab 1\Ex6\Core\Inc\stm32f1xx_hal_conf.h_save
2026-09-26 14:07:26,988 [INFO] CodeEngine:257 - Generated code: D:\Lab_VXL\Lab 1\Ex6\Core\Inc\stm32f1xx_hal_conf.h
2026-09-26 14:07:27,012 [INFO] CodeEngine:239 - oldGeneratedFile, D:\Lab_VXL\Lab 1\Ex6\Core\Inc\main.h_save
2026-09-26 14:07:27,088 [INFO] CodeEngine:257 - Generated code: D:\Lab_VXL\Lab 1\Ex6\Core\Inc\main.h
2026-09-26 14:07:27,092 [INFO] CodeEngine:239 - oldGeneratedFile, D:\Lab_VXL\Lab 1\Ex6\Core\Src\main.c_save
2026-09-26 14:07:27,245 [INFO] CodeEngine:257 - Generated code: D:\Lab_VXL\Lab 1\Ex6\Core\Src\main.c
2026-09-26 14:07:28,455 [INFO] ProjectBuilder:2578 - Time for Copy HAL[1] : 58mS.
2026-09-26 14:07:28,455 [INFO] ProjectBuilder:3622 - Project Generator version: 3.14.1
2026-09-26 14:07:29,073 [INFO] ConfigFileManager:1271 - The Die is : DIE412
2026-09-26 14:07:31,778 [INFO] ProjectBuilder:3789 - Time for Generating toolchain IDE Files: 3323mS.
2026-09-26 14:07:31,780 [INFO] ProjectBuilder:2457 - Time for Copy CMSIS : 2mS.
2026-09-26 14:07:31,781 [INFO] ProjectBuilder:2457 - Time for Copy CMSIS : 0mS.
2026-09-26 14:07:32,182 [INFO] MainUpdater:2671 - connection check result : 10
2026-09-26 14:07:32,182 [INFO] MainUpdater:2671 - connection check result : 10
2026-09-26 14:07:32,303 [INFO] MicroXplorer:448 - Change Database Path : 
2026-09-26 14:07:32,303 [INFO] MicroXplorer:478 - Change Database Version : DB.6.0.30
2026-09-26 14:07:32,303 [WARN] ThirdParty:813 - waiting for thirdparty lock release [close project]
2026-09-26 14:07:32,303 [INFO] ThirdParty:815 - entering critical section [close project]
2026-09-26 14:07:32,303 [INFO] ThirdParty:825 - exiting critical section [close project]
2026-09-26 14:07:32,305 [INFO] PinOutPanel:1463 - setPackage(No Configuration,No Configuration)
2026-09-26 14:07:32,333 [INFO] UtilMem:74 - Begin LoadConfig() Used Memory: 1034254096 Bytes (1073741824)
2026-09-26 14:07:32,333 [INFO] MicroXplorer:448 - Change Database Path : 
2026-09-26 14:07:32,333 [INFO] MicroXplorer:478 - Change Database Version : DB.6.0.30
2026-09-26 14:07:32,333 [INFO] OpenFileManager:313 - Change cursor
2026-09-26 14:07:32,349 [INFO] RulesReader:57 - Compatibility file has been processed (242 Rules)
2026-09-26 14:07:33,077 [INFO] Context:592 - Trying to add GPIOservice into a context  which must be forbidden
2026-09-26 14:07:33,213 [WARN] ApiManager:304 - Cannot register API 'Board Extension:PM33A1' from pack STMicroelectronics.X-CUBE-PM33A1.1.0.0: no header file found
2026-09-26 14:07:33,213 [WARN] ApiManager:304 - Cannot register API 'Board Extension:NFC09A1' from pack STMicroelectronics.X-CUBE-NFC9.1.0.0: no header file found
2026-09-26 14:07:33,215 [WARN] ApiManager:304 - Cannot register API 'Wireless:BlueNRG-MS' from pack STMicroelectronics.X-CUBE-BLE1.7.1.0: no header file found
2026-09-26 14:07:33,215 [WARN] ApiManager:304 - Cannot register API 'Board Extension:EEPRMA2' from pack STMicroelectronics.X-CUBE-EEPRMA1.5.2.0: no header file found
2026-09-26 14:07:33,217 [WARN] ApiManager:304 - Cannot register API 'Board Extension:PGEEZ1' from pack STMicroelectronics.X-CUBE-EEPRMA1.5.2.0: no header file found
2026-09-26 14:07:33,217 [WARN] ApiManager:304 - Cannot register API 'Board Extension:EEICA1' from pack STMicroelectronics.X-CUBE-EEPRMA1.5.2.0: no header file found
2026-09-26 14:07:33,217 [WARN] ApiManager:304 - Cannot register API 'Board Part:M24' from pack STMicroelectronics.X-CUBE-EEPRMA1.5.2.0: no header file found
2026-09-26 14:07:33,217 [WARN] ApiManager:304 - Cannot register API 'Board Part:M95' from pack STMicroelectronics.X-CUBE-EEPRMA1.5.2.0: no header file found
2026-09-26 14:07:33,217 [WARN] ApiManager:304 - Cannot register API 'Board Part:M95P32' from pack STMicroelectronics.X-CUBE-EEPRMA1.5.2.0: no header file found
2026-09-26 14:07:33,217 [WARN] ApiManager:304 - Cannot register API 'Board Part:M24256E-F' from pack STMicroelectronics.X-CUBE-EEPRMA1.5.2.0: no header file found
2026-09-26 14:07:33,217 [WARN] ApiManager:304 - Cannot register API 'Board Part:M24M01E-F' from pack STMicroelectronics.X-CUBE-EEPRMA1.5.2.0: no header file found
2026-09-26 14:07:33,217 [WARN] ApiManager:304 - Cannot register API 'PGEEZ1:SPI' from pack STMicroelectronics.X-CUBE-EEPRMA1.5.2.0: no header file found
2026-09-26 14:07:33,217 [WARN] ApiManager:304 - Cannot register API 'PGEEZ1:QDSPI' from pack STMicroelectronics.X-CUBE-EEPRMA1.5.2.0: no header file found
2026-09-26 14:07:33,219 [WARN] ApiManager:304 - Cannot register API 'Board Extension:NFC12A1' from pack STMicroelectronics.X-CUBE-NFC12.1.0.0: no header file found
2026-09-26 14:07:33,221 [WARN] ApiManager:304 - Cannot register API 'Board Extension:SAFEA1' from pack STMicroelectronics.X-CUBE-STSE01.2.0.0: no header file found
2026-09-26 14:07:33,221 [WARN] ApiManager:304 - Cannot register API 'Board Extension:ESE01A1' from pack STMicroelectronics.X-CUBE-STSE01.2.0.0: no header file found
2026-09-26 14:07:33,221 [WARN] ApiManager:304 - Cannot register API 'Board Extension:ESE02A1' from pack STMicroelectronics.X-CUBE-STSE01.2.0.0: no header file found
2026-09-26 14:07:33,221 [WARN] ApiManager:304 - Cannot register API 'Board Part:STSAFEA110' from pack STMicroelectronics.X-CUBE-STSE01.2.0.0: no header file found
2026-09-26 14:07:33,221 [WARN] ApiManager:304 - Cannot register API 'Board Part:STSAFEA120' from pack STMicroelectronics.X-CUBE-STSE01.2.0.0: no header file found
2026-09-26 14:07:33,221 [WARN] ApiManager:304 - Cannot register API 'Board Part:STSAFEL010' from pack STMicroelectronics.X-CUBE-STSE01.2.0.0: no header file found
2026-09-26 14:07:33,221 [WARN] ApiManager:304 - Cannot register API 'Security:STM32_Cryptographic' from pack STMicroelectronics.X-CUBE-STSE01.2.0.0: no header file found
2026-09-26 14:07:33,221 [WARN] ApiManager:304 - Cannot register API 'Security:STSELib' from pack STMicroelectronics.X-CUBE-STSE01.2.0.0: no header file found
2026-09-26 14:07:33,223 [INFO] RtosManager:484 - Registered RTOS mode: class=CMSIS, group=RTOS, mode=CMSIS_V1, owner=FREERTOS
2026-09-26 14:07:33,223 [INFO] RtosManager:484 - Registered RTOS mode: class=CMSIS, group=RTOS2, mode=CMSIS_V2, owner=FREERTOS
2026-09-26 14:07:33,223 [INFO] RtosManager:484 - Registered RTOS mode: class=RTOS, group=Core, mode=CMSIS_V1, owner=FREERTOS
2026-09-26 14:07:33,223 [INFO] RtosManager:484 - Registered RTOS mode: class=RTOS, group=Core, mode=CMSIS_V2, owner=FREERTOS
2026-09-26 14:07:33,223 [WARN] ModelIntegratedComponent:181 - Missing modes for component STMicroelectronics:FreeRTOS:0.0.1:STMicroelectronics:RTOS:FreeRTOS:Core:::10.2.0:
2026-09-26 14:07:33,225 [WARN] ApiManager:304 - Cannot register API 'Board Extension:NFC04A1' from pack STMicroelectronics.X-CUBE-NFC4.3.0.0: no header file found
2026-09-26 14:07:33,229 [WARN] ApiManager:304 - Cannot register API 'Board Extension:S2868A1' from pack STMicroelectronics.X-CUBE-SUBG2.5.0.0: no header file found
2026-09-26 14:07:33,229 [WARN] ApiManager:304 - Cannot register API 'Board Extension:S2868A2' from pack STMicroelectronics.X-CUBE-SUBG2.5.0.0: no header file found
2026-09-26 14:07:33,229 [WARN] ApiManager:304 - Cannot register API 'Board Extension:S2915A1' from pack STMicroelectronics.X-CUBE-SUBG2.5.0.0: no header file found
2026-09-26 14:07:33,378 [WARN] ApiManager:304 - Cannot register API 'Board Extension:IKS02A1' from pack STMicroelectronics.X-CUBE-MEMS1.13.0.0: no header file found
2026-09-26 14:07:33,378 [WARN] ApiManager:304 - Cannot register API 'Board Extension:IKS4A1' from pack STMicroelectronics.X-CUBE-MEMS1.13.0.0: no header file found
2026-09-26 14:07:33,378 [WARN] ApiManager:304 - Cannot register API 'Board Extension:IKS5A1' from pack STMicroelectronics.X-CUBE-MEMS1.13.0.0: no header file found
2026-09-26 14:07:33,378 [WARN] ApiManager:304 - Cannot register API 'Board Extension:NFC07A1' from pack STMicroelectronics.X-CUBE-NFC7.2.0.0: no header file found
2026-09-26 14:07:33,378 [WARN] ApiManager:304 - Cannot register API 'Board Extension:GNSS1A1' from pack STMicroelectronics.X-CUBE-GNSS1.7.1.1: no header file found
2026-09-26 14:07:33,378 [WARN] ApiManager:304 - Cannot register API 'Board Support:Custom' from pack STMicroelectronics.X-CUBE-GNSS1.7.1.1: no header file found
2026-09-26 14:07:33,378 [WARN] ApiManager:304 - Cannot register API 'Data Exchange:lib_gnss' from pack STMicroelectronics.X-CUBE-GNSS1.7.1.1: no header file found
2026-09-26 14:07:33,378 [WARN] ApiManager:304 - Cannot register API 'Board Extension:NFC10A1' from pack STMicroelectronics.X-CUBE-NFC10.1.0.0: no header file found
2026-09-26 14:07:33,378 [WARN] ModelIntegratedComponent:60 - No mode defined for component null
2026-09-26 14:07:33,378 [WARN] ModelIntegratedComponent:60 - No mode defined for component null
2026-09-26 14:07:33,378 [WARN] ModelIntegratedComponent:60 - No mode defined for component null
2026-09-26 14:07:33,378 [WARN] ModelIntegratedComponent:60 - No mode defined for component null
2026-09-26 14:07:33,378 [WARN] ModelIntegratedComponent:60 - No mode defined for component null
2026-09-26 14:07:33,378 [WARN] ModelIntegratedComponent:60 - No mode defined for component null
2026-09-26 14:07:33,378 [WARN] ModelIntegratedComponent:60 - No mode defined for component null
2026-09-26 14:07:33,378 [WARN] ModelIntegratedComponent:60 - No mode defined for component null
2026-09-26 14:07:33,378 [WARN] ModelIntegratedComponent:60 - No mode defined for component null
2026-09-26 14:07:33,378 [WARN] ModelIntegratedComponent:60 - No mode defined for component null
2026-09-26 14:07:33,378 [WARN] ModelIntegratedComponent:60 - No mode defined for component null
2026-09-26 14:07:33,378 [WARN] ModelIntegratedComponent:60 - No mode defined for component null
2026-09-26 14:07:33,378 [WARN] ModelIntegratedComponent:60 - No mode defined for component null
2026-09-26 14:07:33,378 [WARN] ModelIntegratedComponent:60 - No mode defined for component null
2026-09-26 14:07:33,378 [WARN] ModelIntegratedComponent:60 - No mode defined for component null
2026-09-26 14:07:33,378 [WARN] ModelIntegratedComponent:60 - No mode defined for component null
2026-09-26 14:07:33,378 [WARN] ModelIntegratedComponent:60 - No mode defined for component null
2026-09-26 14:07:33,378 [WARN] ModelIntegratedComponent:60 - No mode defined for component null
2026-09-26 14:07:33,378 [WARN] ModelIntegratedComponent:60 - No mode defined for component null
2026-09-26 14:07:33,378 [WARN] ModelIntegratedComponent:60 - No mode defined for component null
2026-09-26 14:07:33,378 [WARN] ModelIntegratedComponent:60 - No mode defined for component null
2026-09-26 14:07:33,378 [WARN] ModelIntegratedComponent:60 - No mode defined for component null
2026-09-26 14:07:33,378 [WARN] ModelIntegratedComponent:60 - No mode defined for component null
2026-09-26 14:07:33,378 [WARN] ModelIntegratedComponent:60 - No mode defined for component null
2026-09-26 14:07:33,378 [WARN] ModelIntegratedComponent:60 - No mode defined for component null
2026-09-26 14:07:33,378 [WARN] ModelIntegratedComponent:60 - No mode defined for component null
2026-09-26 14:07:33,378 [WARN] ModelIntegratedComponent:60 - No mode defined for component null
2026-09-26 14:07:33,378 [WARN] ModelIntegratedComponent:60 - No mode defined for component null
2026-09-26 14:07:33,378 [WARN] ModelIntegratedComponent:60 - No mode defined for component null
2026-09-26 14:07:33,394 [WARN] ModelIntegratedComponent:60 - No mode defined for component null
2026-09-26 14:07:33,394 [WARN] ModelIntegratedComponent:60 - No mode defined for component null
2026-09-26 14:07:33,394 [WARN] ApiManager:304 - Cannot register API 'Board Extension:NFC06A1' from pack STMicroelectronics.X-CUBE-NFC6.3.2.0: no header file found
2026-09-26 14:07:33,394 [WARN] ApiManager:304 - Cannot register API 'Board Extension:NFC08A1' from pack STMicroelectronics.X-CUBE-NFC6.3.2.0: no header file found
2026-09-26 14:07:33,401 [WARN] ApiManager:304 - Cannot register API 'Board Extension:S2868A1' from pack STMicroelectronics.X-CUBE-SFXS2LP1.4.0.0: no header file found
2026-09-26 14:07:33,401 [WARN] ApiManager:304 - Cannot register API 'Board Extension:S2868A2' from pack STMicroelectronics.X-CUBE-SFXS2LP1.4.0.0: no header file found
2026-09-26 14:07:33,404 [WARN] ApiManager:304 - Cannot register API 'Board Extension:S2915A1' from pack STMicroelectronics.X-CUBE-SFXS2LP1.4.0.0: no header file found
2026-09-26 14:07:33,404 [WARN] ApiManager:304 - Cannot register API 'Wireless:BlueNRG-2' from pack STMicroelectronics.X-CUBE-BLE2.3.3.0: no header file found
2026-09-26 14:07:33,404 [WARN] ApiManager:304 - Cannot register API 'Board Extension:NFC13A1' from pack STMicroelectronics.X-CUBE-NFC13.1.0.0: no header file found
2026-09-26 14:07:33,406 [WARN] ApiManager:304 - Cannot register API 'Wireless:STM32WB05N' from pack STMicroelectronics.X-CUBE-WB05N.2.1.0: no header file found
2026-09-26 14:07:35,257 [INFO] UtilMem:74 - End LoadConfig() Used Memory: 986397240 Bytes (1073741824)
2026-09-26 14:07:35,257 [WARN] ThirdParty:779 - waiting for thirdparty lock release [change project]
2026-09-26 14:07:35,257 [INFO] ThirdParty:781 - entering critical section [change project]
2026-09-26 14:07:35,257 [INFO] ThirdParty:967 - CMSIS Pack Vendor :STMicroelectronics X-CUBE-AZRTOS-H7 3.5.0
2026-09-26 14:07:35,257 [INFO] ThirdParty:967 - CMSIS Pack Vendor :STMicroelectronics X-CUBE-PM33A1 1.0.0
2026-09-26 14:07:35,257 [INFO] ThirdParty:967 - CMSIS Pack Vendor :STMicroelectronics X-CUBE-NFC9 1.0.0
2026-09-26 14:07:35,257 [INFO] ThirdParty:967 - CMSIS Pack Vendor :STMicroelectronics USB_HOST 2.0.0
2026-09-26 14:07:35,257 [INFO] ThirdParty:967 - CMSIS Pack Vendor :STMicroelectronics FP-ATR-ASTRA1 2.0.3
2026-09-26 14:07:35,257 [INFO] ThirdParty:967 - CMSIS Pack Vendor :STMicroelectronics X-CUBE-AZRTOS-F4 1.1.0
2026-09-26 14:07:35,257 [INFO] ThirdParty:967 - CMSIS Pack Vendor :STMicroelectronics X-CUBE-BLE1 7.1.0
2026-09-26 14:07:35,257 [INFO] ThirdParty:967 - CMSIS Pack Vendor :wolfSSL I-CUBE-wolfMQTT 1.19.2
2026-09-26 14:07:35,257 [INFO] ThirdParty:967 - CMSIS Pack Vendor :STMicroelectronics USB_DEVICE 3.0.0
2026-09-26 14:07:35,257 [INFO] ThirdParty:967 - CMSIS Pack Vendor :STMicroelectronics X-CUBE-ISPU 2.1.0
2026-09-26 14:07:35,257 [INFO] ThirdParty:967 - CMSIS Pack Vendor :STMicroelectronics X-CUBE-EEPRMA1 5.2.0
2026-09-26 14:07:35,257 [INFO] ThirdParty:967 - CMSIS Pack Vendor :STMicroelectronics X-CUBE-AZRTOS-WB 2.0.0
2026-09-26 14:07:35,257 [INFO] ThirdParty:967 - CMSIS Pack Vendor :STMicroelectronics X-CUBE-NFC12 1.0.0
2026-09-26 14:07:35,257 [INFO] ThirdParty:967 - CMSIS Pack Vendor :STMicroelectronics X-CUBE-AZRTOS-F7 1.1.0
2026-09-26 14:07:35,257 [INFO] ThirdParty:967 - CMSIS Pack Vendor :STMicroelectronics X-CUBE-AZRTOS-L5 2.0.0
2026-09-26 14:07:35,257 [INFO] ThirdParty:967 - CMSIS Pack Vendor :STMicroelectronics USB_DEVICE 2.0.0
2026-09-26 14:07:35,257 [INFO] ThirdParty:967 - CMSIS Pack Vendor :STMicroelectronics X-CUBE-STSE01 2.0.0
2026-09-26 14:07:35,257 [INFO] ThirdParty:967 - CMSIS Pack Vendor :STMicroelectronics X-CUBE-ALGOBUILD 1.5.0
2026-09-26 14:07:35,257 [INFO] ThirdParty:967 - CMSIS Pack Vendor :STMicroelectronics FreeRTOS 0.0.1
2026-09-26 14:07:35,257 [INFO] ThirdParty:967 - CMSIS Pack Vendor :STMicroelectronics X-CUBE-AZRTOS-H7RS 1.3.0
2026-09-26 14:07:35,257 [INFO] ThirdParty:967 - CMSIS Pack Vendor :STMicroelectronics X-CUBE-AZRTOS-G0 1.1.0
2026-09-26 14:07:35,257 [INFO] ThirdParty:967 - CMSIS Pack Vendor :STMicroelectronics X-CUBE-NFC4 3.0.0
2026-09-26 14:07:35,259 [INFO] ThirdParty:967 - CMSIS Pack Vendor :STMicroelectronics X-CUBE-SUBG2 5.0.0
2026-09-26 14:07:35,259 [INFO] ThirdParty:967 - CMSIS Pack Vendor :STMicroelectronics lwIP 2.0.3
2026-09-26 14:07:35,259 [INFO] ThirdParty:967 - CMSIS Pack Vendor :STMicroelectronics X-CUBE-MEMS1 13.0.0
2026-09-26 14:07:35,259 [INFO] ThirdParty:967 - CMSIS Pack Vendor :STMicroelectronics USB_HOST 1.0.0
2026-09-26 14:07:35,259 [INFO] ThirdParty:967 - CMSIS Pack Vendor :STMicroelectronics X-CUBE-AZRTOS-G4 2.0.0
2026-09-26 14:07:35,259 [INFO] ThirdParty:967 - CMSIS Pack Vendor :STMicroelectronics PDM2PCM 3.1.0
2026-09-26 14:07:35,259 [INFO] ThirdParty:967 - CMSIS Pack Vendor :STMicroelectronics PDM2PCM 3.3.0
2026-09-26 14:07:35,259 [INFO] ThirdParty:967 - CMSIS Pack Vendor :wolfSSL I-CUBE-wolfTPM 3.8.0
2026-09-26 14:07:35,259 [INFO] ThirdParty:967 - CMSIS Pack Vendor :wolfSSL I-CUBE-wolfSSH 1.4.20
2026-09-26 14:07:35,259 [INFO] ThirdParty:967 - CMSIS Pack Vendor :STMicroelectronics X-CUBE-NFC7 2.0.0
2026-09-26 14:07:35,259 [INFO] ThirdParty:967 - CMSIS Pack Vendor :STMicroelectronics X-CUBE-GNSS1 7.1.1
2026-09-26 14:07:35,259 [INFO] ThirdParty:967 - CMSIS Pack Vendor :STMicroelectronics FP-ATR-SIGFOX1 3.2.0
2026-09-26 14:07:35,259 [INFO] ThirdParty:967 - CMSIS Pack Vendor :STMicroelectronics X-CUBE-NFC10 1.0.0
2026-09-26 14:07:35,259 [INFO] ThirdParty:967 - CMSIS Pack Vendor :STMicroelectronics HAL Drivers 0.0.0
2026-09-26 14:07:35,259 [INFO] ThirdParty:967 - CMSIS Pack Vendor :STMicroelectronics MBEDTLS 2.16.2
2026-09-26 14:07:35,259 [INFO] ThirdParty:967 - CMSIS Pack Vendor :wolfSSL I-CUBE-wolfSSL 5.9.2
2026-09-26 14:07:35,259 [INFO] ThirdParty:967 - CMSIS Pack Vendor :STMicroelectronics MBEDTLS 2.14.1
2026-09-26 14:07:35,259 [INFO] ThirdParty:967 - CMSIS Pack Vendor :STMicroelectronics X-CUBE-TOUCHGFX 4.26.1
2026-09-26 14:07:35,259 [INFO] ThirdParty:967 - CMSIS Pack Vendor :STMicroelectronics X-CUBE-NFC6 3.2.0
2026-09-26 14:07:35,259 [INFO] ThirdParty:967 - CMSIS Pack Vendor :STMicroelectronics X-CUBE-AI 10.2.1
2026-09-26 14:07:35,259 [INFO] ThirdParty:967 - CMSIS Pack Vendor :STMicroelectronics X-CUBE-AZRTOS-WL 2.0.0
2026-09-26 14:07:35,259 [INFO] ThirdParty:967 - CMSIS Pack Vendor :SEGGER I-CUBE-embOS 1.3.1
2026-09-26 14:07:35,259 [INFO] ThirdParty:967 - CMSIS Pack Vendor :STMicroelectronics USB_DEVICE 1.0.0
2026-09-26 14:07:35,259 [INFO] ThirdParty:967 - CMSIS Pack Vendor :STMicroelectronics X-CUBE-AZRTOS-L4 2.0.0
2026-09-26 14:07:35,259 [INFO] ThirdParty:967 - CMSIS Pack Vendor :STMicroelectronics ThreadX 0.0.2
2026-09-26 14:07:35,259 [INFO] ThirdParty:967 - CMSIS Pack Vendor :STMicroelectronics lwIP 2.1.2
2026-09-26 14:07:35,259 [INFO] ThirdParty:967 - CMSIS Pack Vendor :STMicroelectronics X-CUBE-SFXS2LP1 4.0.0
2026-09-26 14:07:35,259 [INFO] ThirdParty:967 - CMSIS Pack Vendor :STMicroelectronics X-CUBE-BLE2 3.3.0
2026-09-26 14:07:35,259 [INFO] ThirdParty:967 - CMSIS Pack Vendor :STMicroelectronics X-CUBE-NFC13 1.0.0
2026-09-26 14:07:35,259 [INFO] ThirdParty:967 - CMSIS Pack Vendor :STMicroelectronics PDM2PCM 3.2.0
2026-09-26 14:07:35,259 [INFO] ThirdParty:967 - CMSIS Pack Vendor :STMicroelectronics X-CUBE-WB05N 2.1.0
2026-09-26 14:07:35,259 [INFO] ThirdParty:787 - exiting critical section [change project]
2026-09-26 14:07:35,358 [INFO] PinOutPanel:1463 - setPackage(No Configuration,No Configuration)
2026-09-26 14:07:35,358 [INFO] PinOutPanel:1463 - setPackage(STM32F103C6Ux,UFQFPN48)
2026-09-26 14:07:35,563 [INFO] UtilMem:74 - Before build in PCC Used Memory: 1013796488 Bytes (1073741824)
2026-09-26 14:07:35,802 [INFO] UtilMem:74 - After build in PCC Used Memory: 993209104 Bytes (1073741824)
2026-09-26 14:07:35,818 [INFO] IPUIPlugin:74 - create IPUIPlugin
2026-09-26 14:07:35,818 [INFO] IPUIPlugin:74 - create IPUIPlugin
2026-09-26 14:07:35,818 [INFO] IPUIPlugin:74 - create IPUIPlugin
2026-09-26 14:07:35,818 [INFO] IPUIPlugin:74 - create IPUIPlugin
2026-09-26 14:07:35,818 [INFO] IPUIPlugin:74 - create IPUIPlugin
2026-09-26 14:07:35,818 [INFO] IPUIPlugin:74 - create IPUIPlugin
2026-09-26 14:07:35,818 [INFO] IPUIPlugin:74 - create IPUIPlugin
2026-09-26 14:07:35,818 [INFO] IPUIPlugin:74 - create IPUIPlugin
2026-09-26 14:07:35,818 [INFO] IPUIPlugin:74 - create IPUIPlugin
2026-09-26 14:07:35,818 [INFO] IPUIPlugin:74 - create IPUIPlugin
2026-09-26 14:07:35,818 [INFO] IPUIPlugin:74 - create IPUIPlugin
2026-09-26 14:07:35,818 [INFO] IPUIPlugin:74 - create IPUIPlugin
2026-09-26 14:07:35,818 [INFO] IPUIPlugin:74 - create IPUIPlugin
2026-09-26 14:07:35,818 [INFO] IPUIPlugin:74 - create IPUIPlugin
2026-09-26 14:07:35,818 [INFO] IPUIPlugin:74 - create IPUIPlugin
2026-09-26 14:07:35,818 [INFO] IPUIPlugin:74 - create IPUIPlugin
2026-09-26 14:07:35,818 [INFO] IPUIPlugin:74 - create IPUIPlugin
2026-09-26 14:07:35,818 [INFO] IPUIPlugin:74 - create IPUIPlugin
2026-09-26 14:07:35,818 [INFO] IPUIPlugin:74 - create IPUIPlugin
2026-09-26 14:07:35,818 [INFO] IPUIPlugin:74 - create IPUIPlugin
2026-09-26 14:07:35,818 [INFO] IPUIPlugin:74 - create IPUIPlugin
2026-09-26 14:07:35,818 [INFO] IPUIPlugin:74 - create IPUIPlugin
2026-09-26 14:07:35,818 [INFO] IPUIPlugin:74 - create IPUIPlugin
2026-09-26 14:07:35,837 [INFO] OpenFileManager:333 - Restore cursor
2026-09-26 14:09:44,902 [INFO] MainUpdater:2671 - connection check result : 10
2026-09-26 14:09:44,902 [INFO] MainUpdater:2671 - connection check result : 10
2026-09-26 14:09:45,504 [INFO] MicroXplorer:448 - Change Database Path : 
2026-09-26 14:09:45,504 [INFO] MicroXplorer:478 - Change Database Version : DB.6.0.30
2026-09-26 14:09:45,506 [WARN] ThirdParty:813 - waiting for thirdparty lock release [close project]
2026-09-26 14:09:45,506 [INFO] ThirdParty:815 - entering critical section [close project]
2026-09-26 14:09:45,506 [INFO] ThirdParty:825 - exiting critical section [close project]
2026-09-26 14:09:45,506 [INFO] PinOutPanel:1463 - setPackage(No Configuration,No Configuration)
2026-09-26 14:09:45,508 [INFO] UtilMem:74 - Begin LoadConfig() Used Memory: 1037511848 Bytes (1073741824)
2026-09-26 14:09:45,508 [INFO] MicroXplorer:448 - Change Database Path : 
2026-09-26 14:09:45,508 [INFO] MicroXplorer:478 - Change Database Version : DB.6.0.30
2026-09-26 14:09:45,508 [INFO] OpenFileManager:313 - Change cursor
2026-09-26 14:09:46,074 [INFO] Context:592 - Trying to add GPIOservice into a context  which must be forbidden
2026-09-26 14:09:46,238 [WARN] ApiManager:304 - Cannot register API 'Board Extension:PM33A1' from pack STMicroelectronics.X-CUBE-PM33A1.1.0.0: no header file found
2026-09-26 14:09:46,238 [WARN] ApiManager:304 - Cannot register API 'Board Extension:NFC09A1' from pack STMicroelectronics.X-CUBE-NFC9.1.0.0: no header file found
2026-09-26 14:09:46,238 [WARN] ApiManager:304 - Cannot register API 'Wireless:BlueNRG-MS' from pack STMicroelectronics.X-CUBE-BLE1.7.1.0: no header file found
2026-09-26 14:09:46,238 [WARN] ApiManager:304 - Cannot register API 'Board Extension:EEPRMA2' from pack STMicroelectronics.X-CUBE-EEPRMA1.5.2.0: no header file found
2026-09-26 14:09:46,238 [WARN] ApiManager:304 - Cannot register API 'Board Extension:PGEEZ1' from pack STMicroelectronics.X-CUBE-EEPRMA1.5.2.0: no header file found
2026-09-26 14:09:46,238 [WARN] ApiManager:304 - Cannot register API 'Board Extension:EEICA1' from pack STMicroelectronics.X-CUBE-EEPRMA1.5.2.0: no header file found
2026-09-26 14:09:46,238 [WARN] ApiManager:304 - Cannot register API 'Board Part:M24' from pack STMicroelectronics.X-CUBE-EEPRMA1.5.2.0: no header file found
2026-09-26 14:09:46,238 [WARN] ApiManager:304 - Cannot register API 'Board Part:M95' from pack STMicroelectronics.X-CUBE-EEPRMA1.5.2.0: no header file found
2026-09-26 14:09:46,238 [WARN] ApiManager:304 - Cannot register API 'Board Part:M95P32' from pack STMicroelectronics.X-CUBE-EEPRMA1.5.2.0: no header file found
2026-09-26 14:09:46,238 [WARN] ApiManager:304 - Cannot register API 'Board Part:M24256E-F' from pack STMicroelectronics.X-CUBE-EEPRMA1.5.2.0: no header file found
2026-09-26 14:09:46,238 [WARN] ApiManager:304 - Cannot register API 'Board Part:M24M01E-F' from pack STMicroelectronics.X-CUBE-EEPRMA1.5.2.0: no header file found
2026-09-26 14:09:46,238 [WARN] ApiManager:304 - Cannot register API 'PGEEZ1:SPI' from pack STMicroelectronics.X-CUBE-EEPRMA1.5.2.0: no header file found
2026-09-26 14:09:46,238 [WARN] ApiManager:304 - Cannot register API 'PGEEZ1:QDSPI' from pack STMicroelectronics.X-CUBE-EEPRMA1.5.2.0: no header file found
2026-09-26 14:09:46,249 [WARN] ApiManager:304 - Cannot register API 'Board Extension:NFC12A1' from pack STMicroelectronics.X-CUBE-NFC12.1.0.0: no header file found
2026-09-26 14:09:46,249 [WARN] ApiManager:304 - Cannot register API 'Board Extension:SAFEA1' from pack STMicroelectronics.X-CUBE-STSE01.2.0.0: no header file found
2026-09-26 14:09:46,249 [WARN] ApiManager:304 - Cannot register API 'Board Extension:ESE01A1' from pack STMicroelectronics.X-CUBE-STSE01.2.0.0: no header file found
2026-09-26 14:09:46,249 [WARN] ApiManager:304 - Cannot register API 'Board Extension:ESE02A1' from pack STMicroelectronics.X-CUBE-STSE01.2.0.0: no header file found
2026-09-26 14:09:46,249 [WARN] ApiManager:304 - Cannot register API 'Board Part:STSAFEA110' from pack STMicroelectronics.X-CUBE-STSE01.2.0.0: no header file found
2026-09-26 14:09:46,249 [WARN] ApiManager:304 - Cannot register API 'Board Part:STSAFEA120' from pack STMicroelectronics.X-CUBE-STSE01.2.0.0: no header file found
2026-09-26 14:09:46,249 [WARN] ApiManager:304 - Cannot register API 'Board Part:STSAFEL010' from pack STMicroelectronics.X-CUBE-STSE01.2.0.0: no header file found
2026-09-26 14:09:46,249 [WARN] ApiManager:304 - Cannot register API 'Security:STM32_Cryptographic' from pack STMicroelectronics.X-CUBE-STSE01.2.0.0: no header file found
2026-09-26 14:09:46,249 [WARN] ApiManager:304 - Cannot register API 'Security:STSELib' from pack STMicroelectronics.X-CUBE-STSE01.2.0.0: no header file found
2026-09-26 14:09:46,249 [INFO] RtosManager:484 - Registered RTOS mode: class=CMSIS, group=RTOS, mode=CMSIS_V1, owner=FREERTOS
2026-09-26 14:09:46,249 [INFO] RtosManager:484 - Registered RTOS mode: class=CMSIS, group=RTOS2, mode=CMSIS_V2, owner=FREERTOS
2026-09-26 14:09:46,249 [INFO] RtosManager:484 - Registered RTOS mode: class=RTOS, group=Core, mode=CMSIS_V1, owner=FREERTOS
2026-09-26 14:09:46,249 [INFO] RtosManager:484 - Registered RTOS mode: class=RTOS, group=Core, mode=CMSIS_V2, owner=FREERTOS
2026-09-26 14:09:46,249 [WARN] ModelIntegratedComponent:181 - Missing modes for component STMicroelectronics:FreeRTOS:0.0.1:STMicroelectronics:RTOS:FreeRTOS:Core:::10.2.0:
2026-09-26 14:09:46,249 [WARN] ApiManager:304 - Cannot register API 'Board Extension:NFC04A1' from pack STMicroelectronics.X-CUBE-NFC4.3.0.0: no header file found
2026-09-26 14:09:46,249 [WARN] ApiManager:304 - Cannot register API 'Board Extension:S2868A1' from pack STMicroelectronics.X-CUBE-SUBG2.5.0.0: no header file found
2026-09-26 14:09:46,249 [WARN] ApiManager:304 - Cannot register API 'Board Extension:S2868A2' from pack STMicroelectronics.X-CUBE-SUBG2.5.0.0: no header file found
2026-09-26 14:09:46,249 [WARN] ApiManager:304 - Cannot register API 'Board Extension:S2915A1' from pack STMicroelectronics.X-CUBE-SUBG2.5.0.0: no header file found
2026-09-26 14:09:46,394 [WARN] ApiManager:304 - Cannot register API 'Board Extension:IKS02A1' from pack STMicroelectronics.X-CUBE-MEMS1.13.0.0: no header file found
2026-09-26 14:09:46,394 [WARN] ApiManager:304 - Cannot register API 'Board Extension:IKS4A1' from pack STMicroelectronics.X-CUBE-MEMS1.13.0.0: no header file found
2026-09-26 14:09:46,394 [WARN] ApiManager:304 - Cannot register API 'Board Extension:IKS5A1' from pack STMicroelectronics.X-CUBE-MEMS1.13.0.0: no header file found
2026-09-26 14:09:46,408 [WARN] ApiManager:304 - Cannot register API 'Board Extension:NFC07A1' from pack STMicroelectronics.X-CUBE-NFC7.2.0.0: no header file found
2026-09-26 14:09:46,408 [WARN] ApiManager:304 - Cannot register API 'Board Extension:GNSS1A1' from pack STMicroelectronics.X-CUBE-GNSS1.7.1.1: no header file found
2026-09-26 14:09:46,408 [WARN] ApiManager:304 - Cannot register API 'Board Support:Custom' from pack STMicroelectronics.X-CUBE-GNSS1.7.1.1: no header file found
2026-09-26 14:09:46,408 [WARN] ApiManager:304 - Cannot register API 'Data Exchange:lib_gnss' from pack STMicroelectronics.X-CUBE-GNSS1.7.1.1: no header file found
2026-09-26 14:09:46,408 [WARN] ApiManager:304 - Cannot register API 'Board Extension:NFC10A1' from pack STMicroelectronics.X-CUBE-NFC10.1.0.0: no header file found
2026-09-26 14:09:46,408 [WARN] ModelIntegratedComponent:60 - No mode defined for component null
2026-09-26 14:09:46,408 [WARN] ModelIntegratedComponent:60 - No mode defined for component null
2026-09-26 14:09:46,408 [WARN] ModelIntegratedComponent:60 - No mode defined for component null
2026-09-26 14:09:46,408 [WARN] ModelIntegratedComponent:60 - No mode defined for component null
2026-09-26 14:09:46,408 [WARN] ModelIntegratedComponent:60 - No mode defined for component null
2026-09-26 14:09:46,408 [WARN] ModelIntegratedComponent:60 - No mode defined for component null
2026-09-26 14:09:46,408 [WARN] ModelIntegratedComponent:60 - No mode defined for component null
2026-09-26 14:09:46,408 [WARN] ModelIntegratedComponent:60 - No mode defined for component null
2026-09-26 14:09:46,408 [WARN] ModelIntegratedComponent:60 - No mode defined for component null
2026-09-26 14:09:46,408 [WARN] ModelIntegratedComponent:60 - No mode defined for component null
2026-09-26 14:09:46,408 [WARN] ModelIntegratedComponent:60 - No mode defined for component null
2026-09-26 14:09:46,408 [WARN] ModelIntegratedComponent:60 - No mode defined for component null
2026-09-26 14:09:46,408 [WARN] ModelIntegratedComponent:60 - No mode defined for component null
2026-09-26 14:09:46,408 [WARN] ModelIntegratedComponent:60 - No mode defined for component null
2026-09-26 14:09:46,408 [WARN] ModelIntegratedComponent:60 - No mode defined for component null
2026-09-26 14:09:46,408 [WARN] ModelIntegratedComponent:60 - No mode defined for component null
2026-09-26 14:09:46,408 [WARN] ModelIntegratedComponent:60 - No mode defined for component null
2026-09-26 14:09:46,408 [WARN] ModelIntegratedComponent:60 - No mode defined for component null
2026-09-26 14:09:46,408 [WARN] ModelIntegratedComponent:60 - No mode defined for component null
2026-09-26 14:09:46,408 [WARN] ModelIntegratedComponent:60 - No mode defined for component null
2026-09-26 14:09:46,408 [WARN] ModelIntegratedComponent:60 - No mode defined for component null
2026-09-26 14:09:46,408 [WARN] ModelIntegratedComponent:60 - No mode defined for component null
2026-09-26 14:09:46,408 [WARN] ModelIntegratedComponent:60 - No mode defined for component null
2026-09-26 14:09:46,408 [WARN] ModelIntegratedComponent:60 - No mode defined for component null
2026-09-26 14:09:46,408 [WARN] ModelIntegratedComponent:60 - No mode defined for component null
2026-09-26 14:09:46,408 [WARN] ModelIntegratedComponent:60 - No mode defined for component null
2026-09-26 14:09:46,408 [WARN] ModelIntegratedComponent:60 - No mode defined for component null
2026-09-26 14:09:46,408 [WARN] ModelIntegratedComponent:60 - No mode defined for component null
2026-09-26 14:09:46,408 [WARN] ModelIntegratedComponent:60 - No mode defined for component null
2026-09-26 14:09:46,408 [WARN] ModelIntegratedComponent:60 - No mode defined for component null
2026-09-26 14:09:46,408 [WARN] ModelIntegratedComponent:60 - No mode defined for component null
2026-09-26 14:09:46,408 [WARN] ApiManager:304 - Cannot register API 'Board Extension:NFC06A1' from pack STMicroelectronics.X-CUBE-NFC6.3.2.0: no header file found
2026-09-26 14:09:46,408 [WARN] ApiManager:304 - Cannot register API 'Board Extension:NFC08A1' from pack STMicroelectronics.X-CUBE-NFC6.3.2.0: no header file found
2026-09-26 14:09:46,424 [WARN] ApiManager:304 - Cannot register API 'Board Extension:S2868A1' from pack STMicroelectronics.X-CUBE-SFXS2LP1.4.0.0: no header file found
2026-09-26 14:09:46,424 [WARN] ApiManager:304 - Cannot register API 'Board Extension:S2868A2' from pack STMicroelectronics.X-CUBE-SFXS2LP1.4.0.0: no header file found
2026-09-26 14:09:46,424 [WARN] ApiManager:304 - Cannot register API 'Board Extension:S2915A1' from pack STMicroelectronics.X-CUBE-SFXS2LP1.4.0.0: no header file found
2026-09-26 14:09:46,424 [WARN] ApiManager:304 - Cannot register API 'Wireless:BlueNRG-2' from pack STMicroelectronics.X-CUBE-BLE2.3.3.0: no header file found
2026-09-26 14:09:46,424 [WARN] ApiManager:304 - Cannot register API 'Board Extension:NFC13A1' from pack STMicroelectronics.X-CUBE-NFC13.1.0.0: no header file found
2026-09-26 14:09:46,424 [WARN] ApiManager:304 - Cannot register API 'Wireless:STM32WB05N' from pack STMicroelectronics.X-CUBE-WB05N.2.1.0: no header file found
2026-09-26 14:09:48,262 [INFO] UtilMem:74 - End LoadConfig() Used Memory: 1051824816 Bytes (1073741824)
2026-09-26 14:09:48,262 [WARN] ThirdParty:779 - waiting for thirdparty lock release [change project]
2026-09-26 14:09:48,262 [INFO] ThirdParty:781 - entering critical section [change project]
2026-09-26 14:09:48,262 [INFO] ThirdParty:967 - CMSIS Pack Vendor :STMicroelectronics X-CUBE-AZRTOS-H7 3.5.0
2026-09-26 14:09:48,262 [INFO] ThirdParty:967 - CMSIS Pack Vendor :STMicroelectronics X-CUBE-PM33A1 1.0.0
2026-09-26 14:09:48,262 [INFO] ThirdParty:967 - CMSIS Pack Vendor :STMicroelectronics X-CUBE-NFC9 1.0.0
2026-09-26 14:09:48,262 [INFO] ThirdParty:967 - CMSIS Pack Vendor :STMicroelectronics USB_HOST 2.0.0
2026-09-26 14:09:48,262 [INFO] ThirdParty:967 - CMSIS Pack Vendor :STMicroelectronics FP-ATR-ASTRA1 2.0.3
2026-09-26 14:09:48,262 [INFO] ThirdParty:967 - CMSIS Pack Vendor :STMicroelectronics X-CUBE-AZRTOS-F4 1.1.0
2026-09-26 14:09:48,262 [INFO] ThirdParty:967 - CMSIS Pack Vendor :STMicroelectronics X-CUBE-BLE1 7.1.0
2026-09-26 14:09:48,262 [INFO] ThirdParty:967 - CMSIS Pack Vendor :wolfSSL I-CUBE-wolfMQTT 1.19.2
2026-09-26 14:09:48,262 [INFO] ThirdParty:967 - CMSIS Pack Vendor :STMicroelectronics USB_DEVICE 3.0.0
2026-09-26 14:09:48,262 [INFO] ThirdParty:967 - CMSIS Pack Vendor :STMicroelectronics X-CUBE-ISPU 2.1.0
2026-09-26 14:09:48,262 [INFO] ThirdParty:967 - CMSIS Pack Vendor :STMicroelectronics X-CUBE-EEPRMA1 5.2.0
2026-09-26 14:09:48,262 [INFO] ThirdParty:967 - CMSIS Pack Vendor :STMicroelectronics X-CUBE-AZRTOS-WB 2.0.0
2026-09-26 14:09:48,262 [INFO] ThirdParty:967 - CMSIS Pack Vendor :STMicroelectronics X-CUBE-NFC12 1.0.0
2026-09-26 14:09:48,262 [INFO] ThirdParty:967 - CMSIS Pack Vendor :STMicroelectronics X-CUBE-AZRTOS-F7 1.1.0
2026-09-26 14:09:48,262 [INFO] ThirdParty:967 - CMSIS Pack Vendor :STMicroelectronics X-CUBE-AZRTOS-L5 2.0.0
2026-09-26 14:09:48,262 [INFO] ThirdParty:967 - CMSIS Pack Vendor :STMicroelectronics USB_DEVICE 2.0.0
2026-09-26 14:09:48,262 [INFO] ThirdParty:967 - CMSIS Pack Vendor :STMicroelectronics X-CUBE-STSE01 2.0.0
2026-09-26 14:09:48,262 [INFO] ThirdParty:967 - CMSIS Pack Vendor :STMicroelectronics X-CUBE-ALGOBUILD 1.5.0
2026-09-26 14:09:48,262 [INFO] ThirdParty:967 - CMSIS Pack Vendor :STMicroelectronics FreeRTOS 0.0.1
2026-09-26 14:09:48,262 [INFO] ThirdParty:967 - CMSIS Pack Vendor :STMicroelectronics X-CUBE-AZRTOS-H7RS 1.3.0
2026-09-26 14:09:48,262 [INFO] ThirdParty:967 - CMSIS Pack Vendor :STMicroelectronics X-CUBE-AZRTOS-G0 1.1.0
2026-09-26 14:09:48,262 [INFO] ThirdParty:967 - CMSIS Pack Vendor :STMicroelectronics X-CUBE-NFC4 3.0.0
2026-09-26 14:09:48,262 [INFO] ThirdParty:967 - CMSIS Pack Vendor :STMicroelectronics X-CUBE-SUBG2 5.0.0
2026-09-26 14:09:48,262 [INFO] ThirdParty:967 - CMSIS Pack Vendor :STMicroelectronics lwIP 2.0.3
2026-09-26 14:09:48,262 [INFO] ThirdParty:967 - CMSIS Pack Vendor :STMicroelectronics X-CUBE-MEMS1 13.0.0
2026-09-26 14:09:48,278 [INFO] ThirdParty:967 - CMSIS Pack Vendor :STMicroelectronics USB_HOST 1.0.0
2026-09-26 14:09:48,278 [INFO] ThirdParty:967 - CMSIS Pack Vendor :STMicroelectronics X-CUBE-AZRTOS-G4 2.0.0
2026-09-26 14:09:48,278 [INFO] ThirdParty:967 - CMSIS Pack Vendor :STMicroelectronics PDM2PCM 3.1.0
2026-09-26 14:09:48,278 [INFO] ThirdParty:967 - CMSIS Pack Vendor :STMicroelectronics PDM2PCM 3.3.0
2026-09-26 14:09:48,278 [INFO] ThirdParty:967 - CMSIS Pack Vendor :wolfSSL I-CUBE-wolfTPM 3.8.0
2026-09-26 14:09:48,278 [INFO] ThirdParty:967 - CMSIS Pack Vendor :wolfSSL I-CUBE-wolfSSH 1.4.20
2026-09-26 14:09:48,278 [INFO] ThirdParty:967 - CMSIS Pack Vendor :STMicroelectronics X-CUBE-NFC7 2.0.0
2026-09-26 14:09:48,278 [INFO] ThirdParty:967 - CMSIS Pack Vendor :STMicroelectronics X-CUBE-GNSS1 7.1.1
2026-09-26 14:09:48,278 [INFO] ThirdParty:967 - CMSIS Pack Vendor :STMicroelectronics FP-ATR-SIGFOX1 3.2.0
2026-09-26 14:09:48,278 [INFO] ThirdParty:967 - CMSIS Pack Vendor :STMicroelectronics X-CUBE-NFC10 1.0.0
2026-09-26 14:09:48,278 [INFO] ThirdParty:967 - CMSIS Pack Vendor :STMicroelectronics HAL Drivers 0.0.0
2026-09-26 14:09:48,278 [INFO] ThirdParty:967 - CMSIS Pack Vendor :STMicroelectronics MBEDTLS 2.16.2
2026-09-26 14:09:48,278 [INFO] ThirdParty:967 - CMSIS Pack Vendor :wolfSSL I-CUBE-wolfSSL 5.9.2
2026-09-26 14:09:48,278 [INFO] ThirdParty:967 - CMSIS Pack Vendor :STMicroelectronics MBEDTLS 2.14.1
2026-09-26 14:09:48,278 [INFO] ThirdParty:967 - CMSIS Pack Vendor :STMicroelectronics X-CUBE-TOUCHGFX 4.26.1
2026-09-26 14:09:48,278 [INFO] ThirdParty:967 - CMSIS Pack Vendor :STMicroelectronics X-CUBE-NFC6 3.2.0
2026-09-26 14:09:48,278 [INFO] ThirdParty:967 - CMSIS Pack Vendor :STMicroelectronics X-CUBE-AI 10.2.1
2026-09-26 14:09:48,278 [INFO] ThirdParty:967 - CMSIS Pack Vendor :STMicroelectronics X-CUBE-AZRTOS-WL 2.0.0
2026-09-26 14:09:48,278 [INFO] ThirdParty:967 - CMSIS Pack Vendor :SEGGER I-CUBE-embOS 1.3.1
2026-09-26 14:09:48,278 [INFO] ThirdParty:967 - CMSIS Pack Vendor :STMicroelectronics USB_DEVICE 1.0.0
2026-09-26 14:09:48,278 [INFO] ThirdParty:967 - CMSIS Pack Vendor :STMicroelectronics X-CUBE-AZRTOS-L4 2.0.0
2026-09-26 14:09:48,278 [INFO] ThirdParty:967 - CMSIS Pack Vendor :STMicroelectronics ThreadX 0.0.2
2026-09-26 14:09:48,278 [INFO] ThirdParty:967 - CMSIS Pack Vendor :STMicroelectronics lwIP 2.1.2
2026-09-26 14:09:48,278 [INFO] ThirdParty:967 - CMSIS Pack Vendor :STMicroelectronics X-CUBE-SFXS2LP1 4.0.0
2026-09-26 14:09:48,278 [INFO] ThirdParty:967 - CMSIS Pack Vendor :STMicroelectronics X-CUBE-BLE2 3.3.0
2026-09-26 14:09:48,278 [INFO] ThirdParty:967 - CMSIS Pack Vendor :STMicroelectronics X-CUBE-NFC13 1.0.0
2026-09-26 14:09:48,278 [INFO] ThirdParty:967 - CMSIS Pack Vendor :STMicroelectronics PDM2PCM 3.2.0
2026-09-26 14:09:48,278 [INFO] ThirdParty:967 - CMSIS Pack Vendor :STMicroelectronics X-CUBE-WB05N 2.1.0
2026-09-26 14:09:48,278 [INFO] ThirdParty:787 - exiting critical section [change project]
2026-09-26 14:09:48,663 [INFO] PinOutPanel:1463 - setPackage(No Configuration,No Configuration)
2026-09-26 14:09:48,665 [INFO] PinOutPanel:1463 - setPackage(STM32F103C6Ux,UFQFPN48)
2026-09-26 14:09:48,870 [INFO] UtilMem:74 - Before build in PCC Used Memory: 973497928 Bytes (1073741824)
2026-09-26 14:09:49,137 [INFO] UtilMem:74 - After build in PCC Used Memory: 994736152 Bytes (1073741824)
2026-09-26 14:09:49,158 [INFO] IPUIPlugin:74 - create IPUIPlugin
2026-09-26 14:09:49,158 [INFO] IPUIPlugin:74 - create IPUIPlugin
2026-09-26 14:09:49,158 [INFO] IPUIPlugin:74 - create IPUIPlugin
2026-09-26 14:09:49,158 [INFO] IPUIPlugin:74 - create IPUIPlugin
2026-09-26 14:09:49,158 [INFO] IPUIPlugin:74 - create IPUIPlugin
2026-09-26 14:09:49,158 [INFO] IPUIPlugin:74 - create IPUIPlugin
2026-09-26 14:09:49,158 [INFO] IPUIPlugin:74 - create IPUIPlugin
2026-09-26 14:09:49,158 [INFO] IPUIPlugin:74 - create IPUIPlugin
2026-09-26 14:09:49,158 [INFO] IPUIPlugin:74 - create IPUIPlugin
2026-09-26 14:09:49,158 [INFO] IPUIPlugin:74 - create IPUIPlugin
2026-09-26 14:09:49,158 [INFO] IPUIPlugin:74 - create IPUIPlugin
2026-09-26 14:09:49,160 [INFO] IPUIPlugin:74 - create IPUIPlugin
2026-09-26 14:09:49,160 [INFO] IPUIPlugin:74 - create IPUIPlugin
2026-09-26 14:09:49,160 [INFO] IPUIPlugin:74 - create IPUIPlugin
2026-09-26 14:09:49,160 [INFO] IPUIPlugin:74 - create IPUIPlugin
2026-09-26 14:09:49,160 [INFO] IPUIPlugin:74 - create IPUIPlugin
2026-09-26 14:09:49,160 [INFO] IPUIPlugin:74 - create IPUIPlugin
2026-09-26 14:09:49,160 [INFO] IPUIPlugin:74 - create IPUIPlugin
2026-09-26 14:09:49,160 [INFO] IPUIPlugin:74 - create IPUIPlugin
2026-09-26 14:09:49,162 [INFO] IPUIPlugin:74 - create IPUIPlugin
2026-09-26 14:09:49,162 [INFO] IPUIPlugin:74 - create IPUIPlugin
2026-09-26 14:09:49,162 [INFO] IPUIPlugin:74 - create IPUIPlugin
2026-09-26 14:09:49,162 [INFO] IPUIPlugin:74 - create IPUIPlugin
2026-09-26 14:09:49,186 [INFO] OpenFileManager:333 - Restore cursor
2026-09-26 14:12:08,556 [INFO] UtilMem:74 - End SaveConfig() Used Memory: 992420680 Bytes (1073741824)
2026-09-26 14:12:08,651 [INFO] UtilMem:74 - End SaveConfig() Used Memory: 1005347624 Bytes (1073741824)
2026-09-26 14:12:08,875 [INFO] UtilMem:74 - End SaveConfig() Used Memory: 1031566560 Bytes (1073741824)
2026-09-26 14:12:09,406 [INFO] BlockDiagram:2740 - set Specific Code input for plugin: NVIC
2026-09-26 14:12:09,406 [INFO] BlockDiagram:2740 - set Specific Code input for plugin: SYS
2026-09-26 14:12:09,408 [INFO] BlockDiagram:2740 - set Specific Code input for plugin: GPIO
2026-09-26 14:12:09,408 [INFO] BlockDiagram:2740 - set Specific Code input for plugin: RCC
2026-09-26 14:12:09,408 [INFO] CodeGenerator:663 - code generatio: config db path: D:\STM32CubeIDE_1.7.0\STM32CubeIDE\plugins\com.st.stm32cube.common.mx_6.3.0.202107141111\\db\
2026-09-26 14:12:10,295 [INFO] CodeEngine:239 - oldGeneratedFile, D:\Lab_VXL\Lab 1\Ex6\MXTmpFiles\license.tmp_save
2026-09-26 14:12:10,417 [INFO] CodeEngine:257 - Generated code: D:\Lab_VXL\Lab 1\Ex6\MXTmpFiles\license.tmp
2026-09-26 14:12:10,515 [INFO] CodeEngine:239 - oldGeneratedFile, D:\Lab_VXL\Lab 1\Ex6\MXTmpFiles\gpio.tmp_save
2026-09-26 14:12:10,621 [INFO] CodeEngine:257 - Generated code: D:\Lab_VXL\Lab 1\Ex6\MXTmpFiles\gpio.tmp
2026-09-26 14:12:10,686 [INFO] CodeEngine:239 - oldGeneratedFile, D:\Lab_VXL\Lab 1\Ex6\Core\Src\stm32f1xx_it.c_save
2026-09-26 14:12:10,810 [INFO] CodeEngine:257 - Generated code: D:\Lab_VXL\Lab 1\Ex6\Core\Src\stm32f1xx_it.c
2026-09-26 14:12:10,814 [INFO] CodeEngine:239 - oldGeneratedFile, D:\Lab_VXL\Lab 1\Ex6\Core\Inc\stm32f1xx_it.h_save
2026-09-26 14:12:10,888 [INFO] CodeEngine:257 - Generated code: D:\Lab_VXL\Lab 1\Ex6\Core\Inc\stm32f1xx_it.h
2026-09-26 14:12:10,906 [INFO] CodeEngine:239 - oldGeneratedFile, D:\Lab_VXL\Lab 1\Ex6\Core\Src\stm32f1xx_hal_msp.c_save
2026-09-26 14:12:11,010 [INFO] CodeEngine:257 - Generated code: D:\Lab_VXL\Lab 1\Ex6\Core\Src\stm32f1xx_hal_msp.c
2026-09-26 14:12:11,010 [INFO] CodeEngine:239 - oldGeneratedFile, D:\Lab_VXL\Lab 1\Ex6\MXTmpFiles\system.tmp_save
2026-09-26 14:12:11,074 [INFO] CodeEngine:257 - Generated code: D:\Lab_VXL\Lab 1\Ex6\MXTmpFiles\system.tmp
2026-09-26 14:12:11,096 [INFO] CodeEngine:239 - oldGeneratedFile, D:\Lab_VXL\Lab 1\Ex6\Core\Inc\stm32f1xx_hal_conf.h_save
2026-09-26 14:12:11,202 [INFO] CodeEngine:257 - Generated code: D:\Lab_VXL\Lab 1\Ex6\Core\Inc\stm32f1xx_hal_conf.h
2026-09-26 14:12:11,254 [INFO] CodeEngine:239 - oldGeneratedFile, D:\Lab_VXL\Lab 1\Ex6\Core\Inc\main.h_save
2026-09-26 14:12:11,359 [INFO] CodeEngine:257 - Generated code: D:\Lab_VXL\Lab 1\Ex6\Core\Inc\main.h
2026-09-26 14:12:11,375 [INFO] CodeEngine:239 - oldGeneratedFile, D:\Lab_VXL\Lab 1\Ex6\Core\Src\main.c_save
2026-09-26 14:12:11,522 [INFO] CodeEngine:257 - Generated code: D:\Lab_VXL\Lab 1\Ex6\Core\Src\main.c
2026-09-26 14:12:12,738 [INFO] ProjectBuilder:2578 - Time for Copy HAL[1] : 78mS.
2026-09-26 14:12:12,742 [INFO] ProjectBuilder:3622 - Project Generator version: 3.14.1
2026-09-26 14:12:13,438 [INFO] ConfigFileManager:1271 - The Die is : DIE412
2026-09-26 14:12:13,445 [INFO] ApiDbMcu:468 - Load IP Config File for FATFS
2026-09-26 14:12:13,475 [INFO] ApiDbMcu:468 - Load IP Config File for FREERTOS
2026-09-26 14:12:13,497 [INFO] ApiDbMcu:468 - Load IP Config File for USB_DEVICE
2026-09-26 14:12:15,734 [INFO] ProjectBuilder:3789 - Time for Generating toolchain IDE Files: 2992mS.
2026-09-26 14:12:15,734 [INFO] ProjectBuilder:2457 - Time for Copy CMSIS : 0mS.
2026-09-26 14:12:15,734 [INFO] ProjectBuilder:2457 - Time for Copy CMSIS : 0mS.
2026-09-26 16:04:37,328 [INFO] MainUpdater:2671 - connection check result : 10
2026-09-26 16:04:37,328 [INFO] McuFinderGlobals:52 - Set McuFinderConnectedMode to true
2026-09-26 16:04:37,567 [INFO] ServerAccessManage:362 - Download File mcusAds.json._tmp_
2026-09-26 16:04:37,742 [INFO] LoadUrlFilesThread:145 - End of LoadUrlFiles Thread
2026-09-26 16:04:59,541 [ERROR] ServerAccessManage:1016 - HTTP unexpected response (522) for https://stmcufinder.com/API/getFiles.php?
2026-09-26 16:04:59,541 [ERROR] ServerAccessManage:531 - Error during Access to HTTP Server. : mcusDocs.json._tmp_.
2026-09-26 16:06:41,538 [INFO] LoadUrlFilesThread:145 - End of LoadUrlFiles Thread
2026-09-26 16:06:42,819 [INFO] DbMcusAds:47 - JSON generation date=Tue Sep 22 19:25:16 ICT 2026 (1790079916640)
2026-09-26 16:06:42,861 [INFO] DbMcusDocs:143 - JSON generation date=Mon Jun 07 15:53:21 ICT 2021 (1623056001)
2026-09-26 16:06:43,213 [INFO] DbMcusDocs:79 - Found 669 MCUs documents
2026-09-26 16:06:43,215 [INFO] ApiDb:276 - Save user favorites file C:\Users\Hius/.stm32cubeide/favorites.mcus.txt: 0 item(s)
2026-09-26 16:06:43,217 [INFO] ApiDb:280 - User favorites MCUs=[]
2026-09-26 16:06:43,217 [INFO] DbMcusXml:100 - Load MCU database from D:\STM32CubeIDE_1.7.0\STM32CubeIDE\plugins\com.st.stm32cube.common.mx_6.3.0.202107141111\\db\/mcu/families.xml
2026-09-26 16:06:45,038 [ERROR] LogOutputStream:74 - [STDERR_REDIRECT] Exception in thread "AWT-EventQueue-0" java.lang.OutOfMemoryError: Java heap space
2026-09-26 16:06:45,052 [ERROR] LogOutputStream:74 - [STDERR_REDIRECT] 	at java.base/java.lang.StringUTF16.newBytesFor(StringUTF16.java:52)
2026-09-26 16:06:45,054 [ERROR] LogOutputStream:74 - [STDERR_REDIRECT] 	at java.base/java.lang.AbstractStringBuilder.inflate(AbstractStringBuilder.java:228)
2026-09-26 16:06:45,054 [ERROR] LogOutputStream:74 - [STDERR_REDIRECT] 	at java.base/java.lang.AbstractStringBuilder.appendChars(AbstractStringBuilder.java:1680)
2026-09-26 16:06:45,056 [ERROR] LogOutputStream:74 - [STDERR_REDIRECT] 	at java.base/java.lang.AbstractStringBuilder.append(AbstractStringBuilder.java:687)
2026-09-26 16:06:45,058 [ERROR] LogOutputStream:74 - [STDERR_REDIRECT] 	at java.base/java.lang.StringBuilder.append(StringBuilder.java:228)
2026-09-26 16:06:45,058 [ERROR] LogOutputStream:74 - [STDERR_REDIRECT] 	at java.base/java.io.BufferedReader.readLine(BufferedReader.java:372)
2026-09-26 16:06:45,060 [ERROR] LogOutputStream:74 - [STDERR_REDIRECT] 	at java.base/java.io.BufferedReader.readLine(BufferedReader.java:392)
2026-09-26 16:06:45,060 [ERROR] LogOutputStream:74 - [STDERR_REDIRECT] 	at com.st.microxplorer.mcufinder.db.DbUtils.getJsonFromFile(DbUtils.java:102)
2026-09-26 16:06:45,062 [ERROR] LogOutputStream:74 - [STDERR_REDIRECT] 	at com.st.microxplorer.mcufinder.db.DbMcusJson.loadJsonArrayFromFile(DbMcusJson.java:87)
2026-09-26 16:06:45,064 [ERROR] LogOutputStream:74 - [STDERR_REDIRECT] 	at com.st.microxplorer.mcufinder.db.DbMcusJson.<init>(DbMcusJson.java:51)
2026-09-26 16:06:45,064 [ERROR] LogOutputStream:74 - [STDERR_REDIRECT] 	at com.st.microxplorer.mcufinder.db.DbMcus.getDbManager(DbMcus.java:101)
2026-09-26 16:06:45,066 [ERROR] LogOutputStream:74 - [STDERR_REDIRECT] 	at com.st.microxplorer.mcufinder.db.DbMcus.resetDbManager(DbMcus.java:216)
2026-09-26 16:06:45,066 [ERROR] LogOutputStream:74 - [STDERR_REDIRECT] 	at com.st.microxplorer.mcufinder.gui.WebUtils.downloadDbFiles(WebUtils.java:876)
2026-09-26 16:06:45,070 [ERROR] LogOutputStream:74 - [STDERR_REDIRECT] 	at com.st.stm32cube.common.mx.targetselector.TargetSelectorAdapter$4.run(TargetSelectorAdapter.java:222)
2026-09-26 16:06:45,070 [ERROR] LogOutputStream:74 - [STDERR_REDIRECT] 	at com.st.stm32cube.common.mx.oss.core.awtswtbridge.AwtEnvironment$2.run(AwtEnvironment.java:166)
2026-09-26 16:06:45,070 [ERROR] LogOutputStream:74 - [STDERR_REDIRECT] 	at java.desktop/java.awt.event.InvocationEvent.dispatch(InvocationEvent.java:313)
2026-09-26 16:06:45,070 [ERROR] LogOutputStream:74 - [STDERR_REDIRECT] 	at java.desktop/java.awt.EventQueue.dispatchEventImpl(EventQueue.java:770)
2026-09-26 16:06:45,070 [ERROR] LogOutputStream:74 - [STDERR_REDIRECT] 	at java.desktop/java.awt.EventQueue$4.run(EventQueue.java:721)
2026-09-26 16:06:45,070 [ERROR] LogOutputStream:74 - [STDERR_REDIRECT] 	at java.desktop/java.awt.EventQueue$4.run(EventQueue.java:715)
2026-09-26 16:06:45,070 [ERROR] LogOutputStream:74 - [STDERR_REDIRECT] 	at java.base/java.security.AccessController.doPrivileged(Native Method)
2026-09-26 16:06:45,070 [ERROR] LogOutputStream:74 - [STDERR_REDIRECT] 	at java.base/java.security.ProtectionDomain$JavaSecurityAccessImpl.doIntersectionPrivilege(ProtectionDomain.java:85)
2026-09-26 16:06:45,070 [ERROR] LogOutputStream:74 - [STDERR_REDIRECT] 	at java.desktop/java.awt.EventQueue.dispatchEvent(EventQueue.java:740)
2026-09-26 16:06:45,070 [ERROR] LogOutputStream:74 - [STDERR_REDIRECT] 	at java.desktop/java.awt.EventDispatchThread.pumpOneEventForFilters(EventDispatchThread.java:203)
2026-09-26 16:06:45,070 [ERROR] LogOutputStream:74 - [STDERR_REDIRECT] 	at java.desktop/java.awt.EventDispatchThread.pumpEventsForFilter(EventDispatchThread.java:124)
2026-09-26 16:06:45,086 [ERROR] LogOutputStream:74 - [STDERR_REDIRECT] 	at java.desktop/java.awt.EventDispatchThread.pumpEventsForHierarchy(EventDispatchThread.java:113)
2026-09-26 16:06:45,086 [ERROR] LogOutputStream:74 - [STDERR_REDIRECT] 	at java.desktop/java.awt.EventDispatchThread.pumpEvents(EventDispatchThread.java:109)
2026-09-26 16:06:45,086 [ERROR] LogOutputStream:74 - [STDERR_REDIRECT] 	at java.desktop/java.awt.EventDispatchThread.pumpEvents(EventDispatchThread.java:101)
2026-09-26 16:06:45,086 [ERROR] LogOutputStream:74 - [STDERR_REDIRECT] 	at java.desktop/java.awt.EventDispatchThread.run(EventDispatchThread.java:90)
2026-09-26 16:06:45,165 [INFO] McuFinderGlobals:52 - Set McuFinderConnectedMode to false
2026-09-26 16:06:45,252 [INFO] CrossSelectorPresenter:1330 - Cross Selector saved comparison directory: C:\Users\Hius\.stmcufinder\plugins\mcufinder\mcu\cs_comparisons_mx
2026-09-26 16:06:45,252 [INFO] MultiScanPanel:197 - Auto-refresh data requested => check proxy status ongoing
2026-09-26 16:06:45,252 [INFO] MultiScanPanel:201 - Proxy status is invalid
2026-09-26 16:06:45,252 [INFO] FinderPluginLoader:87 - Searching for filters in installed packs
2026-09-26 16:06:45,325 [WARN] DetailPanel:314 - Failed to get advertising image, set to default
2026-09-26 16:07:08,708 [INFO] McuFinderGlobals:52 - Set McuFinderConnectedMode to true
2026-09-26 16:07:09,639 [INFO] ApiDb:276 - Save user favorites file C:\Users\Hius/.stm32cubeide/favorites.mcus.txt: 0 item(s)
2026-09-26 16:07:09,639 [INFO] ApiDb:280 - User favorites MCUs=[]
2026-09-26 16:07:14,693 [INFO] MainUpdater:2671 - connection check result : 10
2026-09-26 16:07:14,693 [INFO] McuFinderGlobals:52 - Set McuFinderConnectedMode to true
2026-09-26 16:07:15,235 [INFO] ServerAccessManage:362 - Download File mcusAds.json._tmp_
2026-09-26 16:07:15,366 [INFO] LoadUrlFilesThread:145 - End of LoadUrlFiles Thread
2026-09-26 16:07:36,013 [ERROR] ServerAccessManage:1016 - HTTP unexpected response (522) for https://stmcufinder.com/API/getFiles.php?
2026-09-26 16:07:36,013 [ERROR] ServerAccessManage:531 - Error during Access to HTTP Server. : mcusDocs.json._tmp_.
2026-09-26 16:07:38,107 [INFO] LoadUrlFilesThread:145 - End of LoadUrlFiles Thread
2026-09-26 16:07:38,811 [INFO] DbMcusAds:47 - JSON generation date=Tue Sep 22 19:25:16 ICT 2026 (1790079916640)
2026-09-26 16:07:38,836 [INFO] DbMcusDocs:143 - JSON generation date=Mon Jun 07 15:53:21 ICT 2021 (1623056001)
2026-09-26 16:07:38,836 [ERROR] DbMcusDocs:81 - No MCUs documents found !
2026-09-26 16:07:38,836 [INFO] DbMcusDocs:143 - JSON generation date=Mon Jun 07 15:53:21 ICT 2021 (1623056001)
2026-09-26 16:07:38,836 [ERROR] DbMcusDocs:81 - No MCUs documents found !
2026-09-26 16:07:38,854 [INFO] DbBoardsDocs:143 - JSON generation date=Tue Jun 01 12:52:40 ICT 2021 (1622526760)
2026-09-26 16:07:38,880 [INFO] DbBoardsDocs:79 - Found 193 boards documents
2026-09-26 16:07:38,882 [INFO] ApiDb:276 - Save user favorites file C:\Users\Hius/.stm32cubeide/favorites.boards.txt: 0 item(s)
2026-09-26 16:07:38,882 [INFO] ApiDb:280 - User favorites Boards=[]
2026-09-26 16:07:38,888 [INFO] DbBoardsPdsc:90 - Found 25 items
2026-09-26 16:07:38,890 [INFO] DbBoardsPdsc:90 - Found 9 items
2026-09-26 16:07:38,894 [INFO] DbBoardsPdsc:90 - Found 33 items
2026-09-26 16:07:38,896 [INFO] DbBoardsPdsc:90 - Found 1 items
2026-09-26 16:07:38,904 [INFO] DbBoardsPdsc:90 - Found 48 items
2026-09-26 16:07:38,916 [INFO] DbBoardsPdsc:90 - Found 43 items
2026-09-26 16:07:38,918 [INFO] DbBoardsPdsc:90 - Found 2 items
2026-09-26 16:07:38,920 [INFO] DbBoardsPdsc:90 - Found 5 items
2026-09-26 16:07:38,926 [WARN] DbBoardsPdsc:254 - Board STM32H7B3I-DK: unknown feature type=Audio, name=, username=Audio stereo codec with Headphone Amp (CS42L51-CNZ), n=1
2026-09-26 16:07:38,926 [WARN] DbBoardsPdsc:254 - Board STM32H735G-DK: unknown feature type=Audio, name=, username=Audio stereo codec with Headphone Amp (WM8994ECS/R), n=1
2026-09-26 16:07:38,930 [WARN] DbBoardsPdsc:254 - Board STM32H7B3I-EVAL: unknown feature type=Audio, name=, username=Multi-Channel Audio Codec (CS42L51-CNZ), n=1
2026-09-26 16:07:38,930 [WARN] DbBoardsPdsc:254 - Board STM32H7B3I-EVAL: unknown feature type=Meter, name=, username=Power-metering and Temperature-monitoring with sigma-delta modulators, n=1
2026-09-26 16:07:38,930 [WARN] DbBoardsPdsc:254 - Board STM32H7B3I-EVAL: unknown feature type=Motor, name=, username=Motor Control, n=1
2026-09-26 16:07:38,931 [WARN] DbBoardsPdsc:254 - Board STM32U575I-EV: unknown feature type=joystick, name=, username=4-direction joystick with selection button, n=1
2026-09-26 16:07:38,951 [INFO] DbBoardsJson:86 - JSON generation date=Tue Jun 01 12:52:40 ICT 2021 (1622526760)
2026-09-26 16:07:38,961 [INFO] DbBoards:117 - Found 166 boards (163 are supported by CubeMX)
2026-09-26 16:07:38,961 [WARN] DbBoards:127 - board B-L462E-CELL1 has no document id list !
2026-09-26 16:07:38,961 [WARN] DbBoards:127 - board B-L475E-IOT01A2 has no document id list !
2026-09-26 16:07:38,961 [WARN] DbBoards:127 - board B-U585I-IOT02A has no document id list !
2026-09-26 16:07:38,963 [WARN] DbBoards:127 - board NUCLEO-G0B1RE has no document id list !
2026-09-26 16:07:38,963 [WARN] DbBoards:127 - board NUCLEO-H743ZI has no document id list !
2026-09-26 16:07:38,963 [WARN] DbBoards:127 - board NUCLEO-L4A6ZG has no document id list !
2026-09-26 16:07:38,963 [WARN] DbBoards:127 - board NUCLEO-U575ZI-Q has no document id list !
2026-09-26 16:07:38,963 [WARN] DbBoards:127 - board NUCLEO-WB15CC has no document id list !
2026-09-26 16:07:38,963 [WARN] DbBoards:127 - board NUCLEO-WB55RG has no document id list !
2026-09-26 16:07:38,963 [WARN] DbBoards:127 - board NUCLEO-WL55JC2 has no document id list !
2026-09-26 16:07:38,963 [WARN] DbBoards:127 - board P-NUCLEO-WB55-Nucleo has no document id list !
2026-09-26 16:07:38,963 [WARN] DbBoards:127 - board P-NUCLEO-WB55-USBDongle has no document id list !
2026-09-26 16:07:38,963 [WARN] DbBoards:127 - board STEVAL-BFA001V1B has no document id list !
2026-09-26 16:07:38,963 [WARN] DbBoards:127 - board STEVAL-BFA001V2B has no document id list !
2026-09-26 16:07:38,963 [WARN] DbBoards:127 - board STEVAL-IDP005V1 has no document id list !
2026-09-26 16:07:38,963 [WARN] DbBoards:127 - board STEVAL-IDP005V2 has no document id list !
2026-09-26 16:07:38,963 [WARN] DbBoards:127 - board STEVAL-MKSBOX1V1 has no document id list !
2026-09-26 16:07:38,963 [WARN] DbBoards:127 - board STEVAL-STWINKT1 has no document id list !
2026-09-26 16:07:38,965 [WARN] DbBoards:127 - board STEVAL-STWINKT1B has no document id list !
2026-09-26 16:07:38,965 [WARN] DbBoards:127 - board STM32F401C-DISCO has no document id list !
2026-09-26 16:07:38,965 [WARN] DbBoards:127 - board STM32F769I-DISC1 has no document id list !
2026-09-26 16:07:38,965 [WARN] DbBoards:127 - board STM32G0C1E-EV has no document id list !
2026-09-26 16:07:38,965 [WARN] DbBoards:127 - board STM32G474E-EVAL1 has no document id list !
2026-09-26 16:07:38,965 [WARN] DbBoards:127 - board STM32H743I-EVAL2 has no document id list !
2026-09-26 16:07:38,965 [WARN] DbBoards:127 - board STM32H747I-DISC1 has no document id list !
2026-09-26 16:07:38,965 [WARN] DbBoards:127 - board STM32H753I-EVAL2 has no document id list !
2026-09-26 16:07:38,965 [WARN] DbBoards:127 - board STM32L-DISCOVERY has no document id list !
2026-09-26 16:07:38,965 [WARN] DbBoards:127 - board STM32MP157A-DK1 has no document id list !
2026-09-26 16:07:38,965 [WARN] DbBoards:127 - board STM32MP157D-DK1 has no document id list !
2026-09-26 16:07:38,965 [WARN] DbBoards:127 - board STM32MP157D-EV1 has no document id list !
2026-09-26 16:07:38,965 [WARN] DbBoards:127 - board STM32MP157F-DK2 has no document id list !
2026-09-26 16:07:38,965 [WARN] DbBoards:127 - board STM32MP157F-EV1 has no document id list !
2026-09-26 16:07:38,965 [WARN] DbBoards:127 - board STM32U575I-EV has no document id list !
2026-09-26 16:07:38,965 [WARN] DbBoards:127 - board STM32WB5MM-DK has no document id list !
2026-09-26 16:07:40,840 [INFO] ApiDb:251 - Load user favorites file C:\Users\Hius/.stm32cubeide/favorites.boards.txt: 0 item(s)
2026-09-26 16:07:40,840 [INFO] ApiDb:255 - User favorites Boards=[]
2026-09-26 16:07:40,840 [INFO] DbBoards:206 - Set 0 / 0 favorites Boards
2026-09-26 16:07:40,842 [ERROR] TargetSelectorAdapter:232 - Unable to refresh data
2026-09-26 16:07:40,917 [INFO] McuFinderGlobals:52 - Set McuFinderConnectedMode to false
2026-09-26 16:07:40,933 [INFO] CrossSelectorPresenter:1330 - Cross Selector saved comparison directory: C:\Users\Hius\.stmcufinder\plugins\mcufinder\mcu\cs_comparisons_mx
2026-09-26 16:07:40,937 [INFO] MultiScanPanel:197 - Auto-refresh data requested => check proxy status ongoing
2026-09-26 16:07:40,937 [INFO] MultiScanPanel:201 - Proxy status is invalid
2026-09-26 16:07:40,939 [INFO] FinderPluginLoader:87 - Searching for filters in installed packs
2026-09-26 16:07:40,968 [WARN] DetailPanel:314 - Failed to get advertising image, set to default
2026-09-26 16:07:55,965 [INFO] McuFinderGlobals:52 - Set McuFinderConnectedMode to true
2026-09-26 16:07:57,505 [INFO] ApiDb:276 - Save user favorites file C:\Users\Hius/.stm32cubeide/favorites.mcus.txt: 0 item(s)
2026-09-26 16:07:57,505 [INFO] ApiDb:280 - User favorites MCUs=[]
2026-09-26 16:08:22,487 [INFO] Activator:177 - 


2026-09-26 16:08:22,489 [INFO] Activator:178 - !SESSION log4j initialized
2026-09-26 16:08:33,089 [INFO] McuFinderGlobals:39 - Set McuFinder mode to 2 (CubeIDE integrated)
2026-09-26 16:08:33,351 [INFO] ApplicationProperties:181 - Using Application install path: D:\STM32CubeIDE_1.7.0\STM32CubeIDE\plugins\com.st.stm32cube.common.mx_6.3.0.202107141111
2026-09-26 16:08:33,364 [INFO] DbMcusXml:74 - Set database path to: D:\STM32CubeIDE_1.7.0\STM32CubeIDE\plugins\com.st.stm32cube.common.mx_6.3.0.202107141111\\db\/mcu/
2026-09-26 16:08:33,368 [INFO] DbBoardsPdsc:56 - Set plugin database path to: D:\STM32CubeIDE_1.7.0\STM32CubeIDE\plugins\com.st.stm32cube.common.mx_6.3.0.202107141111\\db\/plugins/boardmanager/
2026-09-26 16:08:33,368 [INFO] DbMcus:258 - Set plugin images path to: D:\STM32CubeIDE_1.7.0\STM32CubeIDE\plugins\com.st.stm32cube.common.mx_6.3.0.202107141111\\db\/plugins/mcufinder/images/
2026-09-26 16:08:33,368 [INFO] DbBoards:264 - Set plugin images path to: D:\STM32CubeIDE_1.7.0\STM32CubeIDE\plugins\com.st.stm32cube.common.mx_6.3.0.202107141111\\db\/plugins/mcufinder/images/
2026-09-26 16:08:33,372 [INFO] DbExamples:333 - Set plugin images path to: D:\STM32CubeIDE_1.7.0\STM32CubeIDE\plugins\com.st.stm32cube.common.mx_6.3.0.202107141111\\db\/plugins/mcufinder/images/
2026-09-26 16:08:33,374 [INFO] DbMcusAds:119 - Set database path to: C:\Users\Hius\.stmcufinder\plugins\mcufinder//mcu/
2026-09-26 16:08:33,376 [INFO] DbMcusDocs:110 - Set database path to: C:\Users\Hius\.stmcufinder\plugins\mcufinder//mcu/
2026-09-26 16:08:33,378 [INFO] DbMcusJson:64 - Set database path to: C:\Users\Hius\.stmcufinder\plugins\mcufinder//mcu/
2026-09-26 16:08:33,378 [INFO] DbBoardsDocs:110 - Set database path to: C:\Users\Hius\.stmcufinder\plugins\mcufinder//mcu/
2026-09-26 16:08:33,380 [INFO] DbBoardsJson:57 - Set database path to: C:\Users\Hius\.stmcufinder\plugins\mcufinder//mcu/
2026-09-26 16:08:33,382 [INFO] CrossReferenceDbSqlite:196 - Set database path to: C:\Users\Hius\.stmcufinder\plugins\mcufinder//mcu/cs/
2026-09-26 16:08:33,386 [INFO] DbExamplesSqlite:767 - Set database path to: C:\Users\Hius\.stmcufinder\plugins\mcufinder//mcu/
2026-09-26 16:08:33,477 [INFO] RulesReader:57 - Compatibility file has been processed (242 Rules)
2026-09-26 16:08:33,590 [INFO] DbMcusXml:74 - Set database path to: D:\STM32CubeIDE_1.7.0\STM32CubeIDE\plugins\com.st.stm32cube.common.mx_6.3.0.202107141111\\db\/mcu/
2026-09-26 16:08:33,592 [INFO] DbBoardsPdsc:56 - Set plugin database path to: D:\STM32CubeIDE_1.7.0\STM32CubeIDE\plugins\com.st.stm32cube.common.mx_6.3.0.202107141111\\db\/plugins/boardmanager/
2026-09-26 16:08:33,592 [INFO] DbMcus:258 - Set plugin images path to: D:\STM32CubeIDE_1.7.0\STM32CubeIDE\plugins\com.st.stm32cube.common.mx_6.3.0.202107141111\\db\/plugins/mcufinder/images/
2026-09-26 16:08:33,592 [INFO] DbBoards:264 - Set plugin images path to: D:\STM32CubeIDE_1.7.0\STM32CubeIDE\plugins\com.st.stm32cube.common.mx_6.3.0.202107141111\\db\/plugins/mcufinder/images/
2026-09-26 16:08:33,592 [INFO] DbExamples:333 - Set plugin images path to: D:\STM32CubeIDE_1.7.0\STM32CubeIDE\plugins\com.st.stm32cube.common.mx_6.3.0.202107141111\\db\/plugins/mcufinder/images/
2026-09-26 16:08:33,592 [WARN] DbFile:35 - Overriding database path with different value: C:\Users\Hius\.stmcufinder\plugins\mcufinder/ => C:\Users\Hius\.stmcufinder\plugins\mcufinder
2026-09-26 16:08:33,592 [INFO] DbMcusAds:119 - Set database path to: C:\Users\Hius\.stmcufinder\plugins\mcufinder//mcu/
2026-09-26 16:08:33,592 [WARN] DbFile:35 - Overriding database path with different value: C:\Users\Hius\.stmcufinder\plugins\mcufinder/ => C:\Users\Hius\.stmcufinder\plugins\mcufinder
2026-09-26 16:08:33,594 [INFO] DbMcusDocs:110 - Set database path to: C:\Users\Hius\.stmcufinder\plugins\mcufinder//mcu/
2026-09-26 16:08:33,594 [WARN] DbFile:35 - Overriding database path with different value: C:\Users\Hius\.stmcufinder\plugins\mcufinder/ => C:\Users\Hius\.stmcufinder\plugins\mcufinder
2026-09-26 16:08:33,594 [INFO] DbMcusJson:64 - Set database path to: C:\Users\Hius\.stmcufinder\plugins\mcufinder//mcu/
2026-09-26 16:08:33,594 [WARN] DbFile:35 - Overriding database path with different value: C:\Users\Hius\.stmcufinder\plugins\mcufinder/ => C:\Users\Hius\.stmcufinder\plugins\mcufinder
2026-09-26 16:08:33,594 [INFO] DbBoardsDocs:110 - Set database path to: C:\Users\Hius\.stmcufinder\plugins\mcufinder//mcu/
2026-09-26 16:08:33,594 [WARN] DbFile:35 - Overriding database path with different value: C:\Users\Hius\.stmcufinder\plugins\mcufinder/ => C:\Users\Hius\.stmcufinder\plugins\mcufinder
2026-09-26 16:08:33,594 [INFO] DbBoardsJson:57 - Set database path to: C:\Users\Hius\.stmcufinder\plugins\mcufinder//mcu/
2026-09-26 16:08:33,594 [WARN] DbFile:35 - Overriding database path with different value: C:\Users\Hius\.stmcufinder\plugins\mcufinder/ => C:\Users\Hius\.stmcufinder\plugins\mcufinder
2026-09-26 16:08:33,594 [WARN] DbFile:35 - Overriding database path with different value: C:\Users\Hius\.stmcufinder\plugins\mcufinder/ => C:\Users\Hius\.stmcufinder\plugins\mcufinder
2026-09-26 16:08:33,594 [INFO] CrossReferenceDbSqlite:196 - Set database path to: C:\Users\Hius\.stmcufinder\plugins\mcufinder//mcu/cs/
2026-09-26 16:08:33,594 [WARN] DbFile:35 - Overriding database path with different value: C:\Users\Hius\.stmcufinder\plugins\mcufinder/ => C:\Users\Hius\.stmcufinder\plugins\mcufinder
2026-09-26 16:08:33,594 [INFO] DbExamplesSqlite:767 - Set database path to: C:\Users\Hius\.stmcufinder\plugins\mcufinder//mcu/
2026-09-26 16:08:33,654 [INFO] MainPanel:214 - HeapMemory: 268435456
2026-09-26 16:08:33,737 [INFO] DbMcusXml:74 - Set database path to: D:\STM32CubeIDE_1.7.0\STM32CubeIDE\plugins\com.st.stm32cube.common.mx_6.3.0.202107141111\\db\/mcu/
2026-09-26 16:08:33,737 [INFO] DbBoardsPdsc:56 - Set plugin database path to: D:\STM32CubeIDE_1.7.0\STM32CubeIDE\plugins\com.st.stm32cube.common.mx_6.3.0.202107141111\\db\/plugins/boardmanager/
2026-09-26 16:08:33,737 [INFO] DbMcus:258 - Set plugin images path to: D:\STM32CubeIDE_1.7.0\STM32CubeIDE\plugins\com.st.stm32cube.common.mx_6.3.0.202107141111\\db\/plugins/mcufinder/images/
2026-09-26 16:08:33,737 [INFO] DbBoards:264 - Set plugin images path to: D:\STM32CubeIDE_1.7.0\STM32CubeIDE\plugins\com.st.stm32cube.common.mx_6.3.0.202107141111\\db\/plugins/mcufinder/images/
2026-09-26 16:08:33,737 [INFO] DbExamples:333 - Set plugin images path to: D:\STM32CubeIDE_1.7.0\STM32CubeIDE\plugins\com.st.stm32cube.common.mx_6.3.0.202107141111\\db\/plugins/mcufinder/images/
2026-09-26 16:08:33,748 [WARN] DbFile:35 - Overriding database path with different value: C:\Users\Hius\.stmcufinder\plugins\mcufinder/ => C:\Users\Hius\.stmcufinder\plugins\mcufinder
2026-09-26 16:08:33,748 [INFO] DbMcusAds:119 - Set database path to: C:\Users\Hius\.stmcufinder\plugins\mcufinder//mcu/
2026-09-26 16:08:33,748 [WARN] DbFile:35 - Overriding database path with different value: C:\Users\Hius\.stmcufinder\plugins\mcufinder/ => C:\Users\Hius\.stmcufinder\plugins\mcufinder
2026-09-26 16:08:33,748 [INFO] DbMcusDocs:110 - Set database path to: C:\Users\Hius\.stmcufinder\plugins\mcufinder//mcu/
2026-09-26 16:08:33,748 [WARN] DbFile:35 - Overriding database path with different value: C:\Users\Hius\.stmcufinder\plugins\mcufinder/ => C:\Users\Hius\.stmcufinder\plugins\mcufinder
2026-09-26 16:08:33,748 [INFO] DbMcusJson:64 - Set database path to: C:\Users\Hius\.stmcufinder\plugins\mcufinder//mcu/
2026-09-26 16:08:33,748 [WARN] DbFile:35 - Overriding database path with different value: C:\Users\Hius\.stmcufinder\plugins\mcufinder/ => C:\Users\Hius\.stmcufinder\plugins\mcufinder
2026-09-26 16:08:33,748 [INFO] DbBoardsDocs:110 - Set database path to: C:\Users\Hius\.stmcufinder\plugins\mcufinder//mcu/
2026-09-26 16:08:33,748 [WARN] DbFile:35 - Overriding database path with different value: C:\Users\Hius\.stmcufinder\plugins\mcufinder/ => C:\Users\Hius\.stmcufinder\plugins\mcufinder
2026-09-26 16:08:33,748 [INFO] DbBoardsJson:57 - Set database path to: C:\Users\Hius\.stmcufinder\plugins\mcufinder//mcu/
2026-09-26 16:08:33,748 [WARN] DbFile:35 - Overriding database path with different value: C:\Users\Hius\.stmcufinder\plugins\mcufinder/ => C:\Users\Hius\.stmcufinder\plugins\mcufinder
2026-09-26 16:08:33,748 [WARN] DbFile:35 - Overriding database path with different value: C:\Users\Hius\.stmcufinder\plugins\mcufinder/ => C:\Users\Hius\.stmcufinder\plugins\mcufinder
2026-09-26 16:08:33,748 [INFO] CrossReferenceDbSqlite:196 - Set database path to: C:\Users\Hius\.stmcufinder\plugins\mcufinder//mcu/cs/
2026-09-26 16:08:33,748 [WARN] DbFile:35 - Overriding database path with different value: C:\Users\Hius\.stmcufinder\plugins\mcufinder/ => C:\Users\Hius\.stmcufinder\plugins\mcufinder
2026-09-26 16:08:33,748 [INFO] DbExamplesSqlite:767 - Set database path to: C:\Users\Hius\.stmcufinder\plugins\mcufinder//mcu/
2026-09-26 16:08:33,768 [INFO] ApplicationProperties:181 - Using Application install path: D:\STM32CubeIDE_1.7.0\STM32CubeIDE\plugins\com.st.stm32cube.common.mx_6.3.0.202107141111
2026-09-26 16:08:33,768 [INFO] PluginManage:188 - Search for loadable plugins [exclusion list=, ]
2026-09-26 16:08:33,768 [INFO] PluginManage:302 - Check plugin analytics
2026-09-26 16:08:33,916 [INFO] AnalyticsPlugin:257 - Accepted Software Licenses: 
2026-09-26 16:08:33,916 [INFO] AnalyticsPlugin:259 - Accepted CMSIS Pack Licenses: 
2026-09-26 16:08:33,916 [INFO] AnalyticsPlugin:261 - Accepted Firmware Licenses: 
2026-09-26 16:08:33,916 [INFO] PluginManage:352 - Loaded plugin analytics (category:tool,tabindex:-1)
2026-09-26 16:08:33,916 [INFO] PluginManage:302 - Check plugin clock
2026-09-26 16:08:33,929 [INFO] PluginManage:352 - Loaded plugin clock (category:base,tabindex:2)
2026-09-26 16:08:33,929 [INFO] PluginManage:302 - Check plugin ddr
2026-09-26 16:08:33,931 [INFO] PluginManage:352 - Loaded plugin ddr (category:tool,tabindex:6)
2026-09-26 16:08:33,931 [INFO] PluginManage:302 - Check plugin filemanager
2026-09-26 16:08:34,064 [INFO] PluginManage:352 - Loaded plugin filemanager (category:base,tabindex:10)
2026-09-26 16:08:34,064 [INFO] PluginManage:302 - Check plugin ipmanager
2026-09-26 16:08:34,072 [INFO] PluginManage:352 - Loaded plugin ipmanager (category:base,tabindex:5)
2026-09-26 16:08:34,072 [INFO] PluginManage:302 - Check plugin pinoutandconfiguration
2026-09-26 16:08:34,080 [INFO] PluginManage:352 - Loaded plugin pinoutandconfiguration (category:base,tabindex:1)
2026-09-26 16:08:34,080 [INFO] PluginManage:302 - Check plugin pinoutconfig
2026-09-26 16:08:34,128 [INFO] PluginManage:352 - Loaded plugin pinoutconfig (category:base,tabindex:0)
2026-09-26 16:08:34,128 [INFO] PluginManage:302 - Check plugin power
2026-09-26 16:08:34,149 [INFO] PluginManage:352 - Loaded plugin power (category:power,tabindex:4)
2026-09-26 16:08:34,149 [INFO] PluginManage:302 - Check plugin projectmanager
2026-09-26 16:08:34,165 [INFO] PluginManage:352 - Loaded plugin projectmanager (category:projectmanager,tabindex:3)
2026-09-26 16:08:34,165 [INFO] PluginManage:302 - Check plugin thirdparty
2026-09-26 16:08:34,305 [INFO] PluginManage:352 - Loaded plugin thirdparty (category:base,tabindex:-1)
2026-09-26 16:08:34,305 [INFO] PluginManage:302 - Check plugin tools
2026-09-26 16:08:34,305 [WARN] IntegrityCheckThread:78 - waiting for thirdparty lock release [integrity check]
2026-09-26 16:08:34,305 [INFO] IntegrityCheckThread:80 - entering critical section [integrity check]
2026-09-26 16:08:34,305 [INFO] ThirdPartyUpdaterWithRetryManager:66 - Updater plugin not ready yet. [1/15]
2026-09-26 16:08:34,309 [INFO] PluginManage:352 - Loaded plugin tools (category:base,tabindex:7)
2026-09-26 16:08:34,309 [INFO] PluginManage:302 - Check plugin tutovideos
2026-09-26 16:08:34,508 [INFO] PluginManage:352 - Loaded plugin tutovideos (category:base,tabindex:-1)
2026-09-26 16:08:34,508 [INFO] PluginManage:302 - Check plugin updater
2026-09-26 16:08:34,525 [INFO] PluginManage:352 - Loaded plugin updater (category:base,tabindex:12)
2026-09-26 16:08:34,525 [INFO] PluginManage:275 - PluginManage : Loaded plugins [13]
2026-09-26 16:08:34,758 [INFO] PinOutPanel:1463 - setPackage(No Configuration,No Configuration)
2026-09-26 16:08:34,864 [INFO] IPUIPlugin:74 - create IPUIPlugin
2026-09-26 16:08:34,864 [INFO] PluginManager:213 - loadIPPluginJar : add adc
2026-09-26 16:08:34,864 [INFO] IPUIPlugin:74 - create IPUIPlugin
2026-09-26 16:08:34,864 [INFO] PluginManager:213 - loadIPPluginJar : add aes
2026-09-26 16:08:34,864 [INFO] IPUIPlugin:74 - create IPUIPlugin
2026-09-26 16:08:34,864 [INFO] PluginManager:213 - loadIPPluginJar : add can
2026-09-26 16:08:34,864 [INFO] IPUIPlugin:74 - create IPUIPlugin
2026-09-26 16:08:34,864 [INFO] PluginManager:213 - loadIPPluginJar : add comp
2026-09-26 16:08:34,875 [INFO] IPUIPlugin:74 - create IPUIPlugin
2026-09-26 16:08:34,875 [INFO] PluginManager:213 - loadIPPluginJar : add cryp
2026-09-26 16:08:34,875 [INFO] IPUIPlugin:74 - create IPUIPlugin
2026-09-26 16:08:34,875 [INFO] PluginManager:213 - loadIPPluginJar : add dfsdm
2026-09-26 16:08:34,875 [INFO] IPUIPlugin:74 - create IPUIPlugin
2026-09-26 16:08:34,875 [INFO] PluginManager:213 - loadIPPluginJar : add dma
2026-09-26 16:08:34,875 [INFO] IPUIPlugin:74 - create IPUIPlugin
2026-09-26 16:08:34,875 [INFO] PluginManager:213 - loadIPPluginJar : add dma3
2026-09-26 16:08:34,875 [INFO] IPUIPlugin:74 - create IPUIPlugin
2026-09-26 16:08:34,875 [INFO] PluginManager:213 - loadIPPluginJar : add fatfs
2026-09-26 16:08:34,875 [INFO] IPUIPlugin:74 - create IPUIPlugin
2026-09-26 16:08:34,875 [INFO] PluginManager:213 - loadIPPluginJar : add fmc
2026-09-26 16:08:34,891 [INFO] IPUIPlugin:74 - create IPUIPlugin
2026-09-26 16:08:34,891 [INFO] PluginManager:213 - loadIPPluginJar : add freertos
2026-09-26 16:08:34,891 [INFO] IPUIPlugin:74 - create IPUIPlugin
2026-09-26 16:08:34,891 [INFO] PluginManager:213 - loadIPPluginJar : add genericplugin
2026-09-26 16:08:34,891 [INFO] IPUIPlugin:74 - create IPUIPlugin
2026-09-26 16:08:34,891 [INFO] PluginManager:213 - loadIPPluginJar : add gfxmmu
2026-09-26 16:08:34,891 [INFO] IPUIPlugin:74 - create IPUIPlugin
2026-09-26 16:08:34,891 [INFO] PluginManager:213 - loadIPPluginJar : add gic
2026-09-26 16:08:34,907 [INFO] IPUIPlugin:74 - create IPUIPlugin
2026-09-26 16:08:34,907 [INFO] PluginManager:213 - loadIPPluginJar : add gpio
2026-09-26 16:08:34,907 [INFO] IPUIPlugin:74 - create IPUIPlugin
2026-09-26 16:08:34,907 [INFO] PluginManager:213 - loadIPPluginJar : add gtzc
2026-09-26 16:08:34,907 [INFO] IPUIPlugin:74 - create IPUIPlugin
2026-09-26 16:08:34,907 [INFO] PluginManager:213 - loadIPPluginJar : add hash
2026-09-26 16:08:34,907 [INFO] IPUIPlugin:74 - create IPUIPlugin
2026-09-26 16:08:34,907 [INFO] PluginManager:213 - loadIPPluginJar : add i2c
2026-09-26 16:08:34,907 [INFO] IPUIPlugin:74 - create IPUIPlugin
2026-09-26 16:08:34,907 [INFO] PluginManager:213 - loadIPPluginJar : add i2s
2026-09-26 16:08:34,907 [INFO] IPUIPlugin:74 - create IPUIPlugin
2026-09-26 16:08:34,907 [INFO] PluginManager:213 - loadIPPluginJar : add ipddr
2026-09-26 16:08:34,923 [INFO] IPUIPlugin:74 - create IPUIPlugin
2026-09-26 16:08:34,923 [INFO] PluginManager:213 - loadIPPluginJar : add linkedlist
2026-09-26 16:08:34,923 [INFO] IPUIPlugin:74 - create IPUIPlugin
2026-09-26 16:08:34,923 [INFO] PluginManager:213 - loadIPPluginJar : add lorawan
2026-09-26 16:08:34,923 [INFO] IPUIPlugin:74 - create IPUIPlugin
2026-09-26 16:08:34,923 [INFO] PluginManager:213 - loadIPPluginJar : add ltdc
2026-09-26 16:08:34,934 [INFO] IPUIPlugin:74 - create IPUIPlugin
2026-09-26 16:08:34,934 [INFO] PluginManager:213 - loadIPPluginJar : add mdma
2026-09-26 16:08:34,936 [INFO] IPUIPlugin:74 - create IPUIPlugin
2026-09-26 16:08:34,936 [INFO] PluginManager:213 - loadIPPluginJar : add nvic
2026-09-26 16:08:34,940 [INFO] IPUIPlugin:74 - create IPUIPlugin
2026-09-26 16:08:34,940 [INFO] PluginManager:213 - loadIPPluginJar : add opamp
2026-09-26 16:08:34,942 [INFO] IPUIPlugin:74 - create IPUIPlugin
2026-09-26 16:08:34,942 [INFO] PluginManager:213 - loadIPPluginJar : add openamp
2026-09-26 16:08:34,944 [INFO] IPUIPlugin:74 - create IPUIPlugin
2026-09-26 16:08:34,944 [INFO] PluginManager:213 - loadIPPluginJar : add pdm2pcm
2026-09-26 16:08:34,948 [INFO] IPUIPlugin:74 - create IPUIPlugin
2026-09-26 16:08:34,954 [INFO] PluginManager:213 - loadIPPluginJar : add plateformsettings
2026-09-26 16:08:34,954 [INFO] IPUIPlugin:74 - create IPUIPlugin
2026-09-26 16:08:34,954 [INFO] PluginManager:213 - loadIPPluginJar : add quadspi
2026-09-26 16:08:34,954 [INFO] IPUIPlugin:74 - create IPUIPlugin
2026-09-26 16:08:34,954 [INFO] PluginManager:213 - loadIPPluginJar : add resmgrutility
2026-09-26 16:08:34,954 [INFO] IPUIPlugin:74 - create IPUIPlugin
2026-09-26 16:08:34,954 [INFO] PluginManager:213 - loadIPPluginJar : add sai
2026-09-26 16:08:34,954 [INFO] IPUIPlugin:74 - create IPUIPlugin
2026-09-26 16:08:34,954 [INFO] PluginManager:213 - loadIPPluginJar : add spi
2026-09-26 16:08:34,970 [INFO] IPUIPlugin:74 - create IPUIPlugin
2026-09-26 16:08:34,970 [INFO] PluginManager:213 - loadIPPluginJar : add stm32_wpan
2026-09-26 16:08:34,972 [INFO] IPUIPlugin:74 - create IPUIPlugin
2026-09-26 16:08:34,972 [INFO] PluginManager:213 - loadIPPluginJar : add tim
2026-09-26 16:08:34,974 [INFO] IPUIPlugin:74 - create IPUIPlugin
2026-09-26 16:08:34,974 [INFO] PluginManager:213 - loadIPPluginJar : add touchsensing
2026-09-26 16:08:34,977 [INFO] IPUIPlugin:74 - create IPUIPlugin
2026-09-26 16:08:34,977 [INFO] PluginManager:213 - loadIPPluginJar : add tracer_emb
2026-09-26 16:08:34,979 [INFO] IPUIPlugin:74 - create IPUIPlugin
2026-09-26 16:08:34,979 [INFO] PluginManager:213 - loadIPPluginJar : add ts
2026-09-26 16:08:34,979 [INFO] IPUIPlugin:74 - create IPUIPlugin
2026-09-26 16:08:34,981 [INFO] PluginManager:213 - loadIPPluginJar : add tsc
2026-09-26 16:08:34,981 [INFO] IPUIPlugin:74 - create IPUIPlugin
2026-09-26 16:08:34,981 [INFO] PluginManager:213 - loadIPPluginJar : add ucpd
2026-09-26 16:08:34,983 [INFO] IPUIPlugin:74 - create IPUIPlugin
2026-09-26 16:08:34,983 [INFO] PluginManager:213 - loadIPPluginJar : add usart
2026-09-26 16:08:34,985 [INFO] IPUIPlugin:74 - create IPUIPlugin
2026-09-26 16:08:34,985 [INFO] PluginManager:213 - loadIPPluginJar : add usbx
2026-09-26 16:08:35,386 [FATAL] Updater:294 - Updater called before beeing initialized
2026-09-26 16:08:35,594 [FATAL] Updater:294 - Updater called before beeing initialized
2026-09-26 16:08:35,609 [INFO] DbMcusAds:47 - JSON generation date=Tue Sep 22 19:25:16 ICT 2026 (1790079916640)
2026-09-26 16:08:35,609 [FATAL] Updater:294 - Updater called before beeing initialized
2026-09-26 16:08:35,650 [WARN] DetailPanel:314 - Failed to get advertising image, set to default
2026-09-26 16:08:35,783 [FATAL] Updater:294 - Updater called before beeing initialized
2026-09-26 16:08:35,800 [FATAL] Updater:294 - Updater called before beeing initialized
2026-09-26 16:08:35,800 [FATAL] Updater:294 - Updater called before beeing initialized
2026-09-26 16:08:35,801 [WARN] DetailPanel:314 - Failed to get advertising image, set to default
2026-09-26 16:08:35,802 [FATAL] Updater:294 - Updater called before beeing initialized
2026-09-26 16:08:35,886 [ERROR] Updater:1075 - MainUpdater not yet initialized. External WinMGr cannot be set.
2026-09-26 16:08:35,888 [INFO] Updater:1012 - Updater Version found : 6.3.0
2026-09-26 16:08:35,914 [INFO] ApplicationProperties:181 - Using Application install path: D:\STM32CubeIDE_1.7.0\STM32CubeIDE\plugins\com.st.stm32cube.common.mx_6.3.0.202107141111
2026-09-26 16:08:36,423 [INFO] MainUpdater:2671 - connection check result : 10
2026-09-26 16:08:36,423 [INFO] MainUpdater:265 - Updater Check For Update Now.
2026-09-26 16:08:36,423 [INFO] MicroXplorer:478 - Change Database Version : DB.6.0.30
2026-09-26 16:08:36,616 [INFO] CheckServerUpdateThread:112 - End of CheckServer Thread
2026-09-26 16:08:36,664 [INFO] MainUpdater:2671 - connection check result : 10
2026-09-26 16:08:36,664 [INFO] McuFinderGlobals:52 - Set McuFinderConnectedMode to true
2026-09-26 16:08:36,759 [INFO] ServerAccessManage:362 - Download File mcusAds.json._tmp_
2026-09-26 16:08:36,892 [INFO] LoadUrlFilesThread:145 - End of LoadUrlFiles Thread
2026-09-26 16:08:37,315 [WARN] MainUpdater:1122 - Updater busy. Cannot search thirdparties
2026-09-26 16:08:37,315 [INFO] ThirdPartyUpdaterWithRetryManager:92 - Updater plugin is busy. [1/15]
2026-09-26 16:08:40,324 [WARN] MainUpdater:1122 - Updater busy. Cannot search thirdparties
2026-09-26 16:08:40,324 [INFO] ThirdPartyUpdaterWithRetryManager:92 - Updater plugin is busy. [2/15]
2026-09-26 16:08:43,327 [WARN] MainUpdater:1122 - Updater busy. Cannot search thirdparties
2026-09-26 16:08:43,327 [INFO] ThirdPartyUpdaterWithRetryManager:92 - Updater plugin is busy. [3/15]
2026-09-26 16:08:46,328 [WARN] MainUpdater:1122 - Updater busy. Cannot search thirdparties
2026-09-26 16:08:46,328 [INFO] ThirdPartyUpdaterWithRetryManager:92 - Updater plugin is busy. [4/15]
2026-09-26 16:08:49,329 [WARN] MainUpdater:1122 - Updater busy. Cannot search thirdparties
2026-09-26 16:08:49,329 [INFO] ThirdPartyUpdaterWithRetryManager:92 - Updater plugin is busy. [5/15]
2026-09-26 16:08:52,331 [WARN] MainUpdater:1122 - Updater busy. Cannot search thirdparties
2026-09-26 16:08:52,331 [INFO] ThirdPartyUpdaterWithRetryManager:92 - Updater plugin is busy. [6/15]
2026-09-26 16:08:55,345 [WARN] MainUpdater:1122 - Updater busy. Cannot search thirdparties
2026-09-26 16:08:55,345 [INFO] ThirdPartyUpdaterWithRetryManager:92 - Updater plugin is busy. [7/15]
2026-09-26 16:08:57,569 [ERROR] ServerAccessManage:1016 - HTTP unexpected response (522) for https://stmcufinder.com/API/getFiles.php?
2026-09-26 16:08:57,569 [ERROR] ServerAccessManage:531 - Error during Access to HTTP Server. : mcusDocs.json._tmp_.
2026-09-26 16:08:58,347 [WARN] MainUpdater:1122 - Updater busy. Cannot search thirdparties
2026-09-26 16:08:58,347 [INFO] ThirdPartyUpdaterWithRetryManager:92 - Updater plugin is busy. [8/15]
2026-09-26 16:09:00,767 [INFO] LoadUrlFilesThread:145 - End of LoadUrlFiles Thread
2026-09-26 16:09:01,596 [WARN] PackLoader:238 - Cannot read IP mode file for STMicroelectronics.X-CUBE-AZRTOS-H7.3.5.0
2026-09-26 16:09:01,609 [WARN] PackLoader:238 - Cannot read IP mode file for STMicroelectronics.FP-ATR-ASTRA1.2.0.3
2026-09-26 16:09:01,616 [ERROR] Engine:463 - C:\Users\Hius\.stm32cubemx\thirdparties\pdsc\STMicroelectronics.X-CUBE-SMBUS.2.1.1.pdsc: PDSC version is not supported
2026-09-26 16:09:01,649 [WARN] PackLoader:238 - Cannot read IP mode file for STMicroelectronics.X-CUBE-AZRTOS-F7.1.1.0
2026-09-26 16:09:01,659 [ERROR] Engine:463 - C:\Users\Hius\.stm32cubemx\thirdparties\pdsc\STMicroelectronics.X-CUBE-FREERTOS.1.6.0.pdsc: PDSC version is not supported
2026-09-26 16:09:01,667 [ERROR] Engine:463 - C:\Users\Hius\.stm32cubemx\thirdparties\pdsc\STMicroelectronics.FP-SNS-MOTENV1.5.1.0.pdsc: PDSC version is not supported
2026-09-26 16:09:01,684 [WARN] PackLoader:238 - Cannot read IP mode file for STMicroelectronics.X-CUBE-AZRTOS-H7RS.1.3.0
2026-09-26 16:09:01,699 [ERROR] Engine:463 - C:\Users\Hius\.stm32cubemx\thirdparties\pdsc\WES.I-CUBE-Cesium.1.4.0.pdsc: PDSC version is not supported
2026-09-26 16:09:01,699 [ERROR] Engine:463 - C:\Users\Hius\.stm32cubemx\thirdparties\pdsc\STMicroelectronics.X-CUBE-DISPLAY.3.0.0.pdsc: PDSC version is not supported
2026-09-26 16:09:01,708 [WARN] PackLoader:238 - Cannot read IP mode file for STMicroelectronics.X-CUBE-GNSS1.7.1.1
2026-09-26 16:09:01,708 [ERROR] Engine:463 - C:\Users\Hius\.stm32cubemx\thirdparties\pdsc\STMicroelectronics.FP-SNS-MOTENVWB1.1.5.0.pdsc: PDSC version is not supported
2026-09-26 16:09:01,708 [WARN] PackLoader:238 - Cannot read IP mode file for STMicroelectronics.X-CUBE-NFC10.1.0.0
2026-09-26 16:09:01,708 [ERROR] Engine:463 - C:\Users\Hius\.stm32cubemx\thirdparties\pdsc\STMicroelectronics.X-CUBE-ST60.1.1.0.pdsc: PDSC version is not supported
2026-09-26 16:09:01,724 [ERROR] Engine:463 - C:\Users\Hius\.stm32cubemx\thirdparties\pdsc\emotas.I-CUBE-CANOPEN.1.3.0.pdsc: PDSC version is not supported
2026-09-26 16:09:01,724 [WARN] PackLoader:238 - Cannot read IP mode file for wolfSSL.I-CUBE-wolfSSL.5.9.2
2026-09-26 16:09:01,724 [ERROR] Engine:463 - C:\Users\Hius\.stm32cubemx\thirdparties\pdsc\STMicroelectronics.X-CUBE-WBA.1.1.0.pdsc: PDSC version is not supported
2026-09-26 16:09:01,724 [ERROR] Engine:463 - C:\Users\Hius\.stm32cubemx\thirdparties\pdsc\STMicroelectronics.FP-SNS-STBOX1.2.1.0.pdsc: PDSC version is not supported
2026-09-26 16:09:01,724 [ERROR] Engine:463 - C:\Users\Hius\.stm32cubemx\thirdparties\pdsc\STMicroelectronics.FP-SNS-SMARTAG2.1.2.0.pdsc: PDSC version is not supported
2026-09-26 16:09:01,724 [ERROR] Engine:463 - C:\Users\Hius\.stm32cubemx\thirdparties\pdsc\STMicroelectronics.FP-SNS-FLIGHT1.5.1.0.pdsc: PDSC version is not supported
2026-09-26 16:09:01,740 [INFO] LogOutputStream:76 - [STDOUT_REDIRECT] 1 : Invalid condition id : UX_CORESTACK_Condition cause : null
2026-09-26 16:09:01,740 [INFO] LogOutputStream:76 - [STDOUT_REDIRECT] 1 : Invalid condition id : UX_CORESTACK_Condition cause : null
2026-09-26 16:09:01,740 [INFO] LogOutputStream:76 - [STDOUT_REDIRECT] 1 : Invalid condition id : UX_CORESTACK_Condition cause : null
2026-09-26 16:09:01,740 [INFO] LogOutputStream:76 - [STDOUT_REDIRECT] 1 : Invalid condition id : UX_CORESTACK_Condition cause : null
2026-09-26 16:09:01,740 [INFO] LogOutputStream:76 - [STDOUT_REDIRECT] 1 : Invalid condition id : UX_CORESTACK_Condition cause : null
2026-09-26 16:09:01,756 [WARN] PackLoader:238 - Cannot read IP mode file for STMicroelectronics.X-CUBE-AZRTOS-WL.2.0.0
2026-09-26 16:09:01,756 [WARN] PackLoader:238 - Cannot read IP mode file for STMicroelectronics.X-CUBE-BLE2.3.3.0
2026-09-26 16:09:01,756 [ERROR] Engine:463 - C:\Users\Hius\.stm32cubemx\thirdparties\pdsc\Avnet-IOTCONNECT.X-CUBE-iotc-st67-sdk.1.0.0.pdsc: PDSC version is not supported
2026-09-26 16:09:01,756 [ERROR] Engine:463 - C:\Users\Hius\.stm32cubemx\thirdparties\pdsc\Infineon.AIROC-Wi-Fi-Bluetooth-STM32.1.8.0.pdsc: PDSC version is not supported
2026-09-26 16:09:01,771 [WARN] PackLoader:238 - Cannot read IP mode file for STMicroelectronics.X-CUBE-NFC9.1.0.0
2026-09-26 16:09:01,803 [WARN] PackLoader:238 - Cannot read IP mode file for STMicroelectronics.X-CUBE-BLE1.7.1.0
2026-09-26 16:09:01,803 [WARN] PackLoader:238 - Cannot read IP mode file for wolfSSL.I-CUBE-wolfMQTT.1.19.2
2026-09-26 16:09:01,819 [WARN] PackLoader:238 - Cannot read IP mode file for STMicroelectronics.X-CUBE-EEPRMA1.5.2.0
2026-09-26 16:09:01,842 [WARN] PackLoader:238 - Cannot read IP mode file for STMicroelectronics.X-CUBE-AZRTOS-G0.1.1.0
2026-09-26 16:09:01,856 [WARN] PackLoader:238 - Cannot read IP mode file for STMicroelectronics.X-CUBE-NFC4.3.0.0
2026-09-26 16:09:01,860 [ERROR] Engine:463 - C:\Users\Hius\.stm32cubemx\thirdparties\pdsc\EmbeddedOffice.I-CUBE-FS-RTOS.1.0.1.pdsc: PDSC version is not supported
2026-09-26 16:09:01,864 [WARN] PackLoader:238 - Cannot read IP mode file for wolfSSL.I-CUBE-wolfTPM.3.8.0
2026-09-26 16:09:01,868 [ERROR] Engine:463 - C:\Users\Hius\.stm32cubemx\thirdparties\pdsc\STMicroelectronics.X-CUBE-TCPP.4.2.0.pdsc: PDSC version is not supported
2026-09-26 16:09:01,870 [ERROR] Engine:463 - C:\Users\Hius\.stm32cubemx\thirdparties\pdsc\RealThread.X-CUBE-RT-Thread_Nano.4.1.1.pdsc: PDSC version is not supported
2026-09-26 16:09:01,874 [WARN] PackLoader:238 - Cannot read IP mode file for STMicroelectronics.FP-ATR-SIGFOX1.3.2.0
2026-09-26 16:09:01,876 [ERROR] Engine:463 - C:\Users\Hius\.stm32cubemx\thirdparties\pdsc\ITTIA_DB.I-CUBE-ITTIADB.8.9.0.pdsc: PDSC version is not supported
2026-09-26 16:09:01,878 [ERROR] Engine:463 - C:\Users\Hius\.stm32cubemx\thirdparties\pdsc\Cesanta.I-CUBE-Mongoose.7.21.7.pdsc: PDSC version is not supported
2026-09-26 16:09:01,885 [WARN] PackLoader:238 - Cannot read IP mode file for STMicroelectronics.X-CUBE-NFC6.3.2.0
2026-09-26 16:09:01,893 [WARN] PackLoader:238 - Cannot read IP mode file for STMicroelectronics.X-CUBE-AI.10.2.1
2026-09-26 16:09:01,929 [WARN] PackLoader:238 - Cannot read IP mode file for SEGGER.I-CUBE-embOS.1.3.1
2026-09-26 16:09:01,992 [ERROR] Engine:463 - C:\Users\Hius\.stm32cubemx\thirdparties\pdsc\STMicroelectronics.FP-SNS-STAIOTCFT.2.0.0.pdsc: PDSC version is not supported
2026-09-26 16:09:01,992 [WARN] PackLoader:238 - Cannot read IP mode file for STMicroelectronics.X-CUBE-NFC13.1.0.0
2026-09-26 16:09:01,992 [WARN] PackLoader:238 - Cannot read IP mode file for STMicroelectronics.X-CUBE-PM33A1.1.0.0
2026-09-26 16:09:02,039 [WARN] PackLoader:238 - Cannot read IP mode file for STMicroelectronics.X-CUBE-AZRTOS-F4.1.1.0
2026-09-26 16:09:02,039 [WARN] PackLoader:238 - Cannot read IP mode file for STMicroelectronics.X-CUBE-ISPU.2.1.0
2026-09-26 16:09:02,055 [ERROR] Engine:463 - C:\Users\Hius\.stm32cubemx\thirdparties\pdsc\STMicroelectronics.X-CUBE-IPS.3.2.0.pdsc: PDSC version is not supported
2026-09-26 16:09:02,055 [ERROR] Engine:463 - C:\Users\Hius\.stm32cubemx\thirdparties\pdsc\STMicroelectronics.eDS-WB_DPC_TT-BIDIR.2.1.1.pdsc: PDSC version is not supported
2026-09-26 16:09:02,055 [WARN] PackLoader:238 - Cannot read IP mode file for STMicroelectronics.X-CUBE-NFC12.1.0.0
2026-09-26 16:09:02,089 [WARN] PackLoader:238 - Cannot read IP mode file for STMicroelectronics.X-CUBE-AZRTOS-L5.2.0.0
2026-09-26 16:09:02,100 [WARN] PackLoader:238 - Cannot read IP mode file for STMicroelectronics.X-CUBE-ALGOBUILD.1.5.0
2026-09-26 16:09:02,103 [ERROR] Engine:463 - C:\Users\Hius\.stm32cubemx\thirdparties\pdsc\STMicroelectronics.eDS-WB_DPC_VIENNA.1.2.0.pdsc: PDSC version is not supported
2026-09-26 16:09:02,157 [WARN] PackLoader:238 - Cannot read IP mode file for STMicroelectronics.X-CUBE-MEMS1.13.0.0
2026-09-26 16:09:02,296 [ERROR] Engine:463 - C:\Users\Hius\.stm32cubemx\thirdparties\pdsc\STMicroelectronics.eDS-WB_DPC_3PH2L-BIDIR.1.1.1.pdsc: PDSC version is not supported
2026-09-26 16:09:02,296 [ERROR] Engine:463 - C:\Users\Hius\.stm32cubemx\thirdparties\pdsc\STMicroelectronics.X-CUBE-ST67W61.1.3.0.pdsc: PDSC version is not supported
2026-09-26 16:09:02,310 [WARN] PackLoader:238 - Cannot read IP mode file for STMicroelectronics.X-CUBE-TOUCHGFX.4.26.1
2026-09-26 16:09:02,310 [ERROR] Engine:463 - C:\Users\Hius\.stm32cubemx\thirdparties\pdsc\STMicroelectronics.X-CUBE-DPower.1.3.0.pdsc: PDSC version is not supported
2026-09-26 16:09:02,326 [WARN] ConditionMgr:437 - getConditionDescription Invalid condition id : LAN8742 Phy interface Condition cause : null
2026-09-26 16:09:02,326 [WARN] PackLoader:238 - Cannot read IP mode file for STMicroelectronics.X-CUBE-AZRTOS-L4.2.0.0
2026-09-26 16:09:02,326 [WARN] ConditionMgr:1038 - genDependencies : Invalid condition id : LAN8742 Phy interface Condition cause : null
2026-09-26 16:09:02,326 [WARN] ConditionMgr:1038 - genDependencies : Invalid condition id : LAN8742 Phy interface Condition cause : null
2026-09-26 16:09:02,326 [WARN] ConditionMgr:1038 - genDependencies : Invalid condition id : LAN8742 Phy interface Condition cause : null
2026-09-26 16:09:02,344 [WARN] PackLoader:238 - Cannot read IP mode file for STMicroelectronics.X-CUBE-SFXS2LP1.4.0.0
2026-09-26 16:09:02,352 [WARN] PackLoader:238 - Cannot read IP mode file for STMicroelectronics.X-CUBE-WB05N.2.1.0
2026-09-26 16:09:02,358 [WARN] ConditionMgr:437 - getConditionDescription Invalid condition id : UX DEVICE CLASS RTOS Condition cause : null
2026-09-26 16:09:02,358 [WARN] ConditionMgr:437 - getConditionDescription Invalid condition id : UX DEVICE CLASS RTOS Condition cause : null
2026-09-26 16:09:02,374 [WARN] PackLoader:238 - Cannot read IP mode file for STMicroelectronics.X-CUBE-AZRTOS-WB.2.0.0
2026-09-26 16:09:02,374 [WARN] ConditionMgr:1038 - genDependencies : Invalid condition id : UX DEVICE CLASS RTOS Condition cause : null
2026-09-26 16:09:02,374 [WARN] ConditionMgr:1038 - genDependencies : Invalid condition id : UX DEVICE CLASS RTOS Condition cause : null
2026-09-26 16:09:02,374 [WARN] ConditionMgr:1038 - genDependencies : Invalid condition id : UX DEVICE CLASS RTOS Condition cause : null
2026-09-26 16:09:02,374 [WARN] ConditionMgr:1038 - genDependencies : Invalid condition id : UX DEVICE CLASS RTOS Condition cause : null
2026-09-26 16:09:02,374 [WARN] ConditionMgr:1038 - genDependencies : Invalid condition id : UX DEVICE CLASS RTOS Condition cause : null
2026-09-26 16:09:02,374 [ERROR] Engine:463 - C:\Users\Hius\.stm32cubemx\thirdparties\pdsc\quantropi.X-CUBE-qispace-sdk-base.2.1.0.pdsc: PDSC version is not supported
2026-09-26 16:09:02,374 [WARN] PackLoader:238 - Cannot read IP mode file for STMicroelectronics.X-CUBE-STSE01.2.0.0
2026-09-26 16:09:02,389 [WARN] PackLoader:238 - Cannot read IP mode file for STMicroelectronics.X-CUBE-SUBG2.5.0.0
2026-09-26 16:09:02,421 [WARN] PackLoader:238 - Cannot read IP mode file for STMicroelectronics.X-CUBE-AZRTOS-G4.2.0.0
2026-09-26 16:09:02,453 [WARN] PackLoader:238 - Cannot read IP mode file for wolfSSL.I-CUBE-wolfSSH.1.4.20
2026-09-26 16:09:02,453 [WARN] PackLoader:238 - Cannot read IP mode file for STMicroelectronics.X-CUBE-NFC7.2.0.0
2026-09-26 16:09:02,473 [INFO] DbMcusAds:47 - JSON generation date=Tue Sep 22 19:25:16 ICT 2026 (1790079916640)
2026-09-26 16:09:02,473 [ERROR] Engine:463 - C:\Users\Hius\.stm32cubemx\thirdparties\pdsc\STMicroelectronics.X-CUBE-BLEMGR.4.2.0.pdsc: PDSC version is not supported
2026-09-26 16:09:02,485 [ERROR] Engine:463 - C:\Users\Hius\.stm32cubemx\thirdparties\pdsc\STMicroelectronics.X-CUBE-ALS.1.0.2.pdsc: PDSC version is not supported
2026-09-26 16:09:02,493 [ERROR] Engine:463 - C:\Users\Hius\.stm32cubemx\thirdparties\pdsc\STMicroelectronics.X-CUBE-TOF1.3.4.3.pdsc: PDSC version is not supported
2026-09-26 16:09:02,493 [INFO] DbMcusDocs:143 - JSON generation date=Mon Jun 07 15:53:21 ICT 2021 (1623056001)
2026-09-26 16:09:02,493 [INFO] ThirdParty:915 - Integrity check success = true
2026-09-26 16:09:02,493 [INFO] IntegrityCheckThread:94 - exiting critical section [integrity check]
2026-09-26 16:09:02,493 [INFO] IntegrityCheckThread:97 - End integrity checks thread
2026-09-26 16:09:02,493 [INFO] DbMcusXml:100 - Load MCU database from D:\STM32CubeIDE_1.7.0\STM32CubeIDE\plugins\com.st.stm32cube.common.mx_6.3.0.202107141111\\db\/mcu/families.xml
2026-09-26 16:09:03,406 [INFO] DbMcusJson:93 - JSON generation date=Mon Jun 07 15:53:21 ICT 2021 (1623056001)
2026-09-26 16:09:04,023 [INFO] DbMcus:175 - Found 1951 MCUs (1903 are supported by CubeMX, 1903 are visible in CubeMX)
2026-09-26 16:09:04,023 [INFO] ApiDb:251 - Load user favorites file C:\Users\Hius/.stm32cubeide/favorites.mcus.txt: 0 item(s)
2026-09-26 16:09:04,023 [INFO] ApiDb:255 - User favorites MCUs=[]
2026-09-26 16:09:04,023 [INFO] DbMcus:187 - Set 0 / 0 favorites MCUs
2026-09-26 16:09:04,331 [INFO] DbMcusDocs:79 - Found 669 MCUs documents
2026-09-26 16:09:04,332 [INFO] ApiDb:276 - Save user favorites file C:\Users\Hius/.stm32cubeide/favorites.mcus.txt: 0 item(s)
2026-09-26 16:09:04,332 [INFO] ApiDb:280 - User favorites MCUs=[]
2026-09-26 16:09:04,332 [INFO] DbMcusXml:100 - Load MCU database from D:\STM32CubeIDE_1.7.0\STM32CubeIDE\plugins\com.st.stm32cube.common.mx_6.3.0.202107141111\\db\/mcu/families.xml
2026-09-26 16:09:05,021 [INFO] DbMcusJson:93 - JSON generation date=Mon Jun 07 15:53:21 ICT 2021 (1623056001)
2026-09-26 16:09:05,633 [INFO] DbMcus:175 - Found 1951 MCUs (1903 are supported by CubeMX, 1903 are visible in CubeMX)
2026-09-26 16:09:05,633 [INFO] ApiDb:251 - Load user favorites file C:\Users\Hius/.stm32cubeide/favorites.mcus.txt: 0 item(s)
2026-09-26 16:09:05,633 [INFO] ApiDb:255 - User favorites MCUs=[]
2026-09-26 16:09:05,633 [INFO] DbMcus:187 - Set 0 / 0 favorites MCUs
2026-09-26 16:09:05,638 [INFO] DbBoardsDocs:143 - JSON generation date=Tue Jun 01 12:52:40 ICT 2021 (1622526760)
2026-09-26 16:09:05,654 [INFO] DbBoardsPdsc:90 - Found 25 items
2026-09-26 16:09:05,654 [INFO] DbBoardsPdsc:90 - Found 9 items
2026-09-26 16:09:05,654 [INFO] DbBoardsPdsc:90 - Found 33 items
2026-09-26 16:09:05,654 [INFO] DbBoardsPdsc:90 - Found 1 items
2026-09-26 16:09:05,670 [INFO] DbBoardsPdsc:90 - Found 48 items
2026-09-26 16:09:05,670 [INFO] DbBoardsPdsc:90 - Found 43 items
2026-09-26 16:09:05,670 [INFO] DbBoardsPdsc:90 - Found 2 items
2026-09-26 16:09:05,694 [INFO] DbBoardsPdsc:90 - Found 5 items
2026-09-26 16:09:05,702 [WARN] DbBoardsPdsc:254 - Board STM32H7B3I-DK: unknown feature type=Audio, name=, username=Audio stereo codec with Headphone Amp (CS42L51-CNZ), n=1
2026-09-26 16:09:05,702 [WARN] DbBoardsPdsc:254 - Board STM32H735G-DK: unknown feature type=Audio, name=, username=Audio stereo codec with Headphone Amp (WM8994ECS/R), n=1
2026-09-26 16:09:05,702 [WARN] DbBoardsPdsc:254 - Board STM32H7B3I-EVAL: unknown feature type=Audio, name=, username=Multi-Channel Audio Codec (CS42L51-CNZ), n=1
2026-09-26 16:09:05,702 [WARN] DbBoardsPdsc:254 - Board STM32H7B3I-EVAL: unknown feature type=Meter, name=, username=Power-metering and Temperature-monitoring with sigma-delta modulators, n=1
2026-09-26 16:09:05,702 [WARN] DbBoardsPdsc:254 - Board STM32H7B3I-EVAL: unknown feature type=Motor, name=, username=Motor Control, n=1
2026-09-26 16:09:05,702 [WARN] DbBoardsPdsc:254 - Board STM32U575I-EV: unknown feature type=joystick, name=, username=4-direction joystick with selection button, n=1
2026-09-26 16:09:05,738 [INFO] DbBoardsJson:86 - JSON generation date=Tue Jun 01 12:52:40 ICT 2021 (1622526760)
2026-09-26 16:09:05,746 [INFO] DbBoards:117 - Found 166 boards (163 are supported by CubeMX)
2026-09-26 16:09:05,756 [INFO] DbBoardsDocs:143 - JSON generation date=Tue Jun 01 12:52:40 ICT 2021 (1622526760)
2026-09-26 16:09:05,775 [INFO] DbBoardsDocs:79 - Found 193 boards documents
2026-09-26 16:09:05,775 [WARN] DbBoards:127 - board B-L462E-CELL1 has no document id list !
2026-09-26 16:09:05,775 [WARN] DbBoards:127 - board B-L475E-IOT01A2 has no document id list !
2026-09-26 16:09:05,775 [WARN] DbBoards:127 - board B-U585I-IOT02A has no document id list !
2026-09-26 16:09:05,775 [WARN] DbBoards:127 - board NUCLEO-G0B1RE has no document id list !
2026-09-26 16:09:05,777 [WARN] DbBoards:127 - board NUCLEO-H743ZI has no document id list !
2026-09-26 16:09:05,777 [WARN] DbBoards:127 - board NUCLEO-L4A6ZG has no document id list !
2026-09-26 16:09:05,777 [WARN] DbBoards:127 - board NUCLEO-U575ZI-Q has no document id list !
2026-09-26 16:09:05,777 [WARN] DbBoards:127 - board NUCLEO-WB15CC has no document id list !
2026-09-26 16:09:05,777 [WARN] DbBoards:127 - board NUCLEO-WB55RG has no document id list !
2026-09-26 16:09:05,777 [WARN] DbBoards:127 - board NUCLEO-WL55JC2 has no document id list !
2026-09-26 16:09:05,777 [WARN] DbBoards:127 - board P-NUCLEO-WB55-Nucleo has no document id list !
2026-09-26 16:09:05,777 [WARN] DbBoards:127 - board P-NUCLEO-WB55-USBDongle has no document id list !
2026-09-26 16:09:05,777 [WARN] DbBoards:127 - board STEVAL-BFA001V1B has no document id list !
2026-09-26 16:09:05,777 [WARN] DbBoards:127 - board STEVAL-BFA001V2B has no document id list !
2026-09-26 16:09:05,777 [WARN] DbBoards:127 - board STEVAL-IDP005V1 has no document id list !
2026-09-26 16:09:05,777 [WARN] DbBoards:127 - board STEVAL-IDP005V2 has no document id list !
2026-09-26 16:09:05,777 [WARN] DbBoards:127 - board STEVAL-MKSBOX1V1 has no document id list !
2026-09-26 16:09:05,777 [WARN] DbBoards:127 - board STEVAL-STWINKT1 has no document id list !
2026-09-26 16:09:05,777 [WARN] DbBoards:127 - board STEVAL-STWINKT1B has no document id list !
2026-09-26 16:09:05,779 [WARN] DbBoards:127 - board STM32F401C-DISCO has no document id list !
2026-09-26 16:09:05,779 [WARN] DbBoards:127 - board STM32F769I-DISC1 has no document id list !
2026-09-26 16:09:05,779 [WARN] DbBoards:127 - board STM32G0C1E-EV has no document id list !
2026-09-26 16:09:05,779 [WARN] DbBoards:127 - board STM32G474E-EVAL1 has no document id list !
2026-09-26 16:09:05,779 [WARN] DbBoards:127 - board STM32H743I-EVAL2 has no document id list !
2026-09-26 16:09:05,779 [WARN] DbBoards:127 - board STM32H747I-DISC1 has no document id list !
2026-09-26 16:09:05,779 [WARN] DbBoards:127 - board STM32H753I-EVAL2 has no document id list !
2026-09-26 16:09:05,781 [WARN] DbBoards:127 - board STM32L-DISCOVERY has no document id list !
2026-09-26 16:09:05,781 [WARN] DbBoards:127 - board STM32MP157A-DK1 has no document id list !
2026-09-26 16:09:05,781 [WARN] DbBoards:127 - board STM32MP157D-DK1 has no document id list !
2026-09-26 16:09:05,781 [WARN] DbBoards:127 - board STM32MP157D-EV1 has no document id list !
2026-09-26 16:09:05,781 [WARN] DbBoards:127 - board STM32MP157F-DK2 has no document id list !
2026-09-26 16:09:05,781 [WARN] DbBoards:127 - board STM32MP157F-EV1 has no document id list !
2026-09-26 16:09:05,781 [WARN] DbBoards:127 - board STM32U575I-EV has no document id list !
2026-09-26 16:09:05,781 [WARN] DbBoards:127 - board STM32WB5MM-DK has no document id list !
2026-09-26 16:09:07,555 [INFO] ApiDb:251 - Load user favorites file C:\Users\Hius/.stm32cubeide/favorites.boards.txt: 0 item(s)
2026-09-26 16:09:07,555 [INFO] ApiDb:255 - User favorites Boards=[]
2026-09-26 16:09:07,555 [INFO] DbBoards:206 - Set 0 / 0 favorites Boards
2026-09-26 16:09:07,571 [INFO] DbBoardsDocs:79 - Found 386 boards documents
2026-09-26 16:09:07,571 [INFO] ApiDb:276 - Save user favorites file C:\Users\Hius/.stm32cubeide/favorites.boards.txt: 0 item(s)
2026-09-26 16:09:07,571 [INFO] ApiDb:280 - User favorites Boards=[]
2026-09-26 16:09:07,571 [INFO] DbBoardsPdsc:90 - Found 25 items
2026-09-26 16:09:07,587 [INFO] DbBoardsPdsc:90 - Found 9 items
2026-09-26 16:09:07,587 [INFO] DbBoardsPdsc:90 - Found 33 items
2026-09-26 16:09:07,587 [INFO] DbBoardsPdsc:90 - Found 1 items
2026-09-26 16:09:07,587 [INFO] DbBoardsPdsc:90 - Found 48 items
2026-09-26 16:09:07,597 [INFO] DbBoardsPdsc:90 - Found 43 items
2026-09-26 16:09:07,597 [INFO] DbBoardsPdsc:90 - Found 2 items
2026-09-26 16:09:07,597 [INFO] DbBoardsPdsc:90 - Found 5 items
2026-09-26 16:09:07,609 [WARN] DbBoardsPdsc:254 - Board STM32H7B3I-DK: unknown feature type=Audio, name=, username=Audio stereo codec with Headphone Amp (CS42L51-CNZ), n=1
2026-09-26 16:09:07,609 [WARN] DbBoardsPdsc:254 - Board STM32H735G-DK: unknown feature type=Audio, name=, username=Audio stereo codec with Headphone Amp (WM8994ECS/R), n=1
2026-09-26 16:09:07,609 [WARN] DbBoardsPdsc:254 - Board STM32H7B3I-EVAL: unknown feature type=Audio, name=, username=Multi-Channel Audio Codec (CS42L51-CNZ), n=1
2026-09-26 16:09:07,609 [WARN] DbBoardsPdsc:254 - Board STM32H7B3I-EVAL: unknown feature type=Meter, name=, username=Power-metering and Temperature-monitoring with sigma-delta modulators, n=1
2026-09-26 16:09:07,609 [WARN] DbBoardsPdsc:254 - Board STM32H7B3I-EVAL: unknown feature type=Motor, name=, username=Motor Control, n=1
2026-09-26 16:09:07,609 [WARN] DbBoardsPdsc:254 - Board STM32U575I-EV: unknown feature type=joystick, name=, username=4-direction joystick with selection button, n=1
2026-09-26 16:09:07,618 [INFO] DbBoardsJson:86 - JSON generation date=Tue Jun 01 12:52:40 ICT 2021 (1622526760)
2026-09-26 16:09:07,618 [INFO] DbBoards:117 - Found 166 boards (163 are supported by CubeMX)
2026-09-26 16:09:07,618 [WARN] DbBoards:127 - board B-L462E-CELL1 has no document id list !
2026-09-26 16:09:07,618 [WARN] DbBoards:127 - board B-L475E-IOT01A2 has no document id list !
2026-09-26 16:09:07,618 [WARN] DbBoards:127 - board B-U585I-IOT02A has no document id list !
2026-09-26 16:09:07,618 [WARN] DbBoards:127 - board NUCLEO-G0B1RE has no document id list !
2026-09-26 16:09:07,618 [WARN] DbBoards:127 - board NUCLEO-H743ZI has no document id list !
2026-09-26 16:09:07,618 [WARN] DbBoards:127 - board NUCLEO-L4A6ZG has no document id list !
2026-09-26 16:09:07,618 [WARN] DbBoards:127 - board NUCLEO-U575ZI-Q has no document id list !
2026-09-26 16:09:07,618 [WARN] DbBoards:127 - board NUCLEO-WB15CC has no document id list !
2026-09-26 16:09:07,618 [WARN] DbBoards:127 - board NUCLEO-WB55RG has no document id list !
2026-09-26 16:09:07,618 [WARN] DbBoards:127 - board NUCLEO-WL55JC2 has no document id list !
2026-09-26 16:09:07,618 [WARN] DbBoards:127 - board P-NUCLEO-WB55-Nucleo has no document id list !
2026-09-26 16:09:07,618 [WARN] DbBoards:127 - board P-NUCLEO-WB55-USBDongle has no document id list !
2026-09-26 16:09:07,618 [WARN] DbBoards:127 - board STEVAL-BFA001V1B has no document id list !
2026-09-26 16:09:07,618 [WARN] DbBoards:127 - board STEVAL-BFA001V2B has no document id list !
2026-09-26 16:09:07,618 [WARN] DbBoards:127 - board STEVAL-IDP005V1 has no document id list !
2026-09-26 16:09:07,618 [WARN] DbBoards:127 - board STEVAL-IDP005V2 has no document id list !
2026-09-26 16:09:07,618 [WARN] DbBoards:127 - board STEVAL-MKSBOX1V1 has no document id list !
2026-09-26 16:09:07,618 [WARN] DbBoards:127 - board STEVAL-STWINKT1 has no document id list !
2026-09-26 16:09:07,618 [WARN] DbBoards:127 - board STEVAL-STWINKT1B has no document id list !
2026-09-26 16:09:07,634 [WARN] DbBoards:127 - board STM32F401C-DISCO has no document id list !
2026-09-26 16:09:07,634 [WARN] DbBoards:127 - board STM32F769I-DISC1 has no document id list !
2026-09-26 16:09:07,634 [WARN] DbBoards:127 - board STM32G0C1E-EV has no document id list !
2026-09-26 16:09:07,634 [WARN] DbBoards:127 - board STM32G474E-EVAL1 has no document id list !
2026-09-26 16:09:07,634 [WARN] DbBoards:127 - board STM32H743I-EVAL2 has no document id list !
2026-09-26 16:09:07,634 [WARN] DbBoards:127 - board STM32H747I-DISC1 has no document id list !
2026-09-26 16:09:07,634 [WARN] DbBoards:127 - board STM32H753I-EVAL2 has no document id list !
2026-09-26 16:09:07,634 [WARN] DbBoards:127 - board STM32L-DISCOVERY has no document id list !
2026-09-26 16:09:07,634 [WARN] DbBoards:127 - board STM32MP157A-DK1 has no document id list !
2026-09-26 16:09:07,634 [WARN] DbBoards:127 - board STM32MP157D-DK1 has no document id list !
2026-09-26 16:09:07,634 [WARN] DbBoards:127 - board STM32MP157D-EV1 has no document id list !
2026-09-26 16:09:07,634 [WARN] DbBoards:127 - board STM32MP157F-DK2 has no document id list !
2026-09-26 16:09:07,634 [WARN] DbBoards:127 - board STM32MP157F-EV1 has no document id list !
2026-09-26 16:09:07,634 [WARN] DbBoards:127 - board STM32U575I-EV has no document id list !
2026-09-26 16:09:07,634 [WARN] DbBoards:127 - board STM32WB5MM-DK has no document id list !
2026-09-26 16:09:09,005 [INFO] ApiDb:251 - Load user favorites file C:\Users\Hius/.stm32cubeide/favorites.boards.txt: 0 item(s)
2026-09-26 16:09:09,005 [INFO] ApiDb:255 - User favorites Boards=[]
2026-09-26 16:09:09,005 [INFO] DbBoards:206 - Set 0 / 0 favorites Boards
2026-09-26 16:09:09,007 [ERROR] TargetSelectorAdapter:232 - Unable to refresh data
2026-09-26 16:09:09,173 [INFO] McuFinderGlobals:52 - Set McuFinderConnectedMode to false
2026-09-26 16:09:09,296 [INFO] CrossSelectorPresenter:1330 - Cross Selector saved comparison directory: C:\Users\Hius\.stmcufinder\plugins\mcufinder\mcu\cs_comparisons_mx
2026-09-26 16:09:09,299 [INFO] MultiScanPanel:197 - Auto-refresh data requested => check proxy status ongoing
2026-09-26 16:09:09,299 [INFO] MultiScanPanel:201 - Proxy status is invalid
2026-09-26 16:09:09,299 [INFO] FinderPluginLoader:87 - Searching for filters in installed packs
2026-09-26 16:09:09,760 [WARN] DetailPanel:314 - Failed to get advertising image, set to default
2026-09-26 16:09:10,118 [INFO] ToolPreferences:109 - Table McuList, key=mcufinder_cubeide.mculist: column name not found=Match
2026-09-26 16:09:10,228 [INFO] ToolPreferences:109 - Table McuList, key=mcufinder_cubeide.mculist: column name not found=Match
2026-09-26 16:09:10,337 [INFO] ToolPreferences:109 - Table McuList, key=mcufinder_cubeide.mculist: column name not found=Match
2026-09-26 16:09:57,248 [INFO] MainUpdater:2671 - connection check result : 10
2026-09-26 16:09:57,248 [INFO] MainUpdater:2671 - connection check result : 10
2026-09-26 16:09:57,309 [INFO] MicroXplorer:448 - Change Database Path : 
2026-09-26 16:09:57,311 [INFO] MicroXplorer:478 - Change Database Version : DB.6.0.30
2026-09-26 16:09:57,311 [WARN] ThirdParty:813 - waiting for thirdparty lock release [close project]
2026-09-26 16:09:57,311 [INFO] ThirdParty:815 - entering critical section [close project]
2026-09-26 16:09:57,311 [INFO] ThirdParty:825 - exiting critical section [close project]
2026-09-26 16:09:57,315 [INFO] PinOutPanel:1463 - setPackage(No Configuration,No Configuration)
2026-09-26 16:09:57,315 [INFO] UtilMem:74 - Begin LoadConfig() Used Memory: 341984024 Bytes (640679936)
2026-09-26 16:09:57,315 [INFO] MicroXplorer:448 - Change Database Path : 
2026-09-26 16:09:57,315 [INFO] MicroXplorer:478 - Change Database Version : DB.6.0.30
2026-09-26 16:09:57,315 [INFO] OpenFileManager:313 - Change cursor
2026-09-26 16:09:58,157 [INFO] Context:592 - Trying to add GPIOservice into a context  which must be forbidden
2026-09-26 16:09:58,357 [INFO] ImportTextPane:167 - (OptionalMessage_ERROR) Unable to find key (Mcu.ThirdPartyNb) in loaded IOC file
2026-09-26 16:09:58,357 [INFO] ImportTextPane:167 - (OptionalMessage_ERROR) Unable to find key (Mcu.PinsNb) in loaded IOC file
2026-09-26 16:09:58,357 [INFO] ImportTextPane:167 - (OptionalMessage_ERROR) Unable to find key (Mcu.IPNb) in loaded IOC file
2026-09-26 16:09:58,401 [WARN] ApiManager:304 - Cannot register API 'Board Extension:PM33A1' from pack STMicroelectronics.X-CUBE-PM33A1.1.0.0: no header file found
2026-09-26 16:09:58,416 [WARN] ApiManager:304 - Cannot register API 'Board Extension:NFC09A1' from pack STMicroelectronics.X-CUBE-NFC9.1.0.0: no header file found
2026-09-26 16:09:58,416 [WARN] ApiManager:304 - Cannot register API 'Wireless:BlueNRG-MS' from pack STMicroelectronics.X-CUBE-BLE1.7.1.0: no header file found
2026-09-26 16:09:58,416 [WARN] ApiManager:304 - Cannot register API 'Board Extension:EEPRMA2' from pack STMicroelectronics.X-CUBE-EEPRMA1.5.2.0: no header file found
2026-09-26 16:09:58,416 [WARN] ApiManager:304 - Cannot register API 'Board Extension:PGEEZ1' from pack STMicroelectronics.X-CUBE-EEPRMA1.5.2.0: no header file found
2026-09-26 16:09:58,416 [WARN] ApiManager:304 - Cannot register API 'Board Extension:EEICA1' from pack STMicroelectronics.X-CUBE-EEPRMA1.5.2.0: no header file found
2026-09-26 16:09:58,416 [WARN] ApiManager:304 - Cannot register API 'Board Part:M24' from pack STMicroelectronics.X-CUBE-EEPRMA1.5.2.0: no header file found
2026-09-26 16:09:58,416 [WARN] ApiManager:304 - Cannot register API 'Board Part:M95' from pack STMicroelectronics.X-CUBE-EEPRMA1.5.2.0: no header file found
2026-09-26 16:09:58,416 [WARN] ApiManager:304 - Cannot register API 'Board Part:M95P32' from pack STMicroelectronics.X-CUBE-EEPRMA1.5.2.0: no header file found
2026-09-26 16:09:58,416 [WARN] ApiManager:304 - Cannot register API 'Board Part:M24256E-F' from pack STMicroelectronics.X-CUBE-EEPRMA1.5.2.0: no header file found
2026-09-26 16:09:58,416 [WARN] ApiManager:304 - Cannot register API 'Board Part:M24M01E-F' from pack STMicroelectronics.X-CUBE-EEPRMA1.5.2.0: no header file found
2026-09-26 16:09:58,416 [WARN] ApiManager:304 - Cannot register API 'PGEEZ1:SPI' from pack STMicroelectronics.X-CUBE-EEPRMA1.5.2.0: no header file found
2026-09-26 16:09:58,416 [WARN] ApiManager:304 - Cannot register API 'PGEEZ1:QDSPI' from pack STMicroelectronics.X-CUBE-EEPRMA1.5.2.0: no header file found
2026-09-26 16:09:58,416 [WARN] ApiManager:304 - Cannot register API 'Board Extension:NFC12A1' from pack STMicroelectronics.X-CUBE-NFC12.1.0.0: no header file found
2026-09-26 16:09:58,438 [WARN] ApiManager:304 - Cannot register API 'Board Extension:SAFEA1' from pack STMicroelectronics.X-CUBE-STSE01.2.0.0: no header file found
2026-09-26 16:09:58,438 [WARN] ApiManager:304 - Cannot register API 'Board Extension:ESE01A1' from pack STMicroelectronics.X-CUBE-STSE01.2.0.0: no header file found
2026-09-26 16:09:58,438 [WARN] ApiManager:304 - Cannot register API 'Board Extension:ESE02A1' from pack STMicroelectronics.X-CUBE-STSE01.2.0.0: no header file found
2026-09-26 16:09:58,438 [WARN] ApiManager:304 - Cannot register API 'Board Part:STSAFEA110' from pack STMicroelectronics.X-CUBE-STSE01.2.0.0: no header file found
2026-09-26 16:09:58,438 [WARN] ApiManager:304 - Cannot register API 'Board Part:STSAFEA120' from pack STMicroelectronics.X-CUBE-STSE01.2.0.0: no header file found
2026-09-26 16:09:58,438 [WARN] ApiManager:304 - Cannot register API 'Board Part:STSAFEL010' from pack STMicroelectronics.X-CUBE-STSE01.2.0.0: no header file found
2026-09-26 16:09:58,438 [WARN] ApiManager:304 - Cannot register API 'Security:STM32_Cryptographic' from pack STMicroelectronics.X-CUBE-STSE01.2.0.0: no header file found
2026-09-26 16:09:58,438 [WARN] ApiManager:304 - Cannot register API 'Security:STSELib' from pack STMicroelectronics.X-CUBE-STSE01.2.0.0: no header file found
2026-09-26 16:09:58,440 [INFO] RtosManager:484 - Registered RTOS mode: class=CMSIS, group=RTOS, mode=CMSIS_V1, owner=FREERTOS
2026-09-26 16:09:58,440 [INFO] RtosManager:484 - Registered RTOS mode: class=CMSIS, group=RTOS2, mode=CMSIS_V2, owner=FREERTOS
2026-09-26 16:09:58,440 [INFO] RtosManager:484 - Registered RTOS mode: class=RTOS, group=Core, mode=CMSIS_V1, owner=FREERTOS
2026-09-26 16:09:58,440 [INFO] RtosManager:484 - Registered RTOS mode: class=RTOS, group=Core, mode=CMSIS_V2, owner=FREERTOS
2026-09-26 16:09:58,440 [WARN] ModelIntegratedComponent:181 - Missing modes for component STMicroelectronics:FreeRTOS:0.0.1:STMicroelectronics:RTOS:FreeRTOS:Core:::10.2.0:
2026-09-26 16:09:58,446 [WARN] ApiManager:304 - Cannot register API 'Board Extension:NFC04A1' from pack STMicroelectronics.X-CUBE-NFC4.3.0.0: no header file found
2026-09-26 16:09:58,452 [WARN] ApiManager:304 - Cannot register API 'Board Extension:S2868A1' from pack STMicroelectronics.X-CUBE-SUBG2.5.0.0: no header file found
2026-09-26 16:09:58,452 [WARN] ApiManager:304 - Cannot register API 'Board Extension:S2868A2' from pack STMicroelectronics.X-CUBE-SUBG2.5.0.0: no header file found
2026-09-26 16:09:58,452 [WARN] ApiManager:304 - Cannot register API 'Board Extension:S2915A1' from pack STMicroelectronics.X-CUBE-SUBG2.5.0.0: no header file found
2026-09-26 16:09:58,611 [WARN] ApiManager:304 - Cannot register API 'Board Extension:IKS02A1' from pack STMicroelectronics.X-CUBE-MEMS1.13.0.0: no header file found
2026-09-26 16:09:58,611 [WARN] ApiManager:304 - Cannot register API 'Board Extension:IKS4A1' from pack STMicroelectronics.X-CUBE-MEMS1.13.0.0: no header file found
2026-09-26 16:09:58,611 [WARN] ApiManager:304 - Cannot register API 'Board Extension:IKS5A1' from pack STMicroelectronics.X-CUBE-MEMS1.13.0.0: no header file found
2026-09-26 16:09:58,624 [WARN] ApiManager:304 - Cannot register API 'Board Extension:NFC07A1' from pack STMicroelectronics.X-CUBE-NFC7.2.0.0: no header file found
2026-09-26 16:09:58,626 [WARN] ApiManager:304 - Cannot register API 'Board Extension:GNSS1A1' from pack STMicroelectronics.X-CUBE-GNSS1.7.1.1: no header file found
2026-09-26 16:09:58,626 [WARN] ApiManager:304 - Cannot register API 'Board Support:Custom' from pack STMicroelectronics.X-CUBE-GNSS1.7.1.1: no header file found
2026-09-26 16:09:58,626 [WARN] ApiManager:304 - Cannot register API 'Data Exchange:lib_gnss' from pack STMicroelectronics.X-CUBE-GNSS1.7.1.1: no header file found
2026-09-26 16:09:58,626 [WARN] ApiManager:304 - Cannot register API 'Board Extension:NFC10A1' from pack STMicroelectronics.X-CUBE-NFC10.1.0.0: no header file found
2026-09-26 16:09:58,628 [WARN] ModelIntegratedComponent:60 - No mode defined for component null
2026-09-26 16:09:58,628 [WARN] ModelIntegratedComponent:60 - No mode defined for component null
2026-09-26 16:09:58,628 [WARN] ModelIntegratedComponent:60 - No mode defined for component null
2026-09-26 16:09:58,628 [WARN] ModelIntegratedComponent:60 - No mode defined for component null
2026-09-26 16:09:58,628 [WARN] ModelIntegratedComponent:60 - No mode defined for component null
2026-09-26 16:09:58,628 [WARN] ModelIntegratedComponent:60 - No mode defined for component null
2026-09-26 16:09:58,628 [WARN] ModelIntegratedComponent:60 - No mode defined for component null
2026-09-26 16:09:58,630 [WARN] ModelIntegratedComponent:60 - No mode defined for component null
2026-09-26 16:09:58,630 [WARN] ModelIntegratedComponent:60 - No mode defined for component null
2026-09-26 16:09:58,630 [WARN] ModelIntegratedComponent:60 - No mode defined for component null
2026-09-26 16:09:58,630 [WARN] ModelIntegratedComponent:60 - No mode defined for component null
2026-09-26 16:09:58,630 [WARN] ModelIntegratedComponent:60 - No mode defined for component null
2026-09-26 16:09:58,630 [WARN] ModelIntegratedComponent:60 - No mode defined for component null
2026-09-26 16:09:58,630 [WARN] ModelIntegratedComponent:60 - No mode defined for component null
2026-09-26 16:09:58,630 [WARN] ModelIntegratedComponent:60 - No mode defined for component null
2026-09-26 16:09:58,630 [WARN] ModelIntegratedComponent:60 - No mode defined for component null
2026-09-26 16:09:58,630 [WARN] ModelIntegratedComponent:60 - No mode defined for component null
2026-09-26 16:09:58,630 [WARN] ModelIntegratedComponent:60 - No mode defined for component null
2026-09-26 16:09:58,630 [WARN] ModelIntegratedComponent:60 - No mode defined for component null
2026-09-26 16:09:58,630 [WARN] ModelIntegratedComponent:60 - No mode defined for component null
2026-09-26 16:09:58,630 [WARN] ModelIntegratedComponent:60 - No mode defined for component null
2026-09-26 16:09:58,630 [WARN] ModelIntegratedComponent:60 - No mode defined for component null
2026-09-26 16:09:58,630 [WARN] ModelIntegratedComponent:60 - No mode defined for component null
2026-09-26 16:09:58,630 [WARN] ModelIntegratedComponent:60 - No mode defined for component null
2026-09-26 16:09:58,630 [WARN] ModelIntegratedComponent:60 - No mode defined for component null
2026-09-26 16:09:58,630 [WARN] ModelIntegratedComponent:60 - No mode defined for component null
2026-09-26 16:09:58,630 [WARN] ModelIntegratedComponent:60 - No mode defined for component null
2026-09-26 16:09:58,630 [WARN] ModelIntegratedComponent:60 - No mode defined for component null
2026-09-26 16:09:58,630 [WARN] ModelIntegratedComponent:60 - No mode defined for component null
2026-09-26 16:09:58,630 [WARN] ModelIntegratedComponent:60 - No mode defined for component null
2026-09-26 16:09:58,630 [WARN] ModelIntegratedComponent:60 - No mode defined for component null
2026-09-26 16:09:58,632 [WARN] ApiManager:304 - Cannot register API 'Board Extension:NFC06A1' from pack STMicroelectronics.X-CUBE-NFC6.3.2.0: no header file found
2026-09-26 16:09:58,634 [WARN] ApiManager:304 - Cannot register API 'Board Extension:NFC08A1' from pack STMicroelectronics.X-CUBE-NFC6.3.2.0: no header file found
2026-09-26 16:09:58,644 [WARN] ApiManager:304 - Cannot register API 'Board Extension:S2868A1' from pack STMicroelectronics.X-CUBE-SFXS2LP1.4.0.0: no header file found
2026-09-26 16:09:58,644 [WARN] ApiManager:304 - Cannot register API 'Board Extension:S2868A2' from pack STMicroelectronics.X-CUBE-SFXS2LP1.4.0.0: no header file found
2026-09-26 16:09:58,644 [WARN] ApiManager:304 - Cannot register API 'Board Extension:S2915A1' from pack STMicroelectronics.X-CUBE-SFXS2LP1.4.0.0: no header file found
2026-09-26 16:09:58,646 [WARN] ApiManager:304 - Cannot register API 'Wireless:BlueNRG-2' from pack STMicroelectronics.X-CUBE-BLE2.3.3.0: no header file found
2026-09-26 16:09:58,646 [WARN] ApiManager:304 - Cannot register API 'Board Extension:NFC13A1' from pack STMicroelectronics.X-CUBE-NFC13.1.0.0: no header file found
2026-09-26 16:09:58,648 [WARN] ApiManager:304 - Cannot register API 'Wireless:STM32WB05N' from pack STMicroelectronics.X-CUBE-WB05N.2.1.0: no header file found
2026-09-26 16:10:00,281 [INFO] UtilMem:74 - End LoadConfig() Used Memory: 540165504 Bytes (640679936)
2026-09-26 16:10:00,281 [WARN] ThirdParty:779 - waiting for thirdparty lock release [change project]
2026-09-26 16:10:00,281 [INFO] ThirdParty:781 - entering critical section [change project]
2026-09-26 16:10:00,281 [INFO] ThirdParty:967 - CMSIS Pack Vendor :STMicroelectronics X-CUBE-AZRTOS-H7 3.5.0
2026-09-26 16:10:00,281 [INFO] ThirdParty:967 - CMSIS Pack Vendor :STMicroelectronics X-CUBE-PM33A1 1.0.0
2026-09-26 16:10:00,281 [INFO] ThirdParty:967 - CMSIS Pack Vendor :STMicroelectronics X-CUBE-NFC9 1.0.0
2026-09-26 16:10:00,281 [INFO] ThirdParty:967 - CMSIS Pack Vendor :STMicroelectronics USB_HOST 2.0.0
2026-09-26 16:10:00,281 [INFO] ThirdParty:967 - CMSIS Pack Vendor :STMicroelectronics FP-ATR-ASTRA1 2.0.3
2026-09-26 16:10:00,281 [INFO] ThirdParty:967 - CMSIS Pack Vendor :STMicroelectronics X-CUBE-AZRTOS-F4 1.1.0
2026-09-26 16:10:00,281 [INFO] ThirdParty:967 - CMSIS Pack Vendor :STMicroelectronics X-CUBE-BLE1 7.1.0
2026-09-26 16:10:00,281 [INFO] ThirdParty:967 - CMSIS Pack Vendor :wolfSSL I-CUBE-wolfMQTT 1.19.2
2026-09-26 16:10:00,281 [INFO] ThirdParty:967 - CMSIS Pack Vendor :STMicroelectronics USB_DEVICE 3.0.0
2026-09-26 16:10:00,281 [INFO] ThirdParty:967 - CMSIS Pack Vendor :STMicroelectronics X-CUBE-ISPU 2.1.0
2026-09-26 16:10:00,281 [INFO] ThirdParty:967 - CMSIS Pack Vendor :STMicroelectronics X-CUBE-EEPRMA1 5.2.0
2026-09-26 16:10:00,281 [INFO] ThirdParty:967 - CMSIS Pack Vendor :STMicroelectronics X-CUBE-AZRTOS-WB 2.0.0
2026-09-26 16:10:00,281 [INFO] ThirdParty:967 - CMSIS Pack Vendor :STMicroelectronics X-CUBE-NFC12 1.0.0
2026-09-26 16:10:00,281 [INFO] ThirdParty:967 - CMSIS Pack Vendor :STMicroelectronics X-CUBE-AZRTOS-F7 1.1.0
2026-09-26 16:10:00,281 [INFO] ThirdParty:967 - CMSIS Pack Vendor :STMicroelectronics X-CUBE-AZRTOS-L5 2.0.0
2026-09-26 16:10:00,281 [INFO] ThirdParty:967 - CMSIS Pack Vendor :STMicroelectronics USB_DEVICE 2.0.0
2026-09-26 16:10:00,281 [INFO] ThirdParty:967 - CMSIS Pack Vendor :STMicroelectronics X-CUBE-STSE01 2.0.0
2026-09-26 16:10:00,281 [INFO] ThirdParty:967 - CMSIS Pack Vendor :STMicroelectronics X-CUBE-ALGOBUILD 1.5.0
2026-09-26 16:10:00,281 [INFO] ThirdParty:967 - CMSIS Pack Vendor :STMicroelectronics FreeRTOS 0.0.1
2026-09-26 16:10:00,281 [INFO] ThirdParty:967 - CMSIS Pack Vendor :STMicroelectronics X-CUBE-AZRTOS-H7RS 1.3.0
2026-09-26 16:10:00,281 [INFO] ThirdParty:967 - CMSIS Pack Vendor :STMicroelectronics X-CUBE-AZRTOS-G0 1.1.0
2026-09-26 16:10:00,281 [INFO] ThirdParty:967 - CMSIS Pack Vendor :STMicroelectronics X-CUBE-NFC4 3.0.0
2026-09-26 16:10:00,281 [INFO] ThirdParty:967 - CMSIS Pack Vendor :STMicroelectronics X-CUBE-SUBG2 5.0.0
2026-09-26 16:10:00,281 [INFO] ThirdParty:967 - CMSIS Pack Vendor :STMicroelectronics lwIP 2.0.3
2026-09-26 16:10:00,281 [INFO] ThirdParty:967 - CMSIS Pack Vendor :STMicroelectronics X-CUBE-MEMS1 13.0.0
2026-09-26 16:10:00,281 [INFO] ThirdParty:967 - CMSIS Pack Vendor :STMicroelectronics USB_HOST 1.0.0
2026-09-26 16:10:00,285 [INFO] ThirdParty:967 - CMSIS Pack Vendor :STMicroelectronics X-CUBE-AZRTOS-G4 2.0.0
2026-09-26 16:10:00,285 [INFO] ThirdParty:967 - CMSIS Pack Vendor :STMicroelectronics PDM2PCM 3.1.0
2026-09-26 16:10:00,285 [INFO] ThirdParty:967 - CMSIS Pack Vendor :STMicroelectronics PDM2PCM 3.3.0
2026-09-26 16:10:00,285 [INFO] ThirdParty:967 - CMSIS Pack Vendor :wolfSSL I-CUBE-wolfTPM 3.8.0
2026-09-26 16:10:00,285 [INFO] ThirdParty:967 - CMSIS Pack Vendor :wolfSSL I-CUBE-wolfSSH 1.4.20
2026-09-26 16:10:00,285 [INFO] ThirdParty:967 - CMSIS Pack Vendor :STMicroelectronics X-CUBE-NFC7 2.0.0
2026-09-26 16:10:00,285 [INFO] ThirdParty:967 - CMSIS Pack Vendor :STMicroelectronics X-CUBE-GNSS1 7.1.1
2026-09-26 16:10:00,285 [INFO] ThirdParty:967 - CMSIS Pack Vendor :STMicroelectronics FP-ATR-SIGFOX1 3.2.0
2026-09-26 16:10:00,285 [INFO] ThirdParty:967 - CMSIS Pack Vendor :STMicroelectronics X-CUBE-NFC10 1.0.0
2026-09-26 16:10:00,285 [INFO] ThirdParty:967 - CMSIS Pack Vendor :STMicroelectronics HAL Drivers 0.0.0
2026-09-26 16:10:00,285 [INFO] ThirdParty:967 - CMSIS Pack Vendor :STMicroelectronics MBEDTLS 2.16.2
2026-09-26 16:10:00,285 [INFO] ThirdParty:967 - CMSIS Pack Vendor :wolfSSL I-CUBE-wolfSSL 5.9.2
2026-09-26 16:10:00,285 [INFO] ThirdParty:967 - CMSIS Pack Vendor :STMicroelectronics MBEDTLS 2.14.1
2026-09-26 16:10:00,285 [INFO] ThirdParty:967 - CMSIS Pack Vendor :STMicroelectronics X-CUBE-TOUCHGFX 4.26.1
2026-09-26 16:10:00,285 [INFO] ThirdParty:967 - CMSIS Pack Vendor :STMicroelectronics X-CUBE-NFC6 3.2.0
2026-09-26 16:10:00,285 [INFO] ThirdParty:967 - CMSIS Pack Vendor :STMicroelectronics X-CUBE-AI 10.2.1
2026-09-26 16:10:00,285 [INFO] ThirdParty:967 - CMSIS Pack Vendor :STMicroelectronics X-CUBE-AZRTOS-WL 2.0.0
2026-09-26 16:10:00,285 [INFO] ThirdParty:967 - CMSIS Pack Vendor :SEGGER I-CUBE-embOS 1.3.1
2026-09-26 16:10:00,285 [INFO] ThirdParty:967 - CMSIS Pack Vendor :STMicroelectronics USB_DEVICE 1.0.0
2026-09-26 16:10:00,285 [INFO] ThirdParty:967 - CMSIS Pack Vendor :STMicroelectronics X-CUBE-AZRTOS-L4 2.0.0
2026-09-26 16:10:00,285 [INFO] ThirdParty:967 - CMSIS Pack Vendor :STMicroelectronics ThreadX 0.0.2
2026-09-26 16:10:00,285 [INFO] ThirdParty:967 - CMSIS Pack Vendor :STMicroelectronics lwIP 2.1.2
2026-09-26 16:10:00,285 [INFO] ThirdParty:967 - CMSIS Pack Vendor :STMicroelectronics X-CUBE-SFXS2LP1 4.0.0
2026-09-26 16:10:00,285 [INFO] ThirdParty:967 - CMSIS Pack Vendor :STMicroelectronics X-CUBE-BLE2 3.3.0
2026-09-26 16:10:00,285 [INFO] ThirdParty:967 - CMSIS Pack Vendor :STMicroelectronics X-CUBE-NFC13 1.0.0
2026-09-26 16:10:00,285 [INFO] ThirdParty:967 - CMSIS Pack Vendor :STMicroelectronics PDM2PCM 3.2.0
2026-09-26 16:10:00,285 [INFO] ThirdParty:967 - CMSIS Pack Vendor :STMicroelectronics X-CUBE-WB05N 2.1.0
2026-09-26 16:10:00,285 [INFO] ThirdParty:787 - exiting critical section [change project]
2026-09-26 16:10:00,503 [INFO] PinOutPanel:1463 - setPackage(No Configuration,No Configuration)
2026-09-26 16:10:00,503 [INFO] PinOutPanel:1463 - setPackage(STM32F103C6Ux,UFQFPN48)
2026-09-26 16:10:00,854 [INFO] UtilMem:74 - Before build in PCC Used Memory: 324445056 Bytes (640679936)
2026-09-26 16:10:01,358 [INFO] UtilMem:74 - After build in PCC Used Memory: 403610496 Bytes (640679936)
2026-09-26 16:10:01,374 [INFO] IPUIPlugin:74 - create IPUIPlugin
2026-09-26 16:10:01,374 [INFO] IPUIPlugin:74 - create IPUIPlugin
2026-09-26 16:10:01,374 [INFO] IPUIPlugin:74 - create IPUIPlugin
2026-09-26 16:10:01,390 [INFO] IPUIPlugin:74 - create IPUIPlugin
2026-09-26 16:10:01,390 [INFO] IPUIPlugin:74 - create IPUIPlugin
2026-09-26 16:10:01,390 [INFO] IPUIPlugin:74 - create IPUIPlugin
2026-09-26 16:10:01,390 [INFO] IPUIPlugin:74 - create IPUIPlugin
2026-09-26 16:10:01,390 [INFO] IPUIPlugin:74 - create IPUIPlugin
2026-09-26 16:10:01,390 [INFO] IPUIPlugin:74 - create IPUIPlugin
2026-09-26 16:10:01,390 [INFO] IPUIPlugin:74 - create IPUIPlugin
2026-09-26 16:10:01,390 [INFO] IPUIPlugin:74 - create IPUIPlugin
2026-09-26 16:10:01,390 [INFO] IPUIPlugin:74 - create IPUIPlugin
2026-09-26 16:10:01,390 [INFO] IPUIPlugin:74 - create IPUIPlugin
2026-09-26 16:10:01,390 [INFO] IPUIPlugin:74 - create IPUIPlugin
2026-09-26 16:10:01,390 [INFO] IPUIPlugin:74 - create IPUIPlugin
2026-09-26 16:10:01,390 [INFO] IPUIPlugin:74 - create IPUIPlugin
2026-09-26 16:10:01,390 [INFO] IPUIPlugin:74 - create IPUIPlugin
2026-09-26 16:10:01,390 [INFO] IPUIPlugin:74 - create IPUIPlugin
2026-09-26 16:10:01,390 [INFO] IPUIPlugin:74 - create IPUIPlugin
2026-09-26 16:10:01,390 [INFO] IPUIPlugin:74 - create IPUIPlugin
2026-09-26 16:10:01,390 [INFO] IPUIPlugin:74 - create IPUIPlugin
2026-09-26 16:10:01,390 [INFO] IPUIPlugin:74 - create IPUIPlugin
2026-09-26 16:10:01,390 [INFO] IPUIPlugin:74 - create IPUIPlugin
2026-09-26 16:10:01,551 [INFO] OpenFileManager:333 - Restore cursor
2026-09-26 16:10:01,817 [INFO] UtilMem:74 - End SaveConfig() Used Memory: 412655360 Bytes (640679936)
2026-09-26 16:10:01,899 [INFO] UtilMem:74 - End SaveConfig() Used Memory: 427317816 Bytes (640679936)
2026-09-26 16:10:02,197 [INFO] BlockDiagram:2740 - set Specific Code input for plugin: NVIC
2026-09-26 16:10:02,197 [INFO] BlockDiagram:2740 - set Specific Code input for plugin: SYS
2026-09-26 16:10:02,197 [INFO] BlockDiagram:2740 - set Specific Code input for plugin: RCC
2026-09-26 16:10:02,197 [INFO] CodeGenerator:663 - code generatio: config db path: D:\STM32CubeIDE_1.7.0\STM32CubeIDE\plugins\com.st.stm32cube.common.mx_6.3.0.202107141111\\db\
2026-09-26 16:10:02,439 [INFO] CodeEngine:239 - oldGeneratedFile, D:\Lab_VXL\Lab 1\Ex7\MXTmpFiles\license.tmp_save
2026-09-26 16:10:02,723 [INFO] CodeEngine:257 - Generated code: D:\Lab_VXL\Lab 1\Ex7\MXTmpFiles\license.tmp
2026-09-26 16:10:02,868 [INFO] CodeEngine:239 - oldGeneratedFile, D:\Lab_VXL\Lab 1\Ex7\Core\Src\stm32f1xx_it.c_save
2026-09-26 16:10:02,997 [INFO] CodeEngine:257 - Generated code: D:\Lab_VXL\Lab 1\Ex7\Core\Src\stm32f1xx_it.c
2026-09-26 16:10:02,997 [INFO] CodeEngine:239 - oldGeneratedFile, D:\Lab_VXL\Lab 1\Ex7\Core\Inc\stm32f1xx_it.h_save
2026-09-26 16:10:03,053 [INFO] CodeEngine:257 - Generated code: D:\Lab_VXL\Lab 1\Ex7\Core\Inc\stm32f1xx_it.h
2026-09-26 16:10:03,069 [INFO] CodeEngine:239 - oldGeneratedFile, D:\Lab_VXL\Lab 1\Ex7\Core\Src\stm32f1xx_hal_msp.c_save
2026-09-26 16:10:03,164 [INFO] CodeEngine:257 - Generated code: D:\Lab_VXL\Lab 1\Ex7\Core\Src\stm32f1xx_hal_msp.c
2026-09-26 16:10:03,164 [INFO] CodeEngine:239 - oldGeneratedFile, D:\Lab_VXL\Lab 1\Ex7\MXTmpFiles\system.tmp_save
2026-09-26 16:10:03,231 [INFO] CodeEngine:257 - Generated code: D:\Lab_VXL\Lab 1\Ex7\MXTmpFiles\system.tmp
2026-09-26 16:10:03,244 [INFO] CodeEngine:239 - oldGeneratedFile, D:\Lab_VXL\Lab 1\Ex7\Core\Inc\stm32f1xx_hal_conf.h_save
2026-09-26 16:10:03,355 [INFO] CodeEngine:257 - Generated code: D:\Lab_VXL\Lab 1\Ex7\Core\Inc\stm32f1xx_hal_conf.h
2026-09-26 16:10:03,442 [INFO] CodeEngine:239 - oldGeneratedFile, D:\Lab_VXL\Lab 1\Ex7\Core\Inc\main.h_save
2026-09-26 16:10:03,537 [INFO] CodeEngine:257 - Generated code: D:\Lab_VXL\Lab 1\Ex7\Core\Inc\main.h
2026-09-26 16:10:03,537 [INFO] CodeEngine:239 - oldGeneratedFile, D:\Lab_VXL\Lab 1\Ex7\Core\Src\main.c_save
2026-09-26 16:10:03,651 [INFO] CodeEngine:257 - Generated code: D:\Lab_VXL\Lab 1\Ex7\Core\Src\main.c
2026-09-26 16:10:04,353 [INFO] ProjectBuilder:2578 - Time for Copy HAL[1] : 53mS.
2026-09-26 16:10:04,371 [INFO] ProjectBuilder:3622 - Project Generator version: 3.14.1
2026-09-26 16:10:04,766 [INFO] ConfigFileManager:1271 - The Die is : DIE412
2026-09-26 16:10:04,766 [INFO] ApiDbMcu:468 - Load IP Config File for FATFS
2026-09-26 16:10:04,806 [INFO] ApiDbMcu:468 - Load IP Config File for FREERTOS
2026-09-26 16:10:04,826 [INFO] ApiDbMcu:468 - Load IP Config File for USB_DEVICE
2026-09-26 16:10:07,450 [INFO] ProjectBuilder:3789 - Time for Generating toolchain IDE Files: 3079mS.
2026-09-26 16:10:07,450 [INFO] ProjectBuilder:2457 - Time for Copy CMSIS : 0mS.
2026-09-26 16:10:07,466 [INFO] ProjectBuilder:2457 - Time for Copy CMSIS : 0mS.
2026-09-26 16:10:09,431 [INFO] McuFinderGlobals:52 - Set McuFinderConnectedMode to true
2026-09-26 16:10:09,431 [INFO] ApiDb:276 - Save user favorites file C:\Users\Hius/.stm32cubeide/favorites.mcus.txt: 0 item(s)
2026-09-26 16:10:09,431 [INFO] ApiDb:280 - User favorites MCUs=[]
2026-09-26 16:14:42,757 [INFO] UtilMem:74 - End SaveConfig() Used Memory: 922025416 Bytes (968884224)
2026-09-26 16:14:42,828 [INFO] UtilMem:74 - End SaveConfig() Used Memory: 936456360 Bytes (968884224)
2026-09-26 16:14:43,954 [INFO] UtilMem:74 - End SaveConfig() Used Memory: 947933536 Bytes (970981376)
2026-09-26 16:14:44,311 [INFO] BlockDiagram:2740 - set Specific Code input for plugin: NVIC
2026-09-26 16:14:44,311 [INFO] BlockDiagram:2740 - set Specific Code input for plugin: SYS
2026-09-26 16:14:44,311 [INFO] BlockDiagram:2740 - set Specific Code input for plugin: GPIO
2026-09-26 16:14:44,311 [INFO] BlockDiagram:2740 - set Specific Code input for plugin: RCC
2026-09-26 16:14:44,318 [INFO] CodeGenerator:663 - code generatio: config db path: D:\STM32CubeIDE_1.7.0\STM32CubeIDE\plugins\com.st.stm32cube.common.mx_6.3.0.202107141111\\db\
2026-09-26 16:14:44,579 [INFO] CodeEngine:239 - oldGeneratedFile, D:\Lab_VXL\Lab 1\Ex7\MXTmpFiles\license.tmp_save
2026-09-26 16:14:44,654 [INFO] CodeEngine:257 - Generated code: D:\Lab_VXL\Lab 1\Ex7\MXTmpFiles\license.tmp
2026-09-26 16:14:44,725 [INFO] CodeEngine:239 - oldGeneratedFile, D:\Lab_VXL\Lab 1\Ex7\MXTmpFiles\gpio.tmp_save
2026-09-26 16:14:44,936 [INFO] CodeEngine:257 - Generated code: D:\Lab_VXL\Lab 1\Ex7\MXTmpFiles\gpio.tmp
2026-09-26 16:14:44,968 [INFO] CodeEngine:239 - oldGeneratedFile, D:\Lab_VXL\Lab 1\Ex7\Core\Src\stm32f1xx_it.c_save
2026-09-26 16:14:45,090 [INFO] CodeEngine:257 - Generated code: D:\Lab_VXL\Lab 1\Ex7\Core\Src\stm32f1xx_it.c
2026-09-26 16:14:45,094 [INFO] CodeEngine:239 - oldGeneratedFile, D:\Lab_VXL\Lab 1\Ex7\Core\Inc\stm32f1xx_it.h_save
2026-09-26 16:14:45,160 [INFO] CodeEngine:257 - Generated code: D:\Lab_VXL\Lab 1\Ex7\Core\Inc\stm32f1xx_it.h
2026-09-26 16:14:45,175 [INFO] CodeEngine:239 - oldGeneratedFile, D:\Lab_VXL\Lab 1\Ex7\Core\Src\stm32f1xx_hal_msp.c_save
2026-09-26 16:14:45,253 [INFO] CodeEngine:257 - Generated code: D:\Lab_VXL\Lab 1\Ex7\Core\Src\stm32f1xx_hal_msp.c
2026-09-26 16:14:45,269 [INFO] CodeEngine:239 - oldGeneratedFile, D:\Lab_VXL\Lab 1\Ex7\MXTmpFiles\system.tmp_save
2026-09-26 16:14:45,316 [INFO] CodeEngine:257 - Generated code: D:\Lab_VXL\Lab 1\Ex7\MXTmpFiles\system.tmp
2026-09-26 16:14:45,336 [INFO] CodeEngine:239 - oldGeneratedFile, D:\Lab_VXL\Lab 1\Ex7\Core\Inc\stm32f1xx_hal_conf.h_save
2026-09-26 16:14:45,445 [INFO] CodeEngine:257 - Generated code: D:\Lab_VXL\Lab 1\Ex7\Core\Inc\stm32f1xx_hal_conf.h
2026-09-26 16:14:45,479 [INFO] CodeEngine:239 - oldGeneratedFile, D:\Lab_VXL\Lab 1\Ex7\Core\Inc\main.h_save
2026-09-26 16:14:45,573 [INFO] CodeEngine:257 - Generated code: D:\Lab_VXL\Lab 1\Ex7\Core\Inc\main.h
2026-09-26 16:14:45,591 [INFO] CodeEngine:239 - oldGeneratedFile, D:\Lab_VXL\Lab 1\Ex7\Core\Src\main.c_save
2026-09-26 16:14:45,713 [INFO] CodeEngine:257 - Generated code: D:\Lab_VXL\Lab 1\Ex7\Core\Src\main.c
2026-09-26 16:14:46,512 [INFO] ProjectBuilder:2578 - Time for Copy HAL[1] : 71mS.
2026-09-26 16:14:46,514 [INFO] ProjectBuilder:3622 - Project Generator version: 3.14.1
2026-09-26 16:14:46,937 [INFO] ConfigFileManager:1271 - The Die is : DIE412
2026-09-26 16:14:48,236 [INFO] ProjectBuilder:3789 - Time for Generating toolchain IDE Files: 1722mS.
2026-09-26 16:14:48,236 [INFO] ProjectBuilder:2457 - Time for Copy CMSIS : 0mS.
2026-09-26 16:14:48,236 [INFO] ProjectBuilder:2457 - Time for Copy CMSIS : 0mS.
2026-09-26 16:19:49,076 [INFO] RetryExec:97 - I/O exception (java.net.SocketException) caught when processing request to {s}->https://sw-center.st.com:443: Socket operation on nonsocket: configureBlocking
2026-09-26 16:19:49,104 [INFO] RetryExec:113 - Retrying request to {s}->https://sw-center.st.com:443
2026-09-27 10:29:54,518 [INFO] Activator:177 - 


2026-09-27 10:29:54,521 [INFO] Activator:178 - !SESSION log4j initialized
2026-09-27 10:33:02,006 [ERROR] ApiDbMcu:1508 - Can't use Application install path:
2026-09-27 10:33:04,699 [WARN] RulesReader:59 - Compatibility file://mcu/compatibility.xml not found
2026-09-27 10:36:13,429 [INFO] McuFinderGlobals:39 - Set McuFinder mode to 2 (CubeIDE integrated)
2026-09-27 10:36:13,921 [INFO] ApplicationProperties:181 - Using Application install path: D:\STM32CubeIDE_1.7.0\STM32CubeIDE\plugins\com.st.stm32cube.common.mx_6.3.0.202107141111
2026-09-27 10:36:13,933 [INFO] DbMcusXml:74 - Set database path to: D:\STM32CubeIDE_1.7.0\STM32CubeIDE\plugins\com.st.stm32cube.common.mx_6.3.0.202107141111\\db\/mcu/
2026-09-27 10:36:13,939 [INFO] DbBoardsPdsc:56 - Set plugin database path to: D:\STM32CubeIDE_1.7.0\STM32CubeIDE\plugins\com.st.stm32cube.common.mx_6.3.0.202107141111\\db\/plugins/boardmanager/
2026-09-27 10:36:13,939 [INFO] DbMcus:258 - Set plugin images path to: D:\STM32CubeIDE_1.7.0\STM32CubeIDE\plugins\com.st.stm32cube.common.mx_6.3.0.202107141111\\db\/plugins/mcufinder/images/
2026-09-27 10:36:13,939 [INFO] DbBoards:264 - Set plugin images path to: D:\STM32CubeIDE_1.7.0\STM32CubeIDE\plugins\com.st.stm32cube.common.mx_6.3.0.202107141111\\db\/plugins/mcufinder/images/
2026-09-27 10:36:13,939 [INFO] DbExamples:333 - Set plugin images path to: D:\STM32CubeIDE_1.7.0\STM32CubeIDE\plugins\com.st.stm32cube.common.mx_6.3.0.202107141111\\db\/plugins/mcufinder/images/
2026-09-27 10:36:13,939 [INFO] DbMcusAds:119 - Set database path to: C:\Users\Hius\.stmcufinder\plugins\mcufinder//mcu/
2026-09-27 10:36:13,949 [INFO] DbMcusDocs:110 - Set database path to: C:\Users\Hius\.stmcufinder\plugins\mcufinder//mcu/
2026-09-27 10:36:13,949 [INFO] DbMcusJson:64 - Set database path to: C:\Users\Hius\.stmcufinder\plugins\mcufinder//mcu/
2026-09-27 10:36:13,949 [INFO] DbBoardsDocs:110 - Set database path to: C:\Users\Hius\.stmcufinder\plugins\mcufinder//mcu/
2026-09-27 10:36:13,949 [INFO] DbBoardsJson:57 - Set database path to: C:\Users\Hius\.stmcufinder\plugins\mcufinder//mcu/
2026-09-27 10:36:14,029 [INFO] CrossReferenceDbSqlite:196 - Set database path to: C:\Users\Hius\.stmcufinder\plugins\mcufinder//mcu/cs/
2026-09-27 10:36:14,029 [INFO] DbExamplesSqlite:767 - Set database path to: C:\Users\Hius\.stmcufinder\plugins\mcufinder//mcu/
2026-09-27 10:36:14,140 [INFO] DbMcusXml:74 - Set database path to: D:\STM32CubeIDE_1.7.0\STM32CubeIDE\plugins\com.st.stm32cube.common.mx_6.3.0.202107141111\\db\/mcu/
2026-09-27 10:36:14,140 [INFO] DbBoardsPdsc:56 - Set plugin database path to: D:\STM32CubeIDE_1.7.0\STM32CubeIDE\plugins\com.st.stm32cube.common.mx_6.3.0.202107141111\\db\/plugins/boardmanager/
2026-09-27 10:36:14,140 [INFO] DbMcus:258 - Set plugin images path to: D:\STM32CubeIDE_1.7.0\STM32CubeIDE\plugins\com.st.stm32cube.common.mx_6.3.0.202107141111\\db\/plugins/mcufinder/images/
2026-09-27 10:36:14,140 [INFO] DbBoards:264 - Set plugin images path to: D:\STM32CubeIDE_1.7.0\STM32CubeIDE\plugins\com.st.stm32cube.common.mx_6.3.0.202107141111\\db\/plugins/mcufinder/images/
2026-09-27 10:36:14,140 [INFO] DbExamples:333 - Set plugin images path to: D:\STM32CubeIDE_1.7.0\STM32CubeIDE\plugins\com.st.stm32cube.common.mx_6.3.0.202107141111\\db\/plugins/mcufinder/images/
2026-09-27 10:36:14,140 [WARN] DbFile:35 - Overriding database path with different value: C:\Users\Hius\.stmcufinder\plugins\mcufinder/ => C:\Users\Hius\.stmcufinder\plugins\mcufinder
2026-09-27 10:36:14,140 [INFO] DbMcusAds:119 - Set database path to: C:\Users\Hius\.stmcufinder\plugins\mcufinder//mcu/
2026-09-27 10:36:14,140 [WARN] DbFile:35 - Overriding database path with different value: C:\Users\Hius\.stmcufinder\plugins\mcufinder/ => C:\Users\Hius\.stmcufinder\plugins\mcufinder
2026-09-27 10:36:14,140 [INFO] DbMcusDocs:110 - Set database path to: C:\Users\Hius\.stmcufinder\plugins\mcufinder//mcu/
2026-09-27 10:36:14,140 [WARN] DbFile:35 - Overriding database path with different value: C:\Users\Hius\.stmcufinder\plugins\mcufinder/ => C:\Users\Hius\.stmcufinder\plugins\mcufinder
2026-09-27 10:36:14,140 [INFO] DbMcusJson:64 - Set database path to: C:\Users\Hius\.stmcufinder\plugins\mcufinder//mcu/
2026-09-27 10:36:14,140 [WARN] DbFile:35 - Overriding database path with different value: C:\Users\Hius\.stmcufinder\plugins\mcufinder/ => C:\Users\Hius\.stmcufinder\plugins\mcufinder
2026-09-27 10:36:14,140 [INFO] DbBoardsDocs:110 - Set database path to: C:\Users\Hius\.stmcufinder\plugins\mcufinder//mcu/
2026-09-27 10:36:14,140 [WARN] DbFile:35 - Overriding database path with different value: C:\Users\Hius\.stmcufinder\plugins\mcufinder/ => C:\Users\Hius\.stmcufinder\plugins\mcufinder
2026-09-27 10:36:14,140 [INFO] DbBoardsJson:57 - Set database path to: C:\Users\Hius\.stmcufinder\plugins\mcufinder//mcu/
2026-09-27 10:36:14,140 [WARN] DbFile:35 - Overriding database path with different value: C:\Users\Hius\.stmcufinder\plugins\mcufinder/ => C:\Users\Hius\.stmcufinder\plugins\mcufinder
2026-09-27 10:36:14,140 [WARN] DbFile:35 - Overriding database path with different value: C:\Users\Hius\.stmcufinder\plugins\mcufinder/ => C:\Users\Hius\.stmcufinder\plugins\mcufinder
2026-09-27 10:36:14,140 [INFO] CrossReferenceDbSqlite:196 - Set database path to: C:\Users\Hius\.stmcufinder\plugins\mcufinder//mcu/cs/
2026-09-27 10:36:14,140 [WARN] DbFile:35 - Overriding database path with different value: C:\Users\Hius\.stmcufinder\plugins\mcufinder/ => C:\Users\Hius\.stmcufinder\plugins\mcufinder
2026-09-27 10:36:14,140 [INFO] DbExamplesSqlite:767 - Set database path to: C:\Users\Hius\.stmcufinder\plugins\mcufinder//mcu/
2026-09-27 10:36:14,229 [INFO] MainPanel:214 - HeapMemory: 1073741824
2026-09-27 10:36:14,364 [INFO] DbMcusXml:74 - Set database path to: D:\STM32CubeIDE_1.7.0\STM32CubeIDE\plugins\com.st.stm32cube.common.mx_6.3.0.202107141111\\db\/mcu/
2026-09-27 10:36:14,365 [INFO] DbBoardsPdsc:56 - Set plugin database path to: D:\STM32CubeIDE_1.7.0\STM32CubeIDE\plugins\com.st.stm32cube.common.mx_6.3.0.202107141111\\db\/plugins/boardmanager/
2026-09-27 10:36:14,365 [INFO] DbMcus:258 - Set plugin images path to: D:\STM32CubeIDE_1.7.0\STM32CubeIDE\plugins\com.st.stm32cube.common.mx_6.3.0.202107141111\\db\/plugins/mcufinder/images/
2026-09-27 10:36:14,365 [INFO] DbBoards:264 - Set plugin images path to: D:\STM32CubeIDE_1.7.0\STM32CubeIDE\plugins\com.st.stm32cube.common.mx_6.3.0.202107141111\\db\/plugins/mcufinder/images/
2026-09-27 10:36:14,365 [INFO] DbExamples:333 - Set plugin images path to: D:\STM32CubeIDE_1.7.0\STM32CubeIDE\plugins\com.st.stm32cube.common.mx_6.3.0.202107141111\\db\/plugins/mcufinder/images/
2026-09-27 10:36:14,365 [WARN] DbFile:35 - Overriding database path with different value: C:\Users\Hius\.stmcufinder\plugins\mcufinder/ => C:\Users\Hius\.stmcufinder\plugins\mcufinder
2026-09-27 10:36:14,365 [INFO] DbMcusAds:119 - Set database path to: C:\Users\Hius\.stmcufinder\plugins\mcufinder//mcu/
2026-09-27 10:36:14,365 [WARN] DbFile:35 - Overriding database path with different value: C:\Users\Hius\.stmcufinder\plugins\mcufinder/ => C:\Users\Hius\.stmcufinder\plugins\mcufinder
2026-09-27 10:36:14,365 [INFO] DbMcusDocs:110 - Set database path to: C:\Users\Hius\.stmcufinder\plugins\mcufinder//mcu/
2026-09-27 10:36:14,365 [WARN] DbFile:35 - Overriding database path with different value: C:\Users\Hius\.stmcufinder\plugins\mcufinder/ => C:\Users\Hius\.stmcufinder\plugins\mcufinder
2026-09-27 10:36:14,365 [INFO] DbMcusJson:64 - Set database path to: C:\Users\Hius\.stmcufinder\plugins\mcufinder//mcu/
2026-09-27 10:36:14,365 [WARN] DbFile:35 - Overriding database path with different value: C:\Users\Hius\.stmcufinder\plugins\mcufinder/ => C:\Users\Hius\.stmcufinder\plugins\mcufinder
2026-09-27 10:36:14,365 [INFO] DbBoardsDocs:110 - Set database path to: C:\Users\Hius\.stmcufinder\plugins\mcufinder//mcu/
2026-09-27 10:36:14,365 [WARN] DbFile:35 - Overriding database path with different value: C:\Users\Hius\.stmcufinder\plugins\mcufinder/ => C:\Users\Hius\.stmcufinder\plugins\mcufinder
2026-09-27 10:36:14,365 [INFO] DbBoardsJson:57 - Set database path to: C:\Users\Hius\.stmcufinder\plugins\mcufinder//mcu/
2026-09-27 10:36:14,365 [WARN] DbFile:35 - Overriding database path with different value: C:\Users\Hius\.stmcufinder\plugins\mcufinder/ => C:\Users\Hius\.stmcufinder\plugins\mcufinder
2026-09-27 10:36:14,365 [WARN] DbFile:35 - Overriding database path with different value: C:\Users\Hius\.stmcufinder\plugins\mcufinder/ => C:\Users\Hius\.stmcufinder\plugins\mcufinder
2026-09-27 10:36:14,365 [INFO] CrossReferenceDbSqlite:196 - Set database path to: C:\Users\Hius\.stmcufinder\plugins\mcufinder//mcu/cs/
2026-09-27 10:36:14,365 [WARN] DbFile:35 - Overriding database path with different value: C:\Users\Hius\.stmcufinder\plugins\mcufinder/ => C:\Users\Hius\.stmcufinder\plugins\mcufinder
2026-09-27 10:36:14,365 [INFO] DbExamplesSqlite:767 - Set database path to: C:\Users\Hius\.stmcufinder\plugins\mcufinder//mcu/
2026-09-27 10:36:14,389 [INFO] ApplicationProperties:181 - Using Application install path: D:\STM32CubeIDE_1.7.0\STM32CubeIDE\plugins\com.st.stm32cube.common.mx_6.3.0.202107141111
2026-09-27 10:36:14,389 [INFO] PluginManage:188 - Search for loadable plugins [exclusion list=, ]
2026-09-27 10:36:14,389 [INFO] PluginManage:302 - Check plugin analytics
2026-09-27 10:36:14,589 [INFO] AnalyticsPlugin:257 - Accepted Software Licenses: 
2026-09-27 10:36:14,589 [INFO] AnalyticsPlugin:259 - Accepted CMSIS Pack Licenses: 
2026-09-27 10:36:14,589 [INFO] AnalyticsPlugin:261 - Accepted Firmware Licenses: 
2026-09-27 10:36:14,589 [INFO] PluginManage:352 - Loaded plugin analytics (category:tool,tabindex:-1)
2026-09-27 10:36:14,589 [INFO] PluginManage:302 - Check plugin clock
2026-09-27 10:36:14,620 [INFO] PluginManage:352 - Loaded plugin clock (category:base,tabindex:2)
2026-09-27 10:36:14,620 [INFO] PluginManage:302 - Check plugin ddr
2026-09-27 10:36:14,620 [INFO] PluginManage:352 - Loaded plugin ddr (category:tool,tabindex:6)
2026-09-27 10:36:14,620 [INFO] PluginManage:302 - Check plugin filemanager
2026-09-27 10:36:14,789 [INFO] PluginManage:352 - Loaded plugin filemanager (category:base,tabindex:10)
2026-09-27 10:36:14,789 [INFO] PluginManage:302 - Check plugin ipmanager
2026-09-27 10:36:14,799 [INFO] PluginManage:352 - Loaded plugin ipmanager (category:base,tabindex:5)
2026-09-27 10:36:14,799 [INFO] PluginManage:302 - Check plugin pinoutandconfiguration
2026-09-27 10:36:14,829 [INFO] PluginManage:352 - Loaded plugin pinoutandconfiguration (category:base,tabindex:1)
2026-09-27 10:36:14,829 [INFO] PluginManage:302 - Check plugin pinoutconfig
2026-09-27 10:36:14,879 [INFO] PluginManage:352 - Loaded plugin pinoutconfig (category:base,tabindex:0)
2026-09-27 10:36:14,879 [INFO] PluginManage:302 - Check plugin power
2026-09-27 10:36:14,909 [INFO] PluginManage:352 - Loaded plugin power (category:power,tabindex:4)
2026-09-27 10:36:14,909 [INFO] PluginManage:302 - Check plugin projectmanager
2026-09-27 10:36:14,929 [INFO] PluginManage:352 - Loaded plugin projectmanager (category:projectmanager,tabindex:3)
2026-09-27 10:36:14,929 [INFO] PluginManage:302 - Check plugin thirdparty
2026-09-27 10:36:15,206 [WARN] IntegrityCheckThread:78 - waiting for thirdparty lock release [integrity check]
2026-09-27 10:36:15,206 [INFO] PluginManage:352 - Loaded plugin thirdparty (category:base,tabindex:-1)
2026-09-27 10:36:15,206 [INFO] IntegrityCheckThread:80 - entering critical section [integrity check]
2026-09-27 10:36:15,206 [INFO] PluginManage:302 - Check plugin tools
2026-09-27 10:36:15,206 [INFO] ThirdPartyUpdaterWithRetryManager:66 - Updater plugin not ready yet. [1/15]
2026-09-27 10:36:15,309 [INFO] PluginManage:352 - Loaded plugin tools (category:base,tabindex:7)
2026-09-27 10:36:15,309 [INFO] PluginManage:302 - Check plugin tutovideos
2026-09-27 10:36:15,629 [INFO] PluginManage:352 - Loaded plugin tutovideos (category:base,tabindex:-1)
2026-09-27 10:36:15,629 [INFO] PluginManage:302 - Check plugin updater
2026-09-27 10:36:15,651 [INFO] PluginManage:352 - Loaded plugin updater (category:base,tabindex:12)
2026-09-27 10:36:15,651 [INFO] PluginManage:275 - PluginManage : Loaded plugins [13]
2026-09-27 10:36:15,909 [INFO] PinOutPanel:1463 - setPackage(No Configuration,No Configuration)
2026-09-27 10:36:16,047 [INFO] IPUIPlugin:74 - create IPUIPlugin
2026-09-27 10:36:16,047 [INFO] PluginManager:213 - loadIPPluginJar : add adc
2026-09-27 10:36:16,113 [INFO] IPUIPlugin:74 - create IPUIPlugin
2026-09-27 10:36:16,119 [INFO] PluginManager:213 - loadIPPluginJar : add aes
2026-09-27 10:36:16,196 [INFO] IPUIPlugin:74 - create IPUIPlugin
2026-09-27 10:36:16,196 [INFO] PluginManager:213 - loadIPPluginJar : add can
2026-09-27 10:36:16,245 [INFO] IPUIPlugin:74 - create IPUIPlugin
2026-09-27 10:36:16,245 [INFO] PluginManager:213 - loadIPPluginJar : add comp
2026-09-27 10:36:16,319 [INFO] IPUIPlugin:74 - create IPUIPlugin
2026-09-27 10:36:16,319 [INFO] PluginManager:213 - loadIPPluginJar : add cryp
2026-09-27 10:36:16,405 [INFO] IPUIPlugin:74 - create IPUIPlugin
2026-09-27 10:36:16,405 [INFO] PluginManager:213 - loadIPPluginJar : add dfsdm
2026-09-27 10:36:16,437 [INFO] IPUIPlugin:74 - create IPUIPlugin
2026-09-27 10:36:16,438 [INFO] PluginManager:213 - loadIPPluginJar : add dma
2026-09-27 10:36:16,552 [INFO] IPUIPlugin:74 - create IPUIPlugin
2026-09-27 10:36:16,552 [INFO] PluginManager:213 - loadIPPluginJar : add dma3
2026-09-27 10:36:16,557 [INFO] IPUIPlugin:74 - create IPUIPlugin
2026-09-27 10:36:16,557 [INFO] PluginManager:213 - loadIPPluginJar : add fatfs
2026-09-27 10:36:16,659 [INFO] IPUIPlugin:74 - create IPUIPlugin
2026-09-27 10:36:16,660 [INFO] PluginManager:213 - loadIPPluginJar : add fmc
2026-09-27 10:36:16,683 [INFO] IPUIPlugin:74 - create IPUIPlugin
2026-09-27 10:36:16,683 [INFO] PluginManager:213 - loadIPPluginJar : add freertos
2026-09-27 10:36:16,688 [INFO] IPUIPlugin:74 - create IPUIPlugin
2026-09-27 10:36:16,689 [INFO] PluginManager:213 - loadIPPluginJar : add genericplugin
2026-09-27 10:36:16,843 [INFO] IPUIPlugin:74 - create IPUIPlugin
2026-09-27 10:36:16,843 [INFO] PluginManager:213 - loadIPPluginJar : add gfxmmu
2026-09-27 10:36:17,032 [INFO] IPUIPlugin:74 - create IPUIPlugin
2026-09-27 10:36:17,033 [INFO] PluginManager:213 - loadIPPluginJar : add gic
2026-09-27 10:36:17,053 [INFO] IPUIPlugin:74 - create IPUIPlugin
2026-09-27 10:36:17,053 [INFO] PluginManager:213 - loadIPPluginJar : add gpio
2026-09-27 10:36:17,181 [INFO] IPUIPlugin:74 - create IPUIPlugin
2026-09-27 10:36:17,182 [INFO] PluginManager:213 - loadIPPluginJar : add gtzc
2026-09-27 10:36:17,241 [INFO] IPUIPlugin:74 - create IPUIPlugin
2026-09-27 10:36:17,242 [INFO] PluginManager:213 - loadIPPluginJar : add hash
2026-09-27 10:36:17,332 [INFO] IPUIPlugin:74 - create IPUIPlugin
2026-09-27 10:36:17,333 [INFO] PluginManager:213 - loadIPPluginJar : add i2c
2026-09-27 10:36:17,411 [INFO] IPUIPlugin:74 - create IPUIPlugin
2026-09-27 10:36:17,411 [INFO] PluginManager:213 - loadIPPluginJar : add i2s
2026-09-27 10:36:17,428 [INFO] IPUIPlugin:74 - create IPUIPlugin
2026-09-27 10:36:17,429 [INFO] PluginManager:213 - loadIPPluginJar : add ipddr
2026-09-27 10:36:17,576 [INFO] IPUIPlugin:74 - create IPUIPlugin
2026-09-27 10:36:17,576 [INFO] PluginManager:213 - loadIPPluginJar : add linkedlist
2026-09-27 10:36:17,644 [INFO] IPUIPlugin:74 - create IPUIPlugin
2026-09-27 10:36:17,644 [INFO] PluginManager:213 - loadIPPluginJar : add lorawan
2026-09-27 10:36:17,716 [INFO] IPUIPlugin:74 - create IPUIPlugin
2026-09-27 10:36:17,717 [INFO] PluginManager:213 - loadIPPluginJar : add ltdc
2026-09-27 10:36:17,735 [INFO] IPUIPlugin:74 - create IPUIPlugin
2026-09-27 10:36:17,735 [INFO] PluginManager:213 - loadIPPluginJar : add mdma
2026-09-27 10:36:17,753 [INFO] IPUIPlugin:74 - create IPUIPlugin
2026-09-27 10:36:17,754 [INFO] PluginManager:213 - loadIPPluginJar : add nvic
2026-09-27 10:36:17,826 [INFO] IPUIPlugin:74 - create IPUIPlugin
2026-09-27 10:36:17,826 [INFO] PluginManager:213 - loadIPPluginJar : add opamp
2026-09-27 10:36:17,937 [INFO] IPUIPlugin:74 - create IPUIPlugin
2026-09-27 10:36:17,938 [INFO] PluginManager:213 - loadIPPluginJar : add openamp
2026-09-27 10:36:18,023 [INFO] IPUIPlugin:74 - create IPUIPlugin
2026-09-27 10:36:18,023 [INFO] PluginManager:213 - loadIPPluginJar : add pdm2pcm
2026-09-27 10:36:18,045 [INFO] IPUIPlugin:74 - create IPUIPlugin
2026-09-27 10:36:18,049 [INFO] PluginManager:213 - loadIPPluginJar : add plateformsettings
2026-09-27 10:36:18,053 [INFO] IPUIPlugin:74 - create IPUIPlugin
2026-09-27 10:36:18,054 [INFO] PluginManager:213 - loadIPPluginJar : add quadspi
2026-09-27 10:36:18,075 [INFO] IPUIPlugin:74 - create IPUIPlugin
2026-09-27 10:36:18,076 [INFO] PluginManager:213 - loadIPPluginJar : add resmgrutility
2026-09-27 10:36:18,167 [INFO] IPUIPlugin:74 - create IPUIPlugin
2026-09-27 10:36:18,168 [INFO] PluginManager:213 - loadIPPluginJar : add sai
2026-09-27 10:36:18,218 [INFO] ThirdPartyUpdaterWithRetryManager:66 - Updater plugin not ready yet. [2/15]
2026-09-27 10:36:18,237 [INFO] IPUIPlugin:74 - create IPUIPlugin
2026-09-27 10:36:18,237 [INFO] PluginManager:213 - loadIPPluginJar : add spi
2026-09-27 10:36:18,332 [INFO] IPUIPlugin:74 - create IPUIPlugin
2026-09-27 10:36:18,332 [INFO] PluginManager:213 - loadIPPluginJar : add stm32_wpan
2026-09-27 10:36:18,381 [INFO] IPUIPlugin:74 - create IPUIPlugin
2026-09-27 10:36:18,381 [INFO] PluginManager:213 - loadIPPluginJar : add tim
2026-09-27 10:36:18,488 [INFO] IPUIPlugin:74 - create IPUIPlugin
2026-09-27 10:36:18,489 [INFO] PluginManager:213 - loadIPPluginJar : add touchsensing
2026-09-27 10:36:18,542 [INFO] IPUIPlugin:74 - create IPUIPlugin
2026-09-27 10:36:18,542 [INFO] PluginManager:213 - loadIPPluginJar : add tracer_emb
2026-09-27 10:36:18,599 [INFO] IPUIPlugin:74 - create IPUIPlugin
2026-09-27 10:36:18,600 [INFO] PluginManager:213 - loadIPPluginJar : add ts
2026-09-27 10:36:18,605 [INFO] IPUIPlugin:74 - create IPUIPlugin
2026-09-27 10:36:18,605 [INFO] PluginManager:213 - loadIPPluginJar : add tsc
2026-09-27 10:36:18,610 [INFO] IPUIPlugin:74 - create IPUIPlugin
2026-09-27 10:36:18,610 [INFO] PluginManager:213 - loadIPPluginJar : add ucpd
2026-09-27 10:36:18,704 [INFO] IPUIPlugin:74 - create IPUIPlugin
2026-09-27 10:36:18,704 [INFO] PluginManager:213 - loadIPPluginJar : add usart
2026-09-27 10:36:18,772 [INFO] IPUIPlugin:74 - create IPUIPlugin
2026-09-27 10:36:18,772 [INFO] PluginManager:213 - loadIPPluginJar : add usbx
2026-09-27 10:36:19,172 [FATAL] Updater:294 - Updater called before beeing initialized
2026-09-27 10:36:19,331 [FATAL] Updater:294 - Updater called before beeing initialized
2026-09-27 10:36:19,348 [INFO] DbMcusAds:47 - JSON generation date=Tue Sep 22 19:25:16 ICT 2026 (1790079916640)
2026-09-27 10:36:19,349 [FATAL] Updater:294 - Updater called before beeing initialized
2026-09-27 10:36:19,461 [WARN] DetailPanel:314 - Failed to get advertising image, set to default
2026-09-27 10:36:19,615 [FATAL] Updater:294 - Updater called before beeing initialized
2026-09-27 10:36:19,618 [FATAL] Updater:294 - Updater called before beeing initialized
2026-09-27 10:36:19,619 [FATAL] Updater:294 - Updater called before beeing initialized
2026-09-27 10:36:19,619 [WARN] DetailPanel:314 - Failed to get advertising image, set to default
2026-09-27 10:36:19,620 [FATAL] Updater:294 - Updater called before beeing initialized
2026-09-27 10:36:19,751 [ERROR] Updater:1075 - MainUpdater not yet initialized. External WinMGr cannot be set.
2026-09-27 10:36:19,755 [INFO] Updater:1012 - Updater Version found : 6.3.0
2026-09-27 10:36:19,799 [INFO] ApplicationProperties:181 - Using Application install path: D:\STM32CubeIDE_1.7.0\STM32CubeIDE\plugins\com.st.stm32cube.common.mx_6.3.0.202107141111
2026-09-27 10:36:20,330 [INFO] MainUpdater:2671 - connection check result : 10
2026-09-27 10:36:20,331 [INFO] MainUpdater:265 - Updater Check For Update Now.
2026-09-27 10:36:20,331 [INFO] MicroXplorer:478 - Change Database Version : DB.6.0.30
2026-09-27 10:36:20,588 [INFO] CheckServerUpdateThread:112 - End of CheckServer Thread
2026-09-27 10:36:20,600 [INFO] MainUpdater:2671 - connection check result : 10
2026-09-27 10:36:20,612 [INFO] MainUpdater:2671 - connection check result : 10
2026-09-27 10:36:20,954 [INFO] MicroXplorer:448 - Change Database Path : 
2026-09-27 10:36:20,955 [INFO] MicroXplorer:478 - Change Database Version : DB.6.0.30
2026-09-27 10:36:20,955 [WARN] ThirdParty:813 - waiting for thirdparty lock release [close project]
2026-09-27 10:36:21,592 [WARN] PackLoader:238 - Cannot read IP mode file for STMicroelectronics.X-CUBE-AZRTOS-H7.3.5.0
2026-09-27 10:36:21,629 [WARN] PackLoader:238 - Cannot read IP mode file for STMicroelectronics.FP-ATR-ASTRA1.2.0.3
2026-09-27 10:36:21,649 [ERROR] Engine:463 - C:\Users\Hius\.stm32cubemx\thirdparties\pdsc\STMicroelectronics.X-CUBE-SMBUS.2.1.1.pdsc: PDSC version is not supported
2026-09-27 10:36:21,699 [WARN] PackLoader:238 - Cannot read IP mode file for STMicroelectronics.X-CUBE-AZRTOS-F7.1.1.0
2026-09-27 10:36:21,739 [ERROR] Engine:463 - C:\Users\Hius\.stm32cubemx\thirdparties\pdsc\STMicroelectronics.X-CUBE-FREERTOS.1.6.0.pdsc: PDSC version is not supported
2026-09-27 10:36:21,761 [ERROR] Engine:463 - C:\Users\Hius\.stm32cubemx\thirdparties\pdsc\STMicroelectronics.FP-SNS-MOTENV1.5.1.0.pdsc: PDSC version is not supported
2026-09-27 10:36:21,809 [WARN] PackLoader:238 - Cannot read IP mode file for STMicroelectronics.X-CUBE-AZRTOS-H7RS.1.3.0
2026-09-27 10:36:21,849 [ERROR] Engine:463 - C:\Users\Hius\.stm32cubemx\thirdparties\pdsc\WES.I-CUBE-Cesium.1.4.0.pdsc: PDSC version is not supported
2026-09-27 10:36:21,869 [ERROR] Engine:463 - C:\Users\Hius\.stm32cubemx\thirdparties\pdsc\STMicroelectronics.X-CUBE-DISPLAY.3.0.0.pdsc: PDSC version is not supported
2026-09-27 10:36:21,901 [WARN] PackLoader:238 - Cannot read IP mode file for STMicroelectronics.X-CUBE-GNSS1.7.1.1
2026-09-27 10:36:21,921 [ERROR] Engine:463 - C:\Users\Hius\.stm32cubemx\thirdparties\pdsc\STMicroelectronics.FP-SNS-MOTENVWB1.1.5.0.pdsc: PDSC version is not supported
2026-09-27 10:36:21,949 [WARN] PackLoader:238 - Cannot read IP mode file for STMicroelectronics.X-CUBE-NFC10.1.0.0
2026-09-27 10:36:21,972 [ERROR] Engine:463 - C:\Users\Hius\.stm32cubemx\thirdparties\pdsc\STMicroelectronics.X-CUBE-ST60.1.1.0.pdsc: PDSC version is not supported
2026-09-27 10:36:21,995 [ERROR] Engine:463 - C:\Users\Hius\.stm32cubemx\thirdparties\pdsc\emotas.I-CUBE-CANOPEN.1.3.0.pdsc: PDSC version is not supported
2026-09-27 10:36:22,012 [WARN] PackLoader:238 - Cannot read IP mode file for wolfSSL.I-CUBE-wolfSSL.5.9.2
2026-09-27 10:36:22,029 [ERROR] Engine:463 - C:\Users\Hius\.stm32cubemx\thirdparties\pdsc\STMicroelectronics.X-CUBE-WBA.1.1.0.pdsc: PDSC version is not supported
2026-09-27 10:36:22,049 [ERROR] Engine:463 - C:\Users\Hius\.stm32cubemx\thirdparties\pdsc\STMicroelectronics.FP-SNS-STBOX1.2.1.0.pdsc: PDSC version is not supported
2026-09-27 10:36:22,069 [ERROR] Engine:463 - C:\Users\Hius\.stm32cubemx\thirdparties\pdsc\STMicroelectronics.FP-SNS-SMARTAG2.1.2.0.pdsc: PDSC version is not supported
2026-09-27 10:36:22,079 [ERROR] Engine:463 - C:\Users\Hius\.stm32cubemx\thirdparties\pdsc\STMicroelectronics.FP-SNS-FLIGHT1.5.1.0.pdsc: PDSC version is not supported
2026-09-27 10:36:22,123 [INFO] LogOutputStream:76 - [STDOUT_REDIRECT] 1 : Invalid condition id : UX_CORESTACK_Condition cause : null
2026-09-27 10:36:22,123 [INFO] LogOutputStream:76 - [STDOUT_REDIRECT] 1 : Invalid condition id : UX_CORESTACK_Condition cause : null
2026-09-27 10:36:22,123 [INFO] LogOutputStream:76 - [STDOUT_REDIRECT] 1 : Invalid condition id : UX_CORESTACK_Condition cause : null
2026-09-27 10:36:22,123 [INFO] LogOutputStream:76 - [STDOUT_REDIRECT] 1 : Invalid condition id : UX_CORESTACK_Condition cause : null
2026-09-27 10:36:22,129 [INFO] LogOutputStream:76 - [STDOUT_REDIRECT] 1 : Invalid condition id : UX_CORESTACK_Condition cause : null
2026-09-27 10:36:22,132 [WARN] PackLoader:238 - Cannot read IP mode file for STMicroelectronics.X-CUBE-AZRTOS-WL.2.0.0
2026-09-27 10:36:22,154 [WARN] PackLoader:238 - Cannot read IP mode file for STMicroelectronics.X-CUBE-BLE2.3.3.0
2026-09-27 10:36:22,170 [ERROR] Engine:463 - C:\Users\Hius\.stm32cubemx\thirdparties\pdsc\Avnet-IOTCONNECT.X-CUBE-iotc-st67-sdk.1.0.0.pdsc: PDSC version is not supported
2026-09-27 10:36:22,201 [ERROR] Engine:463 - C:\Users\Hius\.stm32cubemx\thirdparties\pdsc\Infineon.AIROC-Wi-Fi-Bluetooth-STM32.1.8.0.pdsc: PDSC version is not supported
2026-09-27 10:36:22,229 [WARN] PackLoader:238 - Cannot read IP mode file for STMicroelectronics.X-CUBE-NFC9.1.0.0
2026-09-27 10:36:22,255 [WARN] PackLoader:238 - Cannot read IP mode file for STMicroelectronics.X-CUBE-BLE1.7.1.0
2026-09-27 10:36:22,275 [WARN] PackLoader:238 - Cannot read IP mode file for wolfSSL.I-CUBE-wolfMQTT.1.19.2
2026-09-27 10:36:22,299 [WARN] PackLoader:238 - Cannot read IP mode file for STMicroelectronics.X-CUBE-EEPRMA1.5.2.0
2026-09-27 10:36:22,354 [WARN] PackLoader:238 - Cannot read IP mode file for STMicroelectronics.X-CUBE-AZRTOS-G0.1.1.0
2026-09-27 10:36:22,379 [WARN] PackLoader:238 - Cannot read IP mode file for STMicroelectronics.X-CUBE-NFC4.3.0.0
2026-09-27 10:36:22,407 [ERROR] Engine:463 - C:\Users\Hius\.stm32cubemx\thirdparties\pdsc\EmbeddedOffice.I-CUBE-FS-RTOS.1.0.1.pdsc: PDSC version is not supported
2026-09-27 10:36:22,409 [WARN] PackLoader:238 - Cannot read IP mode file for wolfSSL.I-CUBE-wolfTPM.3.8.0
2026-09-27 10:36:22,429 [ERROR] Engine:463 - C:\Users\Hius\.stm32cubemx\thirdparties\pdsc\STMicroelectronics.X-CUBE-TCPP.4.2.0.pdsc: PDSC version is not supported
2026-09-27 10:36:22,449 [ERROR] Engine:463 - C:\Users\Hius\.stm32cubemx\thirdparties\pdsc\RealThread.X-CUBE-RT-Thread_Nano.4.1.1.pdsc: PDSC version is not supported
2026-09-27 10:36:22,479 [WARN] PackLoader:238 - Cannot read IP mode file for STMicroelectronics.FP-ATR-SIGFOX1.3.2.0
2026-09-27 10:36:22,519 [ERROR] Engine:463 - C:\Users\Hius\.stm32cubemx\thirdparties\pdsc\ITTIA_DB.I-CUBE-ITTIADB.8.9.0.pdsc: PDSC version is not supported
2026-09-27 10:36:22,533 [ERROR] Engine:463 - C:\Users\Hius\.stm32cubemx\thirdparties\pdsc\Cesanta.I-CUBE-Mongoose.7.21.7.pdsc: PDSC version is not supported
2026-09-27 10:36:22,559 [WARN] PackLoader:238 - Cannot read IP mode file for STMicroelectronics.X-CUBE-NFC6.3.2.0
2026-09-27 10:36:22,581 [WARN] PackLoader:238 - Cannot read IP mode file for STMicroelectronics.X-CUBE-AI.10.2.1
2026-09-27 10:36:22,644 [WARN] PackLoader:238 - Cannot read IP mode file for SEGGER.I-CUBE-embOS.1.3.1
2026-09-27 10:36:22,729 [ERROR] Engine:463 - C:\Users\Hius\.stm32cubemx\thirdparties\pdsc\STMicroelectronics.FP-SNS-STAIOTCFT.2.0.0.pdsc: PDSC version is not supported
2026-09-27 10:36:22,755 [WARN] PackLoader:238 - Cannot read IP mode file for STMicroelectronics.X-CUBE-NFC13.1.0.0
2026-09-27 10:36:22,779 [WARN] PackLoader:238 - Cannot read IP mode file for STMicroelectronics.X-CUBE-PM33A1.1.0.0
2026-09-27 10:36:22,817 [WARN] PackLoader:238 - Cannot read IP mode file for STMicroelectronics.X-CUBE-AZRTOS-F4.1.1.0
2026-09-27 10:36:22,842 [WARN] PackLoader:238 - Cannot read IP mode file for STMicroelectronics.X-CUBE-ISPU.2.1.0
2026-09-27 10:36:22,869 [ERROR] Engine:463 - C:\Users\Hius\.stm32cubemx\thirdparties\pdsc\STMicroelectronics.X-CUBE-IPS.3.2.0.pdsc: PDSC version is not supported
2026-09-27 10:36:22,875 [ERROR] Engine:463 - C:\Users\Hius\.stm32cubemx\thirdparties\pdsc\STMicroelectronics.eDS-WB_DPC_TT-BIDIR.2.1.1.pdsc: PDSC version is not supported
2026-09-27 10:36:22,899 [WARN] PackLoader:238 - Cannot read IP mode file for STMicroelectronics.X-CUBE-NFC12.1.0.0
2026-09-27 10:36:22,939 [WARN] PackLoader:238 - Cannot read IP mode file for STMicroelectronics.X-CUBE-AZRTOS-L5.2.0.0
2026-09-27 10:36:22,959 [WARN] PackLoader:238 - Cannot read IP mode file for STMicroelectronics.X-CUBE-ALGOBUILD.1.5.0
2026-09-27 10:36:22,963 [ERROR] Engine:463 - C:\Users\Hius\.stm32cubemx\thirdparties\pdsc\STMicroelectronics.eDS-WB_DPC_VIENNA.1.2.0.pdsc: PDSC version is not supported
2026-09-27 10:36:23,039 [WARN] PackLoader:238 - Cannot read IP mode file for STMicroelectronics.X-CUBE-MEMS1.13.0.0
2026-09-27 10:36:23,203 [ERROR] Engine:463 - C:\Users\Hius\.stm32cubemx\thirdparties\pdsc\STMicroelectronics.eDS-WB_DPC_3PH2L-BIDIR.1.1.1.pdsc: PDSC version is not supported
2026-09-27 10:36:23,219 [ERROR] Engine:463 - C:\Users\Hius\.stm32cubemx\thirdparties\pdsc\STMicroelectronics.X-CUBE-ST67W61.1.3.0.pdsc: PDSC version is not supported
2026-09-27 10:36:23,239 [WARN] PackLoader:238 - Cannot read IP mode file for STMicroelectronics.X-CUBE-TOUCHGFX.4.26.1
2026-09-27 10:36:23,251 [ERROR] Engine:463 - C:\Users\Hius\.stm32cubemx\thirdparties\pdsc\STMicroelectronics.X-CUBE-DPower.1.3.0.pdsc: PDSC version is not supported
2026-09-27 10:36:23,289 [WARN] ConditionMgr:437 - getConditionDescription Invalid condition id : LAN8742 Phy interface Condition cause : null
2026-09-27 10:36:23,289 [WARN] PackLoader:238 - Cannot read IP mode file for STMicroelectronics.X-CUBE-AZRTOS-L4.2.0.0
2026-09-27 10:36:23,298 [WARN] ConditionMgr:1038 - genDependencies : Invalid condition id : LAN8742 Phy interface Condition cause : null
2026-09-27 10:36:23,299 [WARN] ConditionMgr:1038 - genDependencies : Invalid condition id : LAN8742 Phy interface Condition cause : null
2026-09-27 10:36:23,299 [WARN] ConditionMgr:1038 - genDependencies : Invalid condition id : LAN8742 Phy interface Condition cause : null
2026-09-27 10:36:23,319 [WARN] PackLoader:238 - Cannot read IP mode file for STMicroelectronics.X-CUBE-SFXS2LP1.4.0.0
2026-09-27 10:36:23,341 [WARN] PackLoader:238 - Cannot read IP mode file for STMicroelectronics.X-CUBE-WB05N.2.1.0
2026-09-27 10:36:23,379 [WARN] ConditionMgr:437 - getConditionDescription Invalid condition id : UX DEVICE CLASS RTOS Condition cause : null
2026-09-27 10:36:23,381 [WARN] ConditionMgr:437 - getConditionDescription Invalid condition id : UX DEVICE CLASS RTOS Condition cause : null
2026-09-27 10:36:23,383 [WARN] PackLoader:238 - Cannot read IP mode file for STMicroelectronics.X-CUBE-AZRTOS-WB.2.0.0
2026-09-27 10:36:23,383 [WARN] ConditionMgr:1038 - genDependencies : Invalid condition id : UX DEVICE CLASS RTOS Condition cause : null
2026-09-27 10:36:23,383 [WARN] ConditionMgr:1038 - genDependencies : Invalid condition id : UX DEVICE CLASS RTOS Condition cause : null
2026-09-27 10:36:23,383 [WARN] ConditionMgr:1038 - genDependencies : Invalid condition id : UX DEVICE CLASS RTOS Condition cause : null
2026-09-27 10:36:23,385 [WARN] ConditionMgr:1038 - genDependencies : Invalid condition id : UX DEVICE CLASS RTOS Condition cause : null
2026-09-27 10:36:23,385 [WARN] ConditionMgr:1038 - genDependencies : Invalid condition id : UX DEVICE CLASS RTOS Condition cause : null
2026-09-27 10:36:23,391 [ERROR] Engine:463 - C:\Users\Hius\.stm32cubemx\thirdparties\pdsc\quantropi.X-CUBE-qispace-sdk-base.2.1.0.pdsc: PDSC version is not supported
2026-09-27 10:36:23,412 [WARN] PackLoader:238 - Cannot read IP mode file for STMicroelectronics.X-CUBE-STSE01.2.0.0
2026-09-27 10:36:23,439 [WARN] PackLoader:238 - Cannot read IP mode file for STMicroelectronics.X-CUBE-SUBG2.5.0.0
2026-09-27 10:36:23,489 [WARN] PackLoader:238 - Cannot read IP mode file for STMicroelectronics.X-CUBE-AZRTOS-G4.2.0.0
2026-09-27 10:36:23,509 [WARN] PackLoader:238 - Cannot read IP mode file for wolfSSL.I-CUBE-wolfSSH.1.4.20
2026-09-27 10:36:23,537 [WARN] PackLoader:238 - Cannot read IP mode file for STMicroelectronics.X-CUBE-NFC7.2.0.0
2026-09-27 10:36:23,555 [ERROR] Engine:463 - C:\Users\Hius\.stm32cubemx\thirdparties\pdsc\STMicroelectronics.X-CUBE-BLEMGR.4.2.0.pdsc: PDSC version is not supported
2026-09-27 10:36:23,569 [ERROR] Engine:463 - C:\Users\Hius\.stm32cubemx\thirdparties\pdsc\STMicroelectronics.X-CUBE-ALS.1.0.2.pdsc: PDSC version is not supported
2026-09-27 10:36:23,589 [ERROR] Engine:463 - C:\Users\Hius\.stm32cubemx\thirdparties\pdsc\STMicroelectronics.X-CUBE-TOF1.3.4.3.pdsc: PDSC version is not supported
2026-09-27 10:36:23,589 [INFO] ThirdParty:915 - Integrity check success = true
2026-09-27 10:36:23,589 [INFO] IntegrityCheckThread:94 - exiting critical section [integrity check]
2026-09-27 10:36:23,589 [INFO] IntegrityCheckThread:97 - End integrity checks thread
2026-09-27 10:36:23,589 [INFO] ThirdParty:815 - entering critical section [close project]
2026-09-27 10:36:23,589 [INFO] ThirdParty:825 - exiting critical section [close project]
2026-09-27 10:36:23,599 [INFO] PinOutPanel:1463 - setPackage(No Configuration,No Configuration)
2026-09-27 10:36:23,599 [INFO] UtilMem:74 - Begin LoadConfig() Used Memory: 958624184 Bytes (1073741824)
2026-09-27 10:36:23,601 [INFO] MicroXplorer:448 - Change Database Path : 
2026-09-27 10:36:23,601 [INFO] MicroXplorer:478 - Change Database Version : DB.6.0.30
2026-09-27 10:36:23,601 [INFO] OpenFileManager:313 - Change cursor
2026-09-27 10:36:24,643 [INFO] Context:592 - Trying to add GPIOservice into a context  which must be forbidden
2026-09-27 10:36:24,942 [WARN] ApiManager:304 - Cannot register API 'Board Extension:PM33A1' from pack STMicroelectronics.X-CUBE-PM33A1.1.0.0: no header file found
2026-09-27 10:36:24,942 [WARN] ApiManager:304 - Cannot register API 'Board Extension:NFC09A1' from pack STMicroelectronics.X-CUBE-NFC9.1.0.0: no header file found
2026-09-27 10:36:24,949 [WARN] ApiManager:304 - Cannot register API 'Wireless:BlueNRG-MS' from pack STMicroelectronics.X-CUBE-BLE1.7.1.0: no header file found
2026-09-27 10:36:24,954 [WARN] ApiManager:304 - Cannot register API 'Board Extension:EEPRMA2' from pack STMicroelectronics.X-CUBE-EEPRMA1.5.2.0: no header file found
2026-09-27 10:36:24,954 [WARN] ApiManager:304 - Cannot register API 'Board Extension:PGEEZ1' from pack STMicroelectronics.X-CUBE-EEPRMA1.5.2.0: no header file found
2026-09-27 10:36:24,954 [WARN] ApiManager:304 - Cannot register API 'Board Extension:EEICA1' from pack STMicroelectronics.X-CUBE-EEPRMA1.5.2.0: no header file found
2026-09-27 10:36:24,954 [WARN] ApiManager:304 - Cannot register API 'Board Part:M24' from pack STMicroelectronics.X-CUBE-EEPRMA1.5.2.0: no header file found
2026-09-27 10:36:24,954 [WARN] ApiManager:304 - Cannot register API 'Board Part:M95' from pack STMicroelectronics.X-CUBE-EEPRMA1.5.2.0: no header file found
2026-09-27 10:36:24,954 [WARN] ApiManager:304 - Cannot register API 'Board Part:M95P32' from pack STMicroelectronics.X-CUBE-EEPRMA1.5.2.0: no header file found
2026-09-27 10:36:24,954 [WARN] ApiManager:304 - Cannot register API 'Board Part:M24256E-F' from pack STMicroelectronics.X-CUBE-EEPRMA1.5.2.0: no header file found
2026-09-27 10:36:24,954 [WARN] ApiManager:304 - Cannot register API 'Board Part:M24M01E-F' from pack STMicroelectronics.X-CUBE-EEPRMA1.5.2.0: no header file found
2026-09-27 10:36:24,954 [WARN] ApiManager:304 - Cannot register API 'PGEEZ1:SPI' from pack STMicroelectronics.X-CUBE-EEPRMA1.5.2.0: no header file found
2026-09-27 10:36:24,954 [WARN] ApiManager:304 - Cannot register API 'PGEEZ1:QDSPI' from pack STMicroelectronics.X-CUBE-EEPRMA1.5.2.0: no header file found
2026-09-27 10:36:24,956 [WARN] ApiManager:304 - Cannot register API 'Board Extension:NFC12A1' from pack STMicroelectronics.X-CUBE-NFC12.1.0.0: no header file found
2026-09-27 10:36:24,965 [WARN] ApiManager:304 - Cannot register API 'Board Extension:SAFEA1' from pack STMicroelectronics.X-CUBE-STSE01.2.0.0: no header file found
2026-09-27 10:36:24,967 [WARN] ApiManager:304 - Cannot register API 'Board Extension:ESE01A1' from pack STMicroelectronics.X-CUBE-STSE01.2.0.0: no header file found
2026-09-27 10:36:24,967 [WARN] ApiManager:304 - Cannot register API 'Board Extension:ESE02A1' from pack STMicroelectronics.X-CUBE-STSE01.2.0.0: no header file found
2026-09-27 10:36:24,967 [WARN] ApiManager:304 - Cannot register API 'Board Part:STSAFEA110' from pack STMicroelectronics.X-CUBE-STSE01.2.0.0: no header file found
2026-09-27 10:36:24,967 [WARN] ApiManager:304 - Cannot register API 'Board Part:STSAFEA120' from pack STMicroelectronics.X-CUBE-STSE01.2.0.0: no header file found
2026-09-27 10:36:24,967 [WARN] ApiManager:304 - Cannot register API 'Board Part:STSAFEL010' from pack STMicroelectronics.X-CUBE-STSE01.2.0.0: no header file found
2026-09-27 10:36:24,967 [WARN] ApiManager:304 - Cannot register API 'Security:STM32_Cryptographic' from pack STMicroelectronics.X-CUBE-STSE01.2.0.0: no header file found
2026-09-27 10:36:24,967 [WARN] ApiManager:304 - Cannot register API 'Security:STSELib' from pack STMicroelectronics.X-CUBE-STSE01.2.0.0: no header file found
2026-09-27 10:36:24,969 [INFO] RtosManager:484 - Registered RTOS mode: class=CMSIS, group=RTOS, mode=CMSIS_V1, owner=FREERTOS
2026-09-27 10:36:24,970 [INFO] RtosManager:484 - Registered RTOS mode: class=CMSIS, group=RTOS2, mode=CMSIS_V2, owner=FREERTOS
2026-09-27 10:36:24,970 [INFO] RtosManager:484 - Registered RTOS mode: class=RTOS, group=Core, mode=CMSIS_V1, owner=FREERTOS
2026-09-27 10:36:24,970 [INFO] RtosManager:484 - Registered RTOS mode: class=RTOS, group=Core, mode=CMSIS_V2, owner=FREERTOS
2026-09-27 10:36:24,970 [WARN] ModelIntegratedComponent:181 - Missing modes for component STMicroelectronics:FreeRTOS:0.0.1:STMicroelectronics:RTOS:FreeRTOS:Core:::10.2.0:
2026-09-27 10:36:24,974 [WARN] ApiManager:304 - Cannot register API 'Board Extension:NFC04A1' from pack STMicroelectronics.X-CUBE-NFC4.3.0.0: no header file found
2026-09-27 10:36:24,977 [WARN] ApiManager:304 - Cannot register API 'Board Extension:S2868A1' from pack STMicroelectronics.X-CUBE-SUBG2.5.0.0: no header file found
2026-09-27 10:36:24,977 [WARN] ApiManager:304 - Cannot register API 'Board Extension:S2868A2' from pack STMicroelectronics.X-CUBE-SUBG2.5.0.0: no header file found
2026-09-27 10:36:24,979 [WARN] ApiManager:304 - Cannot register API 'Board Extension:S2915A1' from pack STMicroelectronics.X-CUBE-SUBG2.5.0.0: no header file found
2026-09-27 10:36:25,119 [WARN] ApiManager:304 - Cannot register API 'Board Extension:IKS02A1' from pack STMicroelectronics.X-CUBE-MEMS1.13.0.0: no header file found
2026-09-27 10:36:25,120 [WARN] ApiManager:304 - Cannot register API 'Board Extension:IKS4A1' from pack STMicroelectronics.X-CUBE-MEMS1.13.0.0: no header file found
2026-09-27 10:36:25,120 [WARN] ApiManager:304 - Cannot register API 'Board Extension:IKS5A1' from pack STMicroelectronics.X-CUBE-MEMS1.13.0.0: no header file found
2026-09-27 10:36:25,125 [WARN] ApiManager:304 - Cannot register API 'Board Extension:NFC07A1' from pack STMicroelectronics.X-CUBE-NFC7.2.0.0: no header file found
2026-09-27 10:36:25,129 [WARN] ApiManager:304 - Cannot register API 'Board Extension:GNSS1A1' from pack STMicroelectronics.X-CUBE-GNSS1.7.1.1: no header file found
2026-09-27 10:36:25,129 [WARN] ApiManager:304 - Cannot register API 'Board Support:Custom' from pack STMicroelectronics.X-CUBE-GNSS1.7.1.1: no header file found
2026-09-27 10:36:25,129 [WARN] ApiManager:304 - Cannot register API 'Data Exchange:lib_gnss' from pack STMicroelectronics.X-CUBE-GNSS1.7.1.1: no header file found
2026-09-27 10:36:25,130 [WARN] ApiManager:304 - Cannot register API 'Board Extension:NFC10A1' from pack STMicroelectronics.X-CUBE-NFC10.1.0.0: no header file found
2026-09-27 10:36:25,130 [WARN] ModelIntegratedComponent:60 - No mode defined for component null
2026-09-27 10:36:25,130 [WARN] ModelIntegratedComponent:60 - No mode defined for component null
2026-09-27 10:36:25,130 [WARN] ModelIntegratedComponent:60 - No mode defined for component null
2026-09-27 10:36:25,130 [WARN] ModelIntegratedComponent:60 - No mode defined for component null
2026-09-27 10:36:25,130 [WARN] ModelIntegratedComponent:60 - No mode defined for component null
2026-09-27 10:36:25,130 [WARN] ModelIntegratedComponent:60 - No mode defined for component null
2026-09-27 10:36:25,130 [WARN] ModelIntegratedComponent:60 - No mode defined for component null
2026-09-27 10:36:25,130 [WARN] ModelIntegratedComponent:60 - No mode defined for component null
2026-09-27 10:36:25,130 [WARN] ModelIntegratedComponent:60 - No mode defined for component null
2026-09-27 10:36:25,130 [WARN] ModelIntegratedComponent:60 - No mode defined for component null
2026-09-27 10:36:25,130 [WARN] ModelIntegratedComponent:60 - No mode defined for component null
2026-09-27 10:36:25,130 [WARN] ModelIntegratedComponent:60 - No mode defined for component null
2026-09-27 10:36:25,130 [WARN] ModelIntegratedComponent:60 - No mode defined for component null
2026-09-27 10:36:25,130 [WARN] ModelIntegratedComponent:60 - No mode defined for component null
2026-09-27 10:36:25,130 [WARN] ModelIntegratedComponent:60 - No mode defined for component null
2026-09-27 10:36:25,130 [WARN] ModelIntegratedComponent:60 - No mode defined for component null
2026-09-27 10:36:25,130 [WARN] ModelIntegratedComponent:60 - No mode defined for component null
2026-09-27 10:36:25,130 [WARN] ModelIntegratedComponent:60 - No mode defined for component null
2026-09-27 10:36:25,130 [WARN] ModelIntegratedComponent:60 - No mode defined for component null
2026-09-27 10:36:25,130 [WARN] ModelIntegratedComponent:60 - No mode defined for component null
2026-09-27 10:36:25,130 [WARN] ModelIntegratedComponent:60 - No mode defined for component null
2026-09-27 10:36:25,130 [WARN] ModelIntegratedComponent:60 - No mode defined for component null
2026-09-27 10:36:25,130 [WARN] ModelIntegratedComponent:60 - No mode defined for component null
2026-09-27 10:36:25,130 [WARN] ModelIntegratedComponent:60 - No mode defined for component null
2026-09-27 10:36:25,130 [WARN] ModelIntegratedComponent:60 - No mode defined for component null
2026-09-27 10:36:25,130 [WARN] ModelIntegratedComponent:60 - No mode defined for component null
2026-09-27 10:36:25,130 [WARN] ModelIntegratedComponent:60 - No mode defined for component null
2026-09-27 10:36:25,130 [WARN] ModelIntegratedComponent:60 - No mode defined for component null
2026-09-27 10:36:25,130 [WARN] ModelIntegratedComponent:60 - No mode defined for component null
2026-09-27 10:36:25,130 [WARN] ModelIntegratedComponent:60 - No mode defined for component null
2026-09-27 10:36:25,130 [WARN] ModelIntegratedComponent:60 - No mode defined for component null
2026-09-27 10:36:25,130 [WARN] ApiManager:304 - Cannot register API 'Board Extension:NFC06A1' from pack STMicroelectronics.X-CUBE-NFC6.3.2.0: no header file found
2026-09-27 10:36:25,130 [WARN] ApiManager:304 - Cannot register API 'Board Extension:NFC08A1' from pack STMicroelectronics.X-CUBE-NFC6.3.2.0: no header file found
2026-09-27 10:36:25,141 [WARN] ApiManager:304 - Cannot register API 'Board Extension:S2868A1' from pack STMicroelectronics.X-CUBE-SFXS2LP1.4.0.0: no header file found
2026-09-27 10:36:25,141 [WARN] ApiManager:304 - Cannot register API 'Board Extension:S2868A2' from pack STMicroelectronics.X-CUBE-SFXS2LP1.4.0.0: no header file found
2026-09-27 10:36:25,141 [WARN] ApiManager:304 - Cannot register API 'Board Extension:S2915A1' from pack STMicroelectronics.X-CUBE-SFXS2LP1.4.0.0: no header file found
2026-09-27 10:36:25,141 [WARN] ApiManager:304 - Cannot register API 'Wireless:BlueNRG-2' from pack STMicroelectronics.X-CUBE-BLE2.3.3.0: no header file found
2026-09-27 10:36:25,143 [WARN] ApiManager:304 - Cannot register API 'Board Extension:NFC13A1' from pack STMicroelectronics.X-CUBE-NFC13.1.0.0: no header file found
2026-09-27 10:36:25,143 [WARN] ApiManager:304 - Cannot register API 'Wireless:STM32WB05N' from pack STMicroelectronics.X-CUBE-WB05N.2.1.0: no header file found
2026-09-27 10:36:27,137 [INFO] UtilMem:74 - End LoadConfig() Used Memory: 945305336 Bytes (1073741824)
2026-09-27 10:36:27,139 [INFO] DbMcusXml:100 - Load MCU database from D:\STM32CubeIDE_1.7.0\STM32CubeIDE\plugins\com.st.stm32cube.common.mx_6.3.0.202107141111\\db\/mcu/families.xml
2026-09-27 10:36:28,234 [INFO] DbMcusJson:93 - JSON generation date=Mon Jun 07 15:53:21 ICT 2021 (1623056001)
2026-09-27 10:36:29,165 [INFO] DbMcus:175 - Found 1951 MCUs (1903 are supported by CubeMX, 1903 are visible in CubeMX)
2026-09-27 10:36:29,165 [INFO] ApiDb:251 - Load user favorites file C:\Users\Hius/.stm32cubeide/favorites.mcus.txt: 0 item(s)
2026-09-27 10:36:29,165 [INFO] ApiDb:255 - User favorites MCUs=[]
2026-09-27 10:36:29,165 [INFO] DbMcus:187 - Set 0 / 0 favorites MCUs
2026-09-27 10:36:29,179 [WARN] ThirdParty:779 - waiting for thirdparty lock release [change project]
2026-09-27 10:36:29,179 [INFO] ThirdParty:781 - entering critical section [change project]
2026-09-27 10:36:29,179 [INFO] ThirdParty:967 - CMSIS Pack Vendor :STMicroelectronics X-CUBE-AZRTOS-H7 3.5.0
2026-09-27 10:36:29,179 [INFO] ThirdParty:967 - CMSIS Pack Vendor :STMicroelectronics X-CUBE-PM33A1 1.0.0
2026-09-27 10:36:29,179 [INFO] ThirdParty:967 - CMSIS Pack Vendor :STMicroelectronics X-CUBE-NFC9 1.0.0
2026-09-27 10:36:29,179 [INFO] ThirdParty:967 - CMSIS Pack Vendor :STMicroelectronics USB_HOST 2.0.0
2026-09-27 10:36:29,179 [INFO] ThirdParty:967 - CMSIS Pack Vendor :STMicroelectronics FP-ATR-ASTRA1 2.0.3
2026-09-27 10:36:29,179 [INFO] ThirdParty:967 - CMSIS Pack Vendor :STMicroelectronics X-CUBE-AZRTOS-F4 1.1.0
2026-09-27 10:36:29,179 [INFO] ThirdParty:967 - CMSIS Pack Vendor :STMicroelectronics X-CUBE-BLE1 7.1.0
2026-09-27 10:36:29,179 [INFO] ThirdParty:967 - CMSIS Pack Vendor :wolfSSL I-CUBE-wolfMQTT 1.19.2
2026-09-27 10:36:29,179 [INFO] ThirdParty:967 - CMSIS Pack Vendor :STMicroelectronics USB_DEVICE 3.0.0
2026-09-27 10:36:29,179 [INFO] ThirdParty:967 - CMSIS Pack Vendor :STMicroelectronics X-CUBE-ISPU 2.1.0
2026-09-27 10:36:29,179 [INFO] ThirdParty:967 - CMSIS Pack Vendor :STMicroelectronics X-CUBE-EEPRMA1 5.2.0
2026-09-27 10:36:29,179 [INFO] ThirdParty:967 - CMSIS Pack Vendor :STMicroelectronics X-CUBE-AZRTOS-WB 2.0.0
2026-09-27 10:36:29,179 [INFO] ThirdParty:967 - CMSIS Pack Vendor :STMicroelectronics X-CUBE-NFC12 1.0.0
2026-09-27 10:36:29,179 [INFO] ThirdParty:967 - CMSIS Pack Vendor :STMicroelectronics X-CUBE-AZRTOS-F7 1.1.0
2026-09-27 10:36:29,179 [INFO] ThirdParty:967 - CMSIS Pack Vendor :STMicroelectronics X-CUBE-AZRTOS-L5 2.0.0
2026-09-27 10:36:29,179 [INFO] ThirdParty:967 - CMSIS Pack Vendor :STMicroelectronics USB_DEVICE 2.0.0
2026-09-27 10:36:29,179 [INFO] ThirdParty:967 - CMSIS Pack Vendor :STMicroelectronics X-CUBE-STSE01 2.0.0
2026-09-27 10:36:29,179 [INFO] ThirdParty:967 - CMSIS Pack Vendor :STMicroelectronics X-CUBE-ALGOBUILD 1.5.0
2026-09-27 10:36:29,179 [INFO] ThirdParty:967 - CMSIS Pack Vendor :STMicroelectronics FreeRTOS 0.0.1
2026-09-27 10:36:29,179 [INFO] ThirdParty:967 - CMSIS Pack Vendor :STMicroelectronics X-CUBE-AZRTOS-H7RS 1.3.0
2026-09-27 10:36:29,179 [INFO] ThirdParty:967 - CMSIS Pack Vendor :STMicroelectronics X-CUBE-AZRTOS-G0 1.1.0
2026-09-27 10:36:29,179 [INFO] ThirdParty:967 - CMSIS Pack Vendor :STMicroelectronics X-CUBE-NFC4 3.0.0
2026-09-27 10:36:29,179 [INFO] ThirdParty:967 - CMSIS Pack Vendor :STMicroelectronics X-CUBE-SUBG2 5.0.0
2026-09-27 10:36:29,179 [INFO] ThirdParty:967 - CMSIS Pack Vendor :STMicroelectronics lwIP 2.0.3
2026-09-27 10:36:29,179 [INFO] ThirdParty:967 - CMSIS Pack Vendor :STMicroelectronics X-CUBE-MEMS1 13.0.0
2026-09-27 10:36:29,179 [INFO] ThirdParty:967 - CMSIS Pack Vendor :STMicroelectronics USB_HOST 1.0.0
2026-09-27 10:36:29,181 [INFO] ThirdParty:967 - CMSIS Pack Vendor :STMicroelectronics X-CUBE-AZRTOS-G4 2.0.0
2026-09-27 10:36:29,181 [INFO] ThirdParty:967 - CMSIS Pack Vendor :STMicroelectronics PDM2PCM 3.1.0
2026-09-27 10:36:29,181 [INFO] ThirdParty:967 - CMSIS Pack Vendor :STMicroelectronics PDM2PCM 3.3.0
2026-09-27 10:36:29,181 [INFO] ThirdParty:967 - CMSIS Pack Vendor :wolfSSL I-CUBE-wolfTPM 3.8.0
2026-09-27 10:36:29,181 [INFO] ThirdParty:967 - CMSIS Pack Vendor :wolfSSL I-CUBE-wolfSSH 1.4.20
2026-09-27 10:36:29,181 [INFO] ThirdParty:967 - CMSIS Pack Vendor :STMicroelectronics X-CUBE-NFC7 2.0.0
2026-09-27 10:36:29,181 [INFO] ThirdParty:967 - CMSIS Pack Vendor :STMicroelectronics X-CUBE-GNSS1 7.1.1
2026-09-27 10:36:29,181 [INFO] ThirdParty:967 - CMSIS Pack Vendor :STMicroelectronics FP-ATR-SIGFOX1 3.2.0
2026-09-27 10:36:29,181 [INFO] ThirdParty:967 - CMSIS Pack Vendor :STMicroelectronics X-CUBE-NFC10 1.0.0
2026-09-27 10:36:29,181 [INFO] ThirdParty:967 - CMSIS Pack Vendor :STMicroelectronics HAL Drivers 0.0.0
2026-09-27 10:36:29,181 [INFO] ThirdParty:967 - CMSIS Pack Vendor :STMicroelectronics MBEDTLS 2.16.2
2026-09-27 10:36:29,181 [INFO] ThirdParty:967 - CMSIS Pack Vendor :wolfSSL I-CUBE-wolfSSL 5.9.2
2026-09-27 10:36:29,181 [INFO] ThirdParty:967 - CMSIS Pack Vendor :STMicroelectronics MBEDTLS 2.14.1
2026-09-27 10:36:29,181 [INFO] ThirdParty:967 - CMSIS Pack Vendor :STMicroelectronics X-CUBE-TOUCHGFX 4.26.1
2026-09-27 10:36:29,181 [INFO] ThirdParty:967 - CMSIS Pack Vendor :STMicroelectronics X-CUBE-NFC6 3.2.0
2026-09-27 10:36:29,181 [INFO] ThirdParty:967 - CMSIS Pack Vendor :STMicroelectronics X-CUBE-AI 10.2.1
2026-09-27 10:36:29,181 [INFO] ThirdParty:967 - CMSIS Pack Vendor :STMicroelectronics X-CUBE-AZRTOS-WL 2.0.0
2026-09-27 10:36:29,181 [INFO] ThirdParty:967 - CMSIS Pack Vendor :SEGGER I-CUBE-embOS 1.3.1
2026-09-27 10:36:29,181 [INFO] ThirdParty:967 - CMSIS Pack Vendor :STMicroelectronics USB_DEVICE 1.0.0
2026-09-27 10:36:29,181 [INFO] ThirdParty:967 - CMSIS Pack Vendor :STMicroelectronics X-CUBE-AZRTOS-L4 2.0.0
2026-09-27 10:36:29,181 [INFO] ThirdParty:967 - CMSIS Pack Vendor :STMicroelectronics ThreadX 0.0.2
2026-09-27 10:36:29,181 [INFO] ThirdParty:967 - CMSIS Pack Vendor :STMicroelectronics lwIP 2.1.2
2026-09-27 10:36:29,181 [INFO] ThirdParty:967 - CMSIS Pack Vendor :STMicroelectronics X-CUBE-SFXS2LP1 4.0.0
2026-09-27 10:36:29,181 [INFO] ThirdParty:967 - CMSIS Pack Vendor :STMicroelectronics X-CUBE-BLE2 3.3.0
2026-09-27 10:36:29,181 [INFO] ThirdParty:967 - CMSIS Pack Vendor :STMicroelectronics X-CUBE-NFC13 1.0.0
2026-09-27 10:36:29,181 [INFO] ThirdParty:967 - CMSIS Pack Vendor :STMicroelectronics PDM2PCM 3.2.0
2026-09-27 10:36:29,181 [INFO] ThirdParty:967 - CMSIS Pack Vendor :STMicroelectronics X-CUBE-WB05N 2.1.0
2026-09-27 10:36:29,181 [INFO] ThirdParty:787 - exiting critical section [change project]
2026-09-27 10:36:29,549 [INFO] PinOutPanel:1463 - setPackage(No Configuration,No Configuration)
2026-09-27 10:36:29,551 [INFO] PinOutPanel:1463 - setPackage(STM32F103C6Ux,UFQFPN48)
2026-09-27 10:36:30,064 [INFO] UtilMem:74 - Before build in PCC Used Memory: 993646360 Bytes (1073741824)
2026-09-27 10:36:30,874 [INFO] UtilMem:74 - After build in PCC Used Memory: 960850232 Bytes (1073741824)
2026-09-27 10:36:30,889 [INFO] IPUIPlugin:74 - create IPUIPlugin
2026-09-27 10:36:30,899 [INFO] IPUIPlugin:74 - create IPUIPlugin
2026-09-27 10:36:30,899 [INFO] IPUIPlugin:74 - create IPUIPlugin
2026-09-27 10:36:30,899 [INFO] IPUIPlugin:74 - create IPUIPlugin
2026-09-27 10:36:30,899 [INFO] IPUIPlugin:74 - create IPUIPlugin
2026-09-27 10:36:30,899 [INFO] IPUIPlugin:74 - create IPUIPlugin
2026-09-27 10:36:30,899 [INFO] IPUIPlugin:74 - create IPUIPlugin
2026-09-27 10:36:30,899 [INFO] IPUIPlugin:74 - create IPUIPlugin
2026-09-27 10:36:30,899 [INFO] IPUIPlugin:74 - create IPUIPlugin
2026-09-27 10:36:30,899 [INFO] IPUIPlugin:74 - create IPUIPlugin
2026-09-27 10:36:30,899 [INFO] IPUIPlugin:74 - create IPUIPlugin
2026-09-27 10:36:30,899 [INFO] IPUIPlugin:74 - create IPUIPlugin
2026-09-27 10:36:30,899 [INFO] IPUIPlugin:74 - create IPUIPlugin
2026-09-27 10:36:30,899 [INFO] IPUIPlugin:74 - create IPUIPlugin
2026-09-27 10:36:30,899 [INFO] IPUIPlugin:74 - create IPUIPlugin
2026-09-27 10:36:30,899 [INFO] IPUIPlugin:74 - create IPUIPlugin
2026-09-27 10:36:30,899 [INFO] IPUIPlugin:74 - create IPUIPlugin
2026-09-27 10:36:30,899 [INFO] IPUIPlugin:74 - create IPUIPlugin
2026-09-27 10:36:30,899 [INFO] IPUIPlugin:74 - create IPUIPlugin
2026-09-27 10:36:30,899 [INFO] IPUIPlugin:74 - create IPUIPlugin
2026-09-27 10:36:30,899 [INFO] IPUIPlugin:74 - create IPUIPlugin
2026-09-27 10:36:30,899 [INFO] IPUIPlugin:74 - create IPUIPlugin
2026-09-27 10:36:30,899 [INFO] IPUIPlugin:74 - create IPUIPlugin
2026-09-27 10:36:31,039 [INFO] OpenFileManager:333 - Restore cursor
2026-09-27 10:49:07,834 [INFO] MainUpdater:2671 - connection check result : 10
2026-09-27 10:49:07,834 [INFO] MainUpdater:2671 - connection check result : 10
2026-09-27 10:49:08,817 [INFO] MicroXplorer:448 - Change Database Path : 
2026-09-27 10:49:08,817 [INFO] MicroXplorer:478 - Change Database Version : DB.6.0.30
2026-09-27 10:49:08,817 [WARN] ThirdParty:813 - waiting for thirdparty lock release [close project]
2026-09-27 10:49:08,817 [INFO] ThirdParty:815 - entering critical section [close project]
2026-09-27 10:49:08,817 [INFO] ThirdParty:825 - exiting critical section [close project]
2026-09-27 10:49:08,819 [INFO] PinOutPanel:1463 - setPackage(No Configuration,No Configuration)
2026-09-27 10:49:08,821 [INFO] UtilMem:74 - Begin LoadConfig() Used Memory: 977892688 Bytes (1073741824)
2026-09-27 10:49:08,821 [INFO] MicroXplorer:448 - Change Database Path : 
2026-09-27 10:49:08,821 [INFO] MicroXplorer:478 - Change Database Version : DB.6.0.30
2026-09-27 10:49:08,821 [INFO] OpenFileManager:313 - Change cursor
2026-09-27 10:49:09,612 [INFO] Context:592 - Trying to add GPIOservice into a context  which must be forbidden
2026-09-27 10:49:09,821 [WARN] ApiManager:304 - Cannot register API 'Board Extension:PM33A1' from pack STMicroelectronics.X-CUBE-PM33A1.1.0.0: no header file found
2026-09-27 10:49:09,826 [WARN] ApiManager:304 - Cannot register API 'Board Extension:NFC09A1' from pack STMicroelectronics.X-CUBE-NFC9.1.0.0: no header file found
2026-09-27 10:49:09,826 [WARN] ApiManager:304 - Cannot register API 'Wireless:BlueNRG-MS' from pack STMicroelectronics.X-CUBE-BLE1.7.1.0: no header file found
2026-09-27 10:49:09,826 [WARN] ApiManager:304 - Cannot register API 'Board Extension:EEPRMA2' from pack STMicroelectronics.X-CUBE-EEPRMA1.5.2.0: no header file found
2026-09-27 10:49:09,826 [WARN] ApiManager:304 - Cannot register API 'Board Extension:PGEEZ1' from pack STMicroelectronics.X-CUBE-EEPRMA1.5.2.0: no header file found
2026-09-27 10:49:09,826 [WARN] ApiManager:304 - Cannot register API 'Board Extension:EEICA1' from pack STMicroelectronics.X-CUBE-EEPRMA1.5.2.0: no header file found
2026-09-27 10:49:09,826 [WARN] ApiManager:304 - Cannot register API 'Board Part:M24' from pack STMicroelectronics.X-CUBE-EEPRMA1.5.2.0: no header file found
2026-09-27 10:49:09,826 [WARN] ApiManager:304 - Cannot register API 'Board Part:M95' from pack STMicroelectronics.X-CUBE-EEPRMA1.5.2.0: no header file found
2026-09-27 10:49:09,826 [WARN] ApiManager:304 - Cannot register API 'Board Part:M95P32' from pack STMicroelectronics.X-CUBE-EEPRMA1.5.2.0: no header file found
2026-09-27 10:49:09,826 [WARN] ApiManager:304 - Cannot register API 'Board Part:M24256E-F' from pack STMicroelectronics.X-CUBE-EEPRMA1.5.2.0: no header file found
2026-09-27 10:49:09,826 [WARN] ApiManager:304 - Cannot register API 'Board Part:M24M01E-F' from pack STMicroelectronics.X-CUBE-EEPRMA1.5.2.0: no header file found
2026-09-27 10:49:09,826 [WARN] ApiManager:304 - Cannot register API 'PGEEZ1:SPI' from pack STMicroelectronics.X-CUBE-EEPRMA1.5.2.0: no header file found
2026-09-27 10:49:09,826 [WARN] ApiManager:304 - Cannot register API 'PGEEZ1:QDSPI' from pack STMicroelectronics.X-CUBE-EEPRMA1.5.2.0: no header file found
2026-09-27 10:49:09,831 [WARN] ApiManager:304 - Cannot register API 'Board Extension:NFC12A1' from pack STMicroelectronics.X-CUBE-NFC12.1.0.0: no header file found
2026-09-27 10:49:09,833 [WARN] ApiManager:304 - Cannot register API 'Board Extension:SAFEA1' from pack STMicroelectronics.X-CUBE-STSE01.2.0.0: no header file found
2026-09-27 10:49:09,833 [WARN] ApiManager:304 - Cannot register API 'Board Extension:ESE01A1' from pack STMicroelectronics.X-CUBE-STSE01.2.0.0: no header file found
2026-09-27 10:49:09,833 [WARN] ApiManager:304 - Cannot register API 'Board Extension:ESE02A1' from pack STMicroelectronics.X-CUBE-STSE01.2.0.0: no header file found
2026-09-27 10:49:09,833 [WARN] ApiManager:304 - Cannot register API 'Board Part:STSAFEA110' from pack STMicroelectronics.X-CUBE-STSE01.2.0.0: no header file found
2026-09-27 10:49:09,833 [WARN] ApiManager:304 - Cannot register API 'Board Part:STSAFEA120' from pack STMicroelectronics.X-CUBE-STSE01.2.0.0: no header file found
2026-09-27 10:49:09,833 [WARN] ApiManager:304 - Cannot register API 'Board Part:STSAFEL010' from pack STMicroelectronics.X-CUBE-STSE01.2.0.0: no header file found
2026-09-27 10:49:09,833 [WARN] ApiManager:304 - Cannot register API 'Security:STM32_Cryptographic' from pack STMicroelectronics.X-CUBE-STSE01.2.0.0: no header file found
2026-09-27 10:49:09,833 [WARN] ApiManager:304 - Cannot register API 'Security:STSELib' from pack STMicroelectronics.X-CUBE-STSE01.2.0.0: no header file found
2026-09-27 10:49:09,833 [INFO] RtosManager:484 - Registered RTOS mode: class=CMSIS, group=RTOS, mode=CMSIS_V1, owner=FREERTOS
2026-09-27 10:49:09,833 [INFO] RtosManager:484 - Registered RTOS mode: class=CMSIS, group=RTOS2, mode=CMSIS_V2, owner=FREERTOS
2026-09-27 10:49:09,833 [INFO] RtosManager:484 - Registered RTOS mode: class=RTOS, group=Core, mode=CMSIS_V1, owner=FREERTOS
2026-09-27 10:49:09,833 [INFO] RtosManager:484 - Registered RTOS mode: class=RTOS, group=Core, mode=CMSIS_V2, owner=FREERTOS
2026-09-27 10:49:09,833 [WARN] ModelIntegratedComponent:181 - Missing modes for component STMicroelectronics:FreeRTOS:0.0.1:STMicroelectronics:RTOS:FreeRTOS:Core:::10.2.0:
2026-09-27 10:49:09,833 [WARN] ApiManager:304 - Cannot register API 'Board Extension:NFC04A1' from pack STMicroelectronics.X-CUBE-NFC4.3.0.0: no header file found
2026-09-27 10:49:09,841 [WARN] ApiManager:304 - Cannot register API 'Board Extension:S2868A1' from pack STMicroelectronics.X-CUBE-SUBG2.5.0.0: no header file found
2026-09-27 10:49:09,841 [WARN] ApiManager:304 - Cannot register API 'Board Extension:S2868A2' from pack STMicroelectronics.X-CUBE-SUBG2.5.0.0: no header file found
2026-09-27 10:49:09,841 [WARN] ApiManager:304 - Cannot register API 'Board Extension:S2915A1' from pack STMicroelectronics.X-CUBE-SUBG2.5.0.0: no header file found
2026-09-27 10:49:10,027 [WARN] ApiManager:304 - Cannot register API 'Board Extension:IKS02A1' from pack STMicroelectronics.X-CUBE-MEMS1.13.0.0: no header file found
2026-09-27 10:49:10,027 [WARN] ApiManager:304 - Cannot register API 'Board Extension:IKS4A1' from pack STMicroelectronics.X-CUBE-MEMS1.13.0.0: no header file found
2026-09-27 10:49:10,027 [WARN] ApiManager:304 - Cannot register API 'Board Extension:IKS5A1' from pack STMicroelectronics.X-CUBE-MEMS1.13.0.0: no header file found
2026-09-27 10:49:10,033 [WARN] ApiManager:304 - Cannot register API 'Board Extension:NFC07A1' from pack STMicroelectronics.X-CUBE-NFC7.2.0.0: no header file found
2026-09-27 10:49:10,033 [WARN] ApiManager:304 - Cannot register API 'Board Extension:GNSS1A1' from pack STMicroelectronics.X-CUBE-GNSS1.7.1.1: no header file found
2026-09-27 10:49:10,033 [WARN] ApiManager:304 - Cannot register API 'Board Support:Custom' from pack STMicroelectronics.X-CUBE-GNSS1.7.1.1: no header file found
2026-09-27 10:49:10,033 [WARN] ApiManager:304 - Cannot register API 'Data Exchange:lib_gnss' from pack STMicroelectronics.X-CUBE-GNSS1.7.1.1: no header file found
2026-09-27 10:49:10,035 [WARN] ApiManager:304 - Cannot register API 'Board Extension:NFC10A1' from pack STMicroelectronics.X-CUBE-NFC10.1.0.0: no header file found
2026-09-27 10:49:10,035 [WARN] ModelIntegratedComponent:60 - No mode defined for component null
2026-09-27 10:49:10,035 [WARN] ModelIntegratedComponent:60 - No mode defined for component null
2026-09-27 10:49:10,035 [WARN] ModelIntegratedComponent:60 - No mode defined for component null
2026-09-27 10:49:10,035 [WARN] ModelIntegratedComponent:60 - No mode defined for component null
2026-09-27 10:49:10,035 [WARN] ModelIntegratedComponent:60 - No mode defined for component null
2026-09-27 10:49:10,035 [WARN] ModelIntegratedComponent:60 - No mode defined for component null
2026-09-27 10:49:10,035 [WARN] ModelIntegratedComponent:60 - No mode defined for component null
2026-09-27 10:49:10,035 [WARN] ModelIntegratedComponent:60 - No mode defined for component null
2026-09-27 10:49:10,035 [WARN] ModelIntegratedComponent:60 - No mode defined for component null
2026-09-27 10:49:10,035 [WARN] ModelIntegratedComponent:60 - No mode defined for component null
2026-09-27 10:49:10,035 [WARN] ModelIntegratedComponent:60 - No mode defined for component null
2026-09-27 10:49:10,035 [WARN] ModelIntegratedComponent:60 - No mode defined for component null
2026-09-27 10:49:10,035 [WARN] ModelIntegratedComponent:60 - No mode defined for component null
2026-09-27 10:49:10,035 [WARN] ModelIntegratedComponent:60 - No mode defined for component null
2026-09-27 10:49:10,035 [WARN] ModelIntegratedComponent:60 - No mode defined for component null
2026-09-27 10:49:10,035 [WARN] ModelIntegratedComponent:60 - No mode defined for component null
2026-09-27 10:49:10,035 [WARN] ModelIntegratedComponent:60 - No mode defined for component null
2026-09-27 10:49:10,035 [WARN] ModelIntegratedComponent:60 - No mode defined for component null
2026-09-27 10:49:10,035 [WARN] ModelIntegratedComponent:60 - No mode defined for component null
2026-09-27 10:49:10,035 [WARN] ModelIntegratedComponent:60 - No mode defined for component null
2026-09-27 10:49:10,035 [WARN] ModelIntegratedComponent:60 - No mode defined for component null
2026-09-27 10:49:10,035 [WARN] ModelIntegratedComponent:60 - No mode defined for component null
2026-09-27 10:49:10,035 [WARN] ModelIntegratedComponent:60 - No mode defined for component null
2026-09-27 10:49:10,035 [WARN] ModelIntegratedComponent:60 - No mode defined for component null
2026-09-27 10:49:10,035 [WARN] ModelIntegratedComponent:60 - No mode defined for component null
2026-09-27 10:49:10,035 [WARN] ModelIntegratedComponent:60 - No mode defined for component null
2026-09-27 10:49:10,035 [WARN] ModelIntegratedComponent:60 - No mode defined for component null
2026-09-27 10:49:10,035 [WARN] ModelIntegratedComponent:60 - No mode defined for component null
2026-09-27 10:49:10,035 [WARN] ModelIntegratedComponent:60 - No mode defined for component null
2026-09-27 10:49:10,035 [WARN] ModelIntegratedComponent:60 - No mode defined for component null
2026-09-27 10:49:10,035 [WARN] ModelIntegratedComponent:60 - No mode defined for component null
2026-09-27 10:49:10,038 [WARN] ApiManager:304 - Cannot register API 'Board Extension:NFC06A1' from pack STMicroelectronics.X-CUBE-NFC6.3.2.0: no header file found
2026-09-27 10:49:10,038 [WARN] ApiManager:304 - Cannot register API 'Board Extension:NFC08A1' from pack STMicroelectronics.X-CUBE-NFC6.3.2.0: no header file found
2026-09-27 10:49:10,043 [WARN] ApiManager:304 - Cannot register API 'Board Extension:S2868A1' from pack STMicroelectronics.X-CUBE-SFXS2LP1.4.0.0: no header file found
2026-09-27 10:49:10,043 [WARN] ApiManager:304 - Cannot register API 'Board Extension:S2868A2' from pack STMicroelectronics.X-CUBE-SFXS2LP1.4.0.0: no header file found
2026-09-27 10:49:10,043 [WARN] ApiManager:304 - Cannot register API 'Board Extension:S2915A1' from pack STMicroelectronics.X-CUBE-SFXS2LP1.4.0.0: no header file found
2026-09-27 10:49:10,043 [WARN] ApiManager:304 - Cannot register API 'Wireless:BlueNRG-2' from pack STMicroelectronics.X-CUBE-BLE2.3.3.0: no header file found
2026-09-27 10:49:10,045 [WARN] ApiManager:304 - Cannot register API 'Board Extension:NFC13A1' from pack STMicroelectronics.X-CUBE-NFC13.1.0.0: no header file found
2026-09-27 10:49:10,045 [WARN] ApiManager:304 - Cannot register API 'Wireless:STM32WB05N' from pack STMicroelectronics.X-CUBE-WB05N.2.1.0: no header file found
2026-09-27 10:49:12,039 [INFO] UtilMem:74 - End LoadConfig() Used Memory: 955622232 Bytes (1073741824)
2026-09-27 10:49:12,041 [WARN] ThirdParty:779 - waiting for thirdparty lock release [change project]
2026-09-27 10:49:12,041 [INFO] ThirdParty:781 - entering critical section [change project]
2026-09-27 10:49:12,041 [INFO] ThirdParty:967 - CMSIS Pack Vendor :STMicroelectronics X-CUBE-AZRTOS-H7 3.5.0
2026-09-27 10:49:12,041 [INFO] ThirdParty:967 - CMSIS Pack Vendor :STMicroelectronics X-CUBE-PM33A1 1.0.0
2026-09-27 10:49:12,041 [INFO] ThirdParty:967 - CMSIS Pack Vendor :STMicroelectronics X-CUBE-NFC9 1.0.0
2026-09-27 10:49:12,041 [INFO] ThirdParty:967 - CMSIS Pack Vendor :STMicroelectronics USB_HOST 2.0.0
2026-09-27 10:49:12,041 [INFO] ThirdParty:967 - CMSIS Pack Vendor :STMicroelectronics FP-ATR-ASTRA1 2.0.3
2026-09-27 10:49:12,041 [INFO] ThirdParty:967 - CMSIS Pack Vendor :STMicroelectronics X-CUBE-AZRTOS-F4 1.1.0
2026-09-27 10:49:12,041 [INFO] ThirdParty:967 - CMSIS Pack Vendor :STMicroelectronics X-CUBE-BLE1 7.1.0
2026-09-27 10:49:12,041 [INFO] ThirdParty:967 - CMSIS Pack Vendor :wolfSSL I-CUBE-wolfMQTT 1.19.2
2026-09-27 10:49:12,041 [INFO] ThirdParty:967 - CMSIS Pack Vendor :STMicroelectronics USB_DEVICE 3.0.0
2026-09-27 10:49:12,041 [INFO] ThirdParty:967 - CMSIS Pack Vendor :STMicroelectronics X-CUBE-ISPU 2.1.0
2026-09-27 10:49:12,041 [INFO] ThirdParty:967 - CMSIS Pack Vendor :STMicroelectronics X-CUBE-EEPRMA1 5.2.0
2026-09-27 10:49:12,041 [INFO] ThirdParty:967 - CMSIS Pack Vendor :STMicroelectronics X-CUBE-AZRTOS-WB 2.0.0
2026-09-27 10:49:12,041 [INFO] ThirdParty:967 - CMSIS Pack Vendor :STMicroelectronics X-CUBE-NFC12 1.0.0
2026-09-27 10:49:12,041 [INFO] ThirdParty:967 - CMSIS Pack Vendor :STMicroelectronics X-CUBE-AZRTOS-F7 1.1.0
2026-09-27 10:49:12,043 [INFO] ThirdParty:967 - CMSIS Pack Vendor :STMicroelectronics X-CUBE-AZRTOS-L5 2.0.0
2026-09-27 10:49:12,043 [INFO] ThirdParty:967 - CMSIS Pack Vendor :STMicroelectronics USB_DEVICE 2.0.0
2026-09-27 10:49:12,043 [INFO] ThirdParty:967 - CMSIS Pack Vendor :STMicroelectronics X-CUBE-STSE01 2.0.0
2026-09-27 10:49:12,043 [INFO] ThirdParty:967 - CMSIS Pack Vendor :STMicroelectronics X-CUBE-ALGOBUILD 1.5.0
2026-09-27 10:49:12,043 [INFO] ThirdParty:967 - CMSIS Pack Vendor :STMicroelectronics FreeRTOS 0.0.1
2026-09-27 10:49:12,043 [INFO] ThirdParty:967 - CMSIS Pack Vendor :STMicroelectronics X-CUBE-AZRTOS-H7RS 1.3.0
2026-09-27 10:49:12,043 [INFO] ThirdParty:967 - CMSIS Pack Vendor :STMicroelectronics X-CUBE-AZRTOS-G0 1.1.0
2026-09-27 10:49:12,043 [INFO] ThirdParty:967 - CMSIS Pack Vendor :STMicroelectronics X-CUBE-NFC4 3.0.0
2026-09-27 10:49:12,043 [INFO] ThirdParty:967 - CMSIS Pack Vendor :STMicroelectronics X-CUBE-SUBG2 5.0.0
2026-09-27 10:49:12,043 [INFO] ThirdParty:967 - CMSIS Pack Vendor :STMicroelectronics lwIP 2.0.3
2026-09-27 10:49:12,043 [INFO] ThirdParty:967 - CMSIS Pack Vendor :STMicroelectronics X-CUBE-MEMS1 13.0.0
2026-09-27 10:49:12,043 [INFO] ThirdParty:967 - CMSIS Pack Vendor :STMicroelectronics USB_HOST 1.0.0
2026-09-27 10:49:12,043 [INFO] ThirdParty:967 - CMSIS Pack Vendor :STMicroelectronics X-CUBE-AZRTOS-G4 2.0.0
2026-09-27 10:49:12,043 [INFO] ThirdParty:967 - CMSIS Pack Vendor :STMicroelectronics PDM2PCM 3.1.0
2026-09-27 10:49:12,043 [INFO] ThirdParty:967 - CMSIS Pack Vendor :STMicroelectronics PDM2PCM 3.3.0
2026-09-27 10:49:12,043 [INFO] ThirdParty:967 - CMSIS Pack Vendor :wolfSSL I-CUBE-wolfTPM 3.8.0
2026-09-27 10:49:12,043 [INFO] ThirdParty:967 - CMSIS Pack Vendor :wolfSSL I-CUBE-wolfSSH 1.4.20
2026-09-27 10:49:12,043 [INFO] ThirdParty:967 - CMSIS Pack Vendor :STMicroelectronics X-CUBE-NFC7 2.0.0
2026-09-27 10:49:12,043 [INFO] ThirdParty:967 - CMSIS Pack Vendor :STMicroelectronics X-CUBE-GNSS1 7.1.1
2026-09-27 10:49:12,043 [INFO] ThirdParty:967 - CMSIS Pack Vendor :STMicroelectronics FP-ATR-SIGFOX1 3.2.0
2026-09-27 10:49:12,043 [INFO] ThirdParty:967 - CMSIS Pack Vendor :STMicroelectronics X-CUBE-NFC10 1.0.0
2026-09-27 10:49:12,043 [INFO] ThirdParty:967 - CMSIS Pack Vendor :STMicroelectronics HAL Drivers 0.0.0
2026-09-27 10:49:12,043 [INFO] ThirdParty:967 - CMSIS Pack Vendor :STMicroelectronics MBEDTLS 2.16.2
2026-09-27 10:49:12,043 [INFO] ThirdParty:967 - CMSIS Pack Vendor :wolfSSL I-CUBE-wolfSSL 5.9.2
2026-09-27 10:49:12,043 [INFO] ThirdParty:967 - CMSIS Pack Vendor :STMicroelectronics MBEDTLS 2.14.1
2026-09-27 10:49:12,043 [INFO] ThirdParty:967 - CMSIS Pack Vendor :STMicroelectronics X-CUBE-TOUCHGFX 4.26.1
2026-09-27 10:49:12,043 [INFO] ThirdParty:967 - CMSIS Pack Vendor :STMicroelectronics X-CUBE-NFC6 3.2.0
2026-09-27 10:49:12,043 [INFO] ThirdParty:967 - CMSIS Pack Vendor :STMicroelectronics X-CUBE-AI 10.2.1
2026-09-27 10:49:12,043 [INFO] ThirdParty:967 - CMSIS Pack Vendor :STMicroelectronics X-CUBE-AZRTOS-WL 2.0.0
2026-09-27 10:49:12,043 [INFO] ThirdParty:967 - CMSIS Pack Vendor :SEGGER I-CUBE-embOS 1.3.1
2026-09-27 10:49:12,043 [INFO] ThirdParty:967 - CMSIS Pack Vendor :STMicroelectronics USB_DEVICE 1.0.0
2026-09-27 10:49:12,043 [INFO] ThirdParty:967 - CMSIS Pack Vendor :STMicroelectronics X-CUBE-AZRTOS-L4 2.0.0
2026-09-27 10:49:12,043 [INFO] ThirdParty:967 - CMSIS Pack Vendor :STMicroelectronics ThreadX 0.0.2
2026-09-27 10:49:12,043 [INFO] ThirdParty:967 - CMSIS Pack Vendor :STMicroelectronics lwIP 2.1.2
2026-09-27 10:49:12,043 [INFO] ThirdParty:967 - CMSIS Pack Vendor :STMicroelectronics X-CUBE-SFXS2LP1 4.0.0
2026-09-27 10:49:12,043 [INFO] ThirdParty:967 - CMSIS Pack Vendor :STMicroelectronics X-CUBE-BLE2 3.3.0
2026-09-27 10:49:12,043 [INFO] ThirdParty:967 - CMSIS Pack Vendor :STMicroelectronics X-CUBE-NFC13 1.0.0
2026-09-27 10:49:12,044 [INFO] ThirdParty:967 - CMSIS Pack Vendor :STMicroelectronics PDM2PCM 3.2.0
2026-09-27 10:49:12,044 [INFO] ThirdParty:967 - CMSIS Pack Vendor :STMicroelectronics X-CUBE-WB05N 2.1.0
2026-09-27 10:49:12,044 [INFO] ThirdParty:787 - exiting critical section [change project]
2026-09-27 10:49:12,171 [INFO] PinOutPanel:1463 - setPackage(No Configuration,No Configuration)
2026-09-27 10:49:12,171 [INFO] PinOutPanel:1463 - setPackage(STM32F103C6Ux,UFQFPN48)
2026-09-27 10:49:12,497 [INFO] UtilMem:74 - Before build in PCC Used Memory: 980230744 Bytes (1073741824)
2026-09-27 10:49:12,841 [INFO] UtilMem:74 - After build in PCC Used Memory: 1004686568 Bytes (1073741824)
2026-09-27 10:49:12,861 [INFO] IPUIPlugin:74 - create IPUIPlugin
2026-09-27 10:49:12,861 [INFO] IPUIPlugin:74 - create IPUIPlugin
2026-09-27 10:49:12,861 [INFO] IPUIPlugin:74 - create IPUIPlugin
2026-09-27 10:49:12,866 [INFO] IPUIPlugin:74 - create IPUIPlugin
2026-09-27 10:49:12,866 [INFO] IPUIPlugin:74 - create IPUIPlugin
2026-09-27 10:49:12,866 [INFO] IPUIPlugin:74 - create IPUIPlugin
2026-09-27 10:49:12,866 [INFO] IPUIPlugin:74 - create IPUIPlugin
2026-09-27 10:49:12,866 [INFO] IPUIPlugin:74 - create IPUIPlugin
2026-09-27 10:49:12,866 [INFO] IPUIPlugin:74 - create IPUIPlugin
2026-09-27 10:49:12,866 [INFO] IPUIPlugin:74 - create IPUIPlugin
2026-09-27 10:49:12,866 [INFO] IPUIPlugin:74 - create IPUIPlugin
2026-09-27 10:49:12,866 [INFO] IPUIPlugin:74 - create IPUIPlugin
2026-09-27 10:49:12,866 [INFO] IPUIPlugin:74 - create IPUIPlugin
2026-09-27 10:49:12,866 [INFO] IPUIPlugin:74 - create IPUIPlugin
2026-09-27 10:49:12,866 [INFO] IPUIPlugin:74 - create IPUIPlugin
2026-09-27 10:49:12,866 [INFO] IPUIPlugin:74 - create IPUIPlugin
2026-09-27 10:49:12,866 [INFO] IPUIPlugin:74 - create IPUIPlugin
2026-09-27 10:49:12,866 [INFO] IPUIPlugin:74 - create IPUIPlugin
2026-09-27 10:49:12,866 [INFO] IPUIPlugin:74 - create IPUIPlugin
2026-09-27 10:49:12,866 [INFO] IPUIPlugin:74 - create IPUIPlugin
2026-09-27 10:49:12,866 [INFO] IPUIPlugin:74 - create IPUIPlugin
2026-09-27 10:49:12,866 [INFO] IPUIPlugin:74 - create IPUIPlugin
2026-09-27 10:49:12,871 [INFO] IPUIPlugin:74 - create IPUIPlugin
2026-09-27 10:49:12,891 [INFO] OpenFileManager:333 - Restore cursor
2026-09-28 21:18:23,786 [INFO] Activator:177 - 


2026-09-28 21:18:23,786 [INFO] Activator:178 - !SESSION log4j initialized
2026-09-28 21:19:24,036 [ERROR] ApiDbMcu:1508 - Can't use Application install path:
2026-09-28 21:19:31,282 [WARN] RulesReader:59 - Compatibility file://mcu/compatibility.xml not found
2026-09-28 21:41:04,171 [INFO] McuFinderGlobals:39 - Set McuFinder mode to 2 (CubeIDE integrated)
2026-09-28 21:41:04,630 [INFO] ApplicationProperties:181 - Using Application install path: D:\STM32CubeIDE_1.7.0\STM32CubeIDE\plugins\com.st.stm32cube.common.mx_6.3.0.202107141111
2026-09-28 21:41:04,643 [INFO] DbMcusXml:74 - Set database path to: D:\STM32CubeIDE_1.7.0\STM32CubeIDE\plugins\com.st.stm32cube.common.mx_6.3.0.202107141111\\db\/mcu/
2026-09-28 21:41:04,650 [INFO] DbBoardsPdsc:56 - Set plugin database path to: D:\STM32CubeIDE_1.7.0\STM32CubeIDE\plugins\com.st.stm32cube.common.mx_6.3.0.202107141111\\db\/plugins/boardmanager/
2026-09-28 21:41:04,650 [INFO] DbMcus:258 - Set plugin images path to: D:\STM32CubeIDE_1.7.0\STM32CubeIDE\plugins\com.st.stm32cube.common.mx_6.3.0.202107141111\\db\/plugins/mcufinder/images/
2026-09-28 21:41:04,650 [INFO] DbBoards:264 - Set plugin images path to: D:\STM32CubeIDE_1.7.0\STM32CubeIDE\plugins\com.st.stm32cube.common.mx_6.3.0.202107141111\\db\/plugins/mcufinder/images/
2026-09-28 21:41:04,654 [INFO] DbExamples:333 - Set plugin images path to: D:\STM32CubeIDE_1.7.0\STM32CubeIDE\plugins\com.st.stm32cube.common.mx_6.3.0.202107141111\\db\/plugins/mcufinder/images/
2026-09-28 21:41:04,660 [INFO] DbMcusAds:119 - Set database path to: C:\Users\Hius\.stmcufinder\plugins\mcufinder//mcu/
2026-09-28 21:41:04,660 [INFO] DbMcusDocs:110 - Set database path to: C:\Users\Hius\.stmcufinder\plugins\mcufinder//mcu/
2026-09-28 21:41:04,660 [INFO] DbMcusJson:64 - Set database path to: C:\Users\Hius\.stmcufinder\plugins\mcufinder//mcu/
2026-09-28 21:41:04,660 [INFO] DbBoardsDocs:110 - Set database path to: C:\Users\Hius\.stmcufinder\plugins\mcufinder//mcu/
2026-09-28 21:41:04,670 [INFO] DbBoardsJson:57 - Set database path to: C:\Users\Hius\.stmcufinder\plugins\mcufinder//mcu/
2026-09-28 21:41:04,680 [INFO] CrossReferenceDbSqlite:196 - Set database path to: C:\Users\Hius\.stmcufinder\plugins\mcufinder//mcu/cs/
2026-09-28 21:41:04,690 [INFO] DbExamplesSqlite:767 - Set database path to: C:\Users\Hius\.stmcufinder\plugins\mcufinder//mcu/
2026-09-28 21:41:04,790 [INFO] DbMcusXml:74 - Set database path to: D:\STM32CubeIDE_1.7.0\STM32CubeIDE\plugins\com.st.stm32cube.common.mx_6.3.0.202107141111\\db\/mcu/
2026-09-28 21:41:04,793 [INFO] DbBoardsPdsc:56 - Set plugin database path to: D:\STM32CubeIDE_1.7.0\STM32CubeIDE\plugins\com.st.stm32cube.common.mx_6.3.0.202107141111\\db\/plugins/boardmanager/
2026-09-28 21:41:04,793 [INFO] DbMcus:258 - Set plugin images path to: D:\STM32CubeIDE_1.7.0\STM32CubeIDE\plugins\com.st.stm32cube.common.mx_6.3.0.202107141111\\db\/plugins/mcufinder/images/
2026-09-28 21:41:04,793 [INFO] DbBoards:264 - Set plugin images path to: D:\STM32CubeIDE_1.7.0\STM32CubeIDE\plugins\com.st.stm32cube.common.mx_6.3.0.202107141111\\db\/plugins/mcufinder/images/
2026-09-28 21:41:04,793 [INFO] DbExamples:333 - Set plugin images path to: D:\STM32CubeIDE_1.7.0\STM32CubeIDE\plugins\com.st.stm32cube.common.mx_6.3.0.202107141111\\db\/plugins/mcufinder/images/
2026-09-28 21:41:04,793 [WARN] DbFile:35 - Overriding database path with different value: C:\Users\Hius\.stmcufinder\plugins\mcufinder/ => C:\Users\Hius\.stmcufinder\plugins\mcufinder
2026-09-28 21:41:04,793 [INFO] DbMcusAds:119 - Set database path to: C:\Users\Hius\.stmcufinder\plugins\mcufinder//mcu/
2026-09-28 21:41:04,793 [WARN] DbFile:35 - Overriding database path with different value: C:\Users\Hius\.stmcufinder\plugins\mcufinder/ => C:\Users\Hius\.stmcufinder\plugins\mcufinder
2026-09-28 21:41:04,793 [INFO] DbMcusDocs:110 - Set database path to: C:\Users\Hius\.stmcufinder\plugins\mcufinder//mcu/
2026-09-28 21:41:04,793 [WARN] DbFile:35 - Overriding database path with different value: C:\Users\Hius\.stmcufinder\plugins\mcufinder/ => C:\Users\Hius\.stmcufinder\plugins\mcufinder
2026-09-28 21:41:04,793 [INFO] DbMcusJson:64 - Set database path to: C:\Users\Hius\.stmcufinder\plugins\mcufinder//mcu/
2026-09-28 21:41:04,793 [WARN] DbFile:35 - Overriding database path with different value: C:\Users\Hius\.stmcufinder\plugins\mcufinder/ => C:\Users\Hius\.stmcufinder\plugins\mcufinder
2026-09-28 21:41:04,793 [INFO] DbBoardsDocs:110 - Set database path to: C:\Users\Hius\.stmcufinder\plugins\mcufinder//mcu/
2026-09-28 21:41:04,793 [WARN] DbFile:35 - Overriding database path with different value: C:\Users\Hius\.stmcufinder\plugins\mcufinder/ => C:\Users\Hius\.stmcufinder\plugins\mcufinder
2026-09-28 21:41:04,793 [INFO] DbBoardsJson:57 - Set database path to: C:\Users\Hius\.stmcufinder\plugins\mcufinder//mcu/
2026-09-28 21:41:04,793 [WARN] DbFile:35 - Overriding database path with different value: C:\Users\Hius\.stmcufinder\plugins\mcufinder/ => C:\Users\Hius\.stmcufinder\plugins\mcufinder
2026-09-28 21:41:04,793 [WARN] DbFile:35 - Overriding database path with different value: C:\Users\Hius\.stmcufinder\plugins\mcufinder/ => C:\Users\Hius\.stmcufinder\plugins\mcufinder
2026-09-28 21:41:04,793 [INFO] CrossReferenceDbSqlite:196 - Set database path to: C:\Users\Hius\.stmcufinder\plugins\mcufinder//mcu/cs/
2026-09-28 21:41:04,793 [WARN] DbFile:35 - Overriding database path with different value: C:\Users\Hius\.stmcufinder\plugins\mcufinder/ => C:\Users\Hius\.stmcufinder\plugins\mcufinder
2026-09-28 21:41:04,793 [INFO] DbExamplesSqlite:767 - Set database path to: C:\Users\Hius\.stmcufinder\plugins\mcufinder//mcu/
2026-09-28 21:41:04,870 [INFO] MainPanel:214 - HeapMemory: 1073741824
2026-09-28 21:41:04,984 [INFO] DbMcusXml:74 - Set database path to: D:\STM32CubeIDE_1.7.0\STM32CubeIDE\plugins\com.st.stm32cube.common.mx_6.3.0.202107141111\\db\/mcu/
2026-09-28 21:41:04,984 [INFO] DbBoardsPdsc:56 - Set plugin database path to: D:\STM32CubeIDE_1.7.0\STM32CubeIDE\plugins\com.st.stm32cube.common.mx_6.3.0.202107141111\\db\/plugins/boardmanager/
2026-09-28 21:41:04,984 [INFO] DbMcus:258 - Set plugin images path to: D:\STM32CubeIDE_1.7.0\STM32CubeIDE\plugins\com.st.stm32cube.common.mx_6.3.0.202107141111\\db\/plugins/mcufinder/images/
2026-09-28 21:41:04,984 [INFO] DbBoards:264 - Set plugin images path to: D:\STM32CubeIDE_1.7.0\STM32CubeIDE\plugins\com.st.stm32cube.common.mx_6.3.0.202107141111\\db\/plugins/mcufinder/images/
2026-09-28 21:41:04,984 [INFO] DbExamples:333 - Set plugin images path to: D:\STM32CubeIDE_1.7.0\STM32CubeIDE\plugins\com.st.stm32cube.common.mx_6.3.0.202107141111\\db\/plugins/mcufinder/images/
2026-09-28 21:41:04,984 [WARN] DbFile:35 - Overriding database path with different value: C:\Users\Hius\.stmcufinder\plugins\mcufinder/ => C:\Users\Hius\.stmcufinder\plugins\mcufinder
2026-09-28 21:41:04,984 [INFO] DbMcusAds:119 - Set database path to: C:\Users\Hius\.stmcufinder\plugins\mcufinder//mcu/
2026-09-28 21:41:04,984 [WARN] DbFile:35 - Overriding database path with different value: C:\Users\Hius\.stmcufinder\plugins\mcufinder/ => C:\Users\Hius\.stmcufinder\plugins\mcufinder
2026-09-28 21:41:04,984 [INFO] DbMcusDocs:110 - Set database path to: C:\Users\Hius\.stmcufinder\plugins\mcufinder//mcu/
2026-09-28 21:41:04,984 [WARN] DbFile:35 - Overriding database path with different value: C:\Users\Hius\.stmcufinder\plugins\mcufinder/ => C:\Users\Hius\.stmcufinder\plugins\mcufinder
2026-09-28 21:41:04,984 [INFO] DbMcusJson:64 - Set database path to: C:\Users\Hius\.stmcufinder\plugins\mcufinder//mcu/
2026-09-28 21:41:04,984 [WARN] DbFile:35 - Overriding database path with different value: C:\Users\Hius\.stmcufinder\plugins\mcufinder/ => C:\Users\Hius\.stmcufinder\plugins\mcufinder
2026-09-28 21:41:04,984 [INFO] DbBoardsDocs:110 - Set database path to: C:\Users\Hius\.stmcufinder\plugins\mcufinder//mcu/
2026-09-28 21:41:04,984 [WARN] DbFile:35 - Overriding database path with different value: C:\Users\Hius\.stmcufinder\plugins\mcufinder/ => C:\Users\Hius\.stmcufinder\plugins\mcufinder
2026-09-28 21:41:04,984 [INFO] DbBoardsJson:57 - Set database path to: C:\Users\Hius\.stmcufinder\plugins\mcufinder//mcu/
2026-09-28 21:41:04,984 [WARN] DbFile:35 - Overriding database path with different value: C:\Users\Hius\.stmcufinder\plugins\mcufinder/ => C:\Users\Hius\.stmcufinder\plugins\mcufinder
2026-09-28 21:41:04,984 [WARN] DbFile:35 - Overriding database path with different value: C:\Users\Hius\.stmcufinder\plugins\mcufinder/ => C:\Users\Hius\.stmcufinder\plugins\mcufinder
2026-09-28 21:41:04,984 [INFO] CrossReferenceDbSqlite:196 - Set database path to: C:\Users\Hius\.stmcufinder\plugins\mcufinder//mcu/cs/
2026-09-28 21:41:04,984 [WARN] DbFile:35 - Overriding database path with different value: C:\Users\Hius\.stmcufinder\plugins\mcufinder/ => C:\Users\Hius\.stmcufinder\plugins\mcufinder
2026-09-28 21:41:04,984 [INFO] DbExamplesSqlite:767 - Set database path to: C:\Users\Hius\.stmcufinder\plugins\mcufinder//mcu/
2026-09-28 21:41:05,007 [INFO] ApplicationProperties:181 - Using Application install path: D:\STM32CubeIDE_1.7.0\STM32CubeIDE\plugins\com.st.stm32cube.common.mx_6.3.0.202107141111
2026-09-28 21:41:05,009 [INFO] PluginManage:188 - Search for loadable plugins [exclusion list=, ]
2026-09-28 21:41:05,010 [INFO] PluginManage:302 - Check plugin analytics
2026-09-28 21:41:05,190 [INFO] AnalyticsPlugin:257 - Accepted Software Licenses: 
2026-09-28 21:41:05,190 [INFO] AnalyticsPlugin:259 - Accepted CMSIS Pack Licenses: 
2026-09-28 21:41:05,190 [INFO] AnalyticsPlugin:261 - Accepted Firmware Licenses: 
2026-09-28 21:41:05,190 [INFO] PluginManage:352 - Loaded plugin analytics (category:tool,tabindex:-1)
2026-09-28 21:41:05,190 [INFO] PluginManage:302 - Check plugin clock
2026-09-28 21:41:05,213 [INFO] PluginManage:352 - Loaded plugin clock (category:base,tabindex:2)
2026-09-28 21:41:05,213 [INFO] PluginManage:302 - Check plugin ddr
2026-09-28 21:41:05,220 [INFO] PluginManage:352 - Loaded plugin ddr (category:tool,tabindex:6)
2026-09-28 21:41:05,220 [INFO] PluginManage:302 - Check plugin filemanager
2026-09-28 21:41:05,369 [INFO] PluginManage:352 - Loaded plugin filemanager (category:base,tabindex:10)
2026-09-28 21:41:05,369 [INFO] PluginManage:302 - Check plugin ipmanager
2026-09-28 21:41:05,373 [INFO] PluginManage:352 - Loaded plugin ipmanager (category:base,tabindex:5)
2026-09-28 21:41:05,373 [INFO] PluginManage:302 - Check plugin pinoutandconfiguration
2026-09-28 21:41:05,390 [INFO] PluginManage:352 - Loaded plugin pinoutandconfiguration (category:base,tabindex:1)
2026-09-28 21:41:05,400 [INFO] PluginManage:302 - Check plugin pinoutconfig
2026-09-28 21:41:05,440 [INFO] PluginManage:352 - Loaded plugin pinoutconfig (category:base,tabindex:0)
2026-09-28 21:41:05,447 [INFO] PluginManage:302 - Check plugin power
2026-09-28 21:41:05,470 [INFO] PluginManage:352 - Loaded plugin power (category:power,tabindex:4)
2026-09-28 21:41:05,470 [INFO] PluginManage:302 - Check plugin projectmanager
2026-09-28 21:41:05,490 [INFO] PluginManage:352 - Loaded plugin projectmanager (category:projectmanager,tabindex:3)
2026-09-28 21:41:05,490 [INFO] PluginManage:302 - Check plugin thirdparty
2026-09-28 21:41:05,829 [INFO] PluginManage:352 - Loaded plugin thirdparty (category:base,tabindex:-1)
2026-09-28 21:41:05,829 [INFO] PluginManage:302 - Check plugin tools
2026-09-28 21:41:05,829 [WARN] IntegrityCheckThread:78 - waiting for thirdparty lock release [integrity check]
2026-09-28 21:41:05,829 [INFO] IntegrityCheckThread:80 - entering critical section [integrity check]
2026-09-28 21:41:05,830 [INFO] ThirdPartyUpdaterWithRetryManager:66 - Updater plugin not ready yet. [1/15]
2026-09-28 21:41:05,930 [INFO] PluginManage:352 - Loaded plugin tools (category:base,tabindex:7)
2026-09-28 21:41:05,930 [INFO] PluginManage:302 - Check plugin tutovideos
2026-09-28 21:41:06,192 [INFO] PluginManage:352 - Loaded plugin tutovideos (category:base,tabindex:-1)
2026-09-28 21:41:06,192 [INFO] PluginManage:302 - Check plugin updater
2026-09-28 21:41:06,203 [INFO] PluginManage:352 - Loaded plugin updater (category:base,tabindex:12)
2026-09-28 21:41:06,203 [INFO] PluginManage:275 - PluginManage : Loaded plugins [13]
2026-09-28 21:41:06,402 [INFO] PinOutPanel:1463 - setPackage(No Configuration,No Configuration)
2026-09-28 21:41:06,520 [INFO] IPUIPlugin:74 - create IPUIPlugin
2026-09-28 21:41:06,520 [INFO] PluginManager:213 - loadIPPluginJar : add adc
2026-09-28 21:41:06,586 [INFO] IPUIPlugin:74 - create IPUIPlugin
2026-09-28 21:41:06,586 [INFO] PluginManager:213 - loadIPPluginJar : add aes
2026-09-28 21:41:06,656 [INFO] IPUIPlugin:74 - create IPUIPlugin
2026-09-28 21:41:06,656 [INFO] PluginManager:213 - loadIPPluginJar : add can
2026-09-28 21:41:06,704 [INFO] IPUIPlugin:74 - create IPUIPlugin
2026-09-28 21:41:06,704 [INFO] PluginManager:213 - loadIPPluginJar : add comp
2026-09-28 21:41:06,758 [INFO] IPUIPlugin:74 - create IPUIPlugin
2026-09-28 21:41:06,758 [INFO] PluginManager:213 - loadIPPluginJar : add cryp
2026-09-28 21:41:06,818 [INFO] IPUIPlugin:74 - create IPUIPlugin
2026-09-28 21:41:06,820 [INFO] PluginManager:213 - loadIPPluginJar : add dfsdm
2026-09-28 21:41:06,830 [INFO] IPUIPlugin:74 - create IPUIPlugin
2026-09-28 21:41:06,830 [INFO] PluginManager:213 - loadIPPluginJar : add dma
2026-09-28 21:41:06,913 [INFO] IPUIPlugin:74 - create IPUIPlugin
2026-09-28 21:41:06,913 [INFO] PluginManager:213 - loadIPPluginJar : add dma3
2026-09-28 21:41:06,960 [INFO] IPUIPlugin:74 - create IPUIPlugin
2026-09-28 21:41:06,960 [INFO] PluginManager:213 - loadIPPluginJar : add fatfs
2026-09-28 21:41:07,042 [INFO] IPUIPlugin:74 - create IPUIPlugin
2026-09-28 21:41:07,042 [INFO] PluginManager:213 - loadIPPluginJar : add fmc
2026-09-28 21:41:07,060 [INFO] IPUIPlugin:74 - create IPUIPlugin
2026-09-28 21:41:07,060 [INFO] PluginManager:213 - loadIPPluginJar : add freertos
2026-09-28 21:41:07,110 [INFO] IPUIPlugin:74 - create IPUIPlugin
2026-09-28 21:41:07,118 [INFO] PluginManager:213 - loadIPPluginJar : add genericplugin
2026-09-28 21:41:07,270 [INFO] IPUIPlugin:74 - create IPUIPlugin
2026-09-28 21:41:07,272 [INFO] PluginManager:213 - loadIPPluginJar : add gfxmmu
2026-09-28 21:41:07,464 [INFO] IPUIPlugin:74 - create IPUIPlugin
2026-09-28 21:41:07,466 [INFO] PluginManager:213 - loadIPPluginJar : add gic
2026-09-28 21:41:07,482 [INFO] IPUIPlugin:74 - create IPUIPlugin
2026-09-28 21:41:07,482 [INFO] PluginManager:213 - loadIPPluginJar : add gpio
2026-09-28 21:41:07,605 [INFO] IPUIPlugin:74 - create IPUIPlugin
2026-09-28 21:41:07,605 [INFO] PluginManager:213 - loadIPPluginJar : add gtzc
2026-09-28 21:41:07,660 [INFO] IPUIPlugin:74 - create IPUIPlugin
2026-09-28 21:41:07,660 [INFO] PluginManager:213 - loadIPPluginJar : add hash
2026-09-28 21:41:07,752 [INFO] IPUIPlugin:74 - create IPUIPlugin
2026-09-28 21:41:07,752 [INFO] PluginManager:213 - loadIPPluginJar : add i2c
2026-09-28 21:41:07,833 [INFO] IPUIPlugin:74 - create IPUIPlugin
2026-09-28 21:41:07,833 [INFO] PluginManager:213 - loadIPPluginJar : add i2s
2026-09-28 21:41:07,850 [INFO] IPUIPlugin:74 - create IPUIPlugin
2026-09-28 21:41:07,850 [INFO] PluginManager:213 - loadIPPluginJar : add ipddr
2026-09-28 21:41:08,003 [INFO] IPUIPlugin:74 - create IPUIPlugin
2026-09-28 21:41:08,003 [INFO] PluginManager:213 - loadIPPluginJar : add linkedlist
2026-09-28 21:41:08,076 [INFO] IPUIPlugin:74 - create IPUIPlugin
2026-09-28 21:41:08,076 [INFO] PluginManager:213 - loadIPPluginJar : add lorawan
2026-09-28 21:41:08,140 [INFO] IPUIPlugin:74 - create IPUIPlugin
2026-09-28 21:41:08,140 [INFO] PluginManager:213 - loadIPPluginJar : add ltdc
2026-09-28 21:41:08,166 [INFO] IPUIPlugin:74 - create IPUIPlugin
2026-09-28 21:41:08,166 [INFO] PluginManager:213 - loadIPPluginJar : add mdma
2026-09-28 21:41:08,184 [INFO] IPUIPlugin:74 - create IPUIPlugin
2026-09-28 21:41:08,184 [INFO] PluginManager:213 - loadIPPluginJar : add nvic
2026-09-28 21:41:08,250 [INFO] IPUIPlugin:74 - create IPUIPlugin
2026-09-28 21:41:08,250 [INFO] PluginManager:213 - loadIPPluginJar : add opamp
2026-09-28 21:41:08,362 [INFO] IPUIPlugin:74 - create IPUIPlugin
2026-09-28 21:41:08,362 [INFO] PluginManager:213 - loadIPPluginJar : add openamp
2026-09-28 21:41:08,440 [INFO] IPUIPlugin:74 - create IPUIPlugin
2026-09-28 21:41:08,442 [INFO] PluginManager:213 - loadIPPluginJar : add pdm2pcm
2026-09-28 21:41:08,460 [INFO] IPUIPlugin:74 - create IPUIPlugin
2026-09-28 21:41:08,464 [INFO] PluginManager:213 - loadIPPluginJar : add plateformsettings
2026-09-28 21:41:08,513 [INFO] IPUIPlugin:74 - create IPUIPlugin
2026-09-28 21:41:08,513 [INFO] PluginManager:213 - loadIPPluginJar : add quadspi
2026-09-28 21:41:08,532 [INFO] IPUIPlugin:74 - create IPUIPlugin
2026-09-28 21:41:08,532 [INFO] PluginManager:213 - loadIPPluginJar : add resmgrutility
2026-09-28 21:41:08,620 [INFO] IPUIPlugin:74 - create IPUIPlugin
2026-09-28 21:41:08,631 [INFO] PluginManager:213 - loadIPPluginJar : add sai
2026-09-28 21:41:08,694 [INFO] IPUIPlugin:74 - create IPUIPlugin
2026-09-28 21:41:08,694 [INFO] PluginManager:213 - loadIPPluginJar : add spi
2026-09-28 21:41:08,780 [INFO] IPUIPlugin:74 - create IPUIPlugin
2026-09-28 21:41:08,780 [INFO] PluginManager:213 - loadIPPluginJar : add stm32_wpan
2026-09-28 21:41:08,838 [INFO] IPUIPlugin:74 - create IPUIPlugin
2026-09-28 21:41:08,838 [INFO] PluginManager:213 - loadIPPluginJar : add tim
2026-09-28 21:41:08,842 [INFO] ThirdPartyUpdaterWithRetryManager:66 - Updater plugin not ready yet. [2/15]
2026-09-28 21:41:08,938 [INFO] IPUIPlugin:74 - create IPUIPlugin
2026-09-28 21:41:08,940 [INFO] PluginManager:213 - loadIPPluginJar : add touchsensing
2026-09-28 21:41:08,987 [INFO] IPUIPlugin:74 - create IPUIPlugin
2026-09-28 21:41:08,987 [INFO] PluginManager:213 - loadIPPluginJar : add tracer_emb
2026-09-28 21:41:09,039 [INFO] IPUIPlugin:74 - create IPUIPlugin
2026-09-28 21:41:09,039 [INFO] PluginManager:213 - loadIPPluginJar : add ts
2026-09-28 21:41:09,111 [INFO] IPUIPlugin:74 - create IPUIPlugin
2026-09-28 21:41:09,111 [INFO] PluginManager:213 - loadIPPluginJar : add tsc
2026-09-28 21:41:09,170 [INFO] IPUIPlugin:74 - create IPUIPlugin
2026-09-28 21:41:09,170 [INFO] PluginManager:213 - loadIPPluginJar : add ucpd
2026-09-28 21:41:09,252 [INFO] IPUIPlugin:74 - create IPUIPlugin
2026-09-28 21:41:09,252 [INFO] PluginManager:213 - loadIPPluginJar : add usart
2026-09-28 21:41:09,320 [INFO] IPUIPlugin:74 - create IPUIPlugin
2026-09-28 21:41:09,320 [INFO] PluginManager:213 - loadIPPluginJar : add usbx
2026-09-28 21:41:09,702 [FATAL] Updater:294 - Updater called before beeing initialized
2026-09-28 21:41:09,850 [FATAL] Updater:294 - Updater called before beeing initialized
2026-09-28 21:41:09,870 [INFO] DbMcusAds:47 - JSON generation date=Tue Sep 22 19:25:16 ICT 2026 (1790079916640)
2026-09-28 21:41:09,870 [FATAL] Updater:294 - Updater called before beeing initialized
2026-09-28 21:41:09,977 [WARN] DetailPanel:314 - Failed to get advertising image, set to default
2026-09-28 21:41:10,113 [FATAL] Updater:294 - Updater called before beeing initialized
2026-09-28 21:41:10,117 [FATAL] Updater:294 - Updater called before beeing initialized
2026-09-28 21:41:10,117 [FATAL] Updater:294 - Updater called before beeing initialized
2026-09-28 21:41:10,117 [WARN] DetailPanel:314 - Failed to get advertising image, set to default
2026-09-28 21:41:10,117 [FATAL] Updater:294 - Updater called before beeing initialized
2026-09-28 21:41:10,190 [ERROR] Updater:1075 - MainUpdater not yet initialized. External WinMGr cannot be set.
2026-09-28 21:41:10,213 [INFO] Updater:1012 - Updater Version found : 6.3.0
2026-09-28 21:41:10,240 [INFO] ApplicationProperties:181 - Using Application install path: D:\STM32CubeIDE_1.7.0\STM32CubeIDE\plugins\com.st.stm32cube.common.mx_6.3.0.202107141111
2026-09-28 21:41:11,852 [INFO] ThirdPartyUpdaterWithRetryManager:66 - Updater plugin not ready yet. [3/15]
2026-09-28 21:41:12,578 [WARN] ServerAccessManage:1053 - Warning during Server Connexion :  timeout Read timed out
2026-09-28 21:41:13,432 [INFO] MainUpdater:2671 - connection check result : 10
2026-09-28 21:41:13,432 [INFO] MainUpdater:265 - Updater Check For Update Now.
2026-09-28 21:41:13,432 [INFO] MicroXplorer:478 - Change Database Version : DB.6.0.30
2026-09-28 21:41:13,675 [INFO] CheckServerUpdateThread:112 - End of CheckServer Thread
2026-09-28 21:41:13,739 [INFO] MainUpdater:2671 - connection check result : 10
2026-09-28 21:41:13,774 [INFO] McuFinderGlobals:52 - Set McuFinderConnectedMode to true
2026-09-28 21:41:14,670 [INFO] ServerAccessManage:362 - Download File mcusAds.json._tmp_
2026-09-28 21:41:14,794 [INFO] LoadUrlFilesThread:145 - End of LoadUrlFiles Thread
2026-09-28 21:41:14,867 [WARN] MainUpdater:1122 - Updater busy. Cannot search thirdparties
2026-09-28 21:41:14,867 [INFO] ThirdPartyUpdaterWithRetryManager:92 - Updater plugin is busy. [1/15]
2026-09-28 21:41:17,872 [WARN] MainUpdater:1122 - Updater busy. Cannot search thirdparties
2026-09-28 21:41:17,872 [INFO] ThirdPartyUpdaterWithRetryManager:92 - Updater plugin is busy. [2/15]
2026-09-28 21:41:20,883 [WARN] MainUpdater:1122 - Updater busy. Cannot search thirdparties
2026-09-28 21:41:20,883 [INFO] ThirdPartyUpdaterWithRetryManager:92 - Updater plugin is busy. [3/15]
2026-09-28 21:41:23,899 [WARN] MainUpdater:1122 - Updater busy. Cannot search thirdparties
2026-09-28 21:41:23,899 [INFO] ThirdPartyUpdaterWithRetryManager:92 - Updater plugin is busy. [4/15]
2026-09-28 21:41:26,901 [WARN] MainUpdater:1122 - Updater busy. Cannot search thirdparties
2026-09-28 21:41:26,901 [INFO] ThirdPartyUpdaterWithRetryManager:92 - Updater plugin is busy. [5/15]
2026-09-28 21:41:29,916 [WARN] MainUpdater:1122 - Updater busy. Cannot search thirdparties
2026-09-28 21:41:29,917 [INFO] ThirdPartyUpdaterWithRetryManager:92 - Updater plugin is busy. [6/15]
2026-09-28 21:41:32,930 [WARN] MainUpdater:1122 - Updater busy. Cannot search thirdparties
2026-09-28 21:41:32,930 [INFO] ThirdPartyUpdaterWithRetryManager:92 - Updater plugin is busy. [7/15]
2026-09-28 21:41:35,931 [WARN] MainUpdater:1122 - Updater busy. Cannot search thirdparties
2026-09-28 21:41:35,938 [INFO] ThirdPartyUpdaterWithRetryManager:92 - Updater plugin is busy. [8/15]
2026-09-28 21:41:36,515 [ERROR] ServerAccessManage:1016 - HTTP unexpected response (522) for https://stmcufinder.com/API/getFiles.php?
2026-09-28 21:41:36,515 [ERROR] ServerAccessManage:531 - Error during Access to HTTP Server. : mcusDocs.json._tmp_.
2026-09-28 21:41:38,060 [INFO] LoadUrlFilesThread:145 - End of LoadUrlFiles Thread
2026-09-28 21:41:38,989 [INFO] DbMcusAds:47 - JSON generation date=Tue Sep 22 19:25:16 ICT 2026 (1790079916640)
2026-09-28 21:41:39,042 [INFO] DbMcusDocs:143 - JSON generation date=Mon Jun 07 15:53:21 ICT 2021 (1623056001)
2026-09-28 21:41:39,042 [INFO] DbMcusXml:100 - Load MCU database from D:\STM32CubeIDE_1.7.0\STM32CubeIDE\plugins\com.st.stm32cube.common.mx_6.3.0.202107141111\\db\/mcu/families.xml
2026-09-28 21:41:39,388 [WARN] PackLoader:238 - Cannot read IP mode file for STMicroelectronics.X-CUBE-AZRTOS-H7.3.5.0
2026-09-28 21:41:39,433 [WARN] PackLoader:238 - Cannot read IP mode file for STMicroelectronics.FP-ATR-ASTRA1.2.0.3
2026-09-28 21:41:39,453 [ERROR] Engine:463 - C:\Users\Hius\.stm32cubemx\thirdparties\pdsc\STMicroelectronics.X-CUBE-SMBUS.2.1.1.pdsc: PDSC version is not supported
2026-09-28 21:41:39,490 [WARN] PackLoader:238 - Cannot read IP mode file for STMicroelectronics.X-CUBE-AZRTOS-F7.1.1.0
2026-09-28 21:41:39,530 [ERROR] Engine:463 - C:\Users\Hius\.stm32cubemx\thirdparties\pdsc\STMicroelectronics.X-CUBE-FREERTOS.1.6.0.pdsc: PDSC version is not supported
2026-09-28 21:41:39,565 [ERROR] Engine:463 - C:\Users\Hius\.stm32cubemx\thirdparties\pdsc\STMicroelectronics.FP-SNS-MOTENV1.5.1.0.pdsc: PDSC version is not supported
2026-09-28 21:41:39,611 [WARN] PackLoader:238 - Cannot read IP mode file for STMicroelectronics.X-CUBE-AZRTOS-H7RS.1.3.0
2026-09-28 21:41:39,632 [ERROR] Engine:463 - C:\Users\Hius\.stm32cubemx\thirdparties\pdsc\WES.I-CUBE-Cesium.1.4.0.pdsc: PDSC version is not supported
2026-09-28 21:41:39,660 [ERROR] Engine:463 - C:\Users\Hius\.stm32cubemx\thirdparties\pdsc\STMicroelectronics.X-CUBE-DISPLAY.3.0.0.pdsc: PDSC version is not supported
2026-09-28 21:41:39,684 [WARN] PackLoader:238 - Cannot read IP mode file for STMicroelectronics.X-CUBE-GNSS1.7.1.1
2026-09-28 21:41:39,710 [ERROR] Engine:463 - C:\Users\Hius\.stm32cubemx\thirdparties\pdsc\STMicroelectronics.FP-SNS-MOTENVWB1.1.5.0.pdsc: PDSC version is not supported
2026-09-28 21:41:39,733 [WARN] PackLoader:238 - Cannot read IP mode file for STMicroelectronics.X-CUBE-NFC10.1.0.0
2026-09-28 21:41:39,760 [ERROR] Engine:463 - C:\Users\Hius\.stm32cubemx\thirdparties\pdsc\STMicroelectronics.X-CUBE-ST60.1.1.0.pdsc: PDSC version is not supported
2026-09-28 21:41:39,784 [ERROR] Engine:463 - C:\Users\Hius\.stm32cubemx\thirdparties\pdsc\emotas.I-CUBE-CANOPEN.1.3.0.pdsc: PDSC version is not supported
2026-09-28 21:41:39,810 [WARN] PackLoader:238 - Cannot read IP mode file for wolfSSL.I-CUBE-wolfSSL.5.9.2
2026-09-28 21:41:39,832 [ERROR] Engine:463 - C:\Users\Hius\.stm32cubemx\thirdparties\pdsc\STMicroelectronics.X-CUBE-WBA.1.1.0.pdsc: PDSC version is not supported
2026-09-28 21:41:39,854 [ERROR] Engine:463 - C:\Users\Hius\.stm32cubemx\thirdparties\pdsc\STMicroelectronics.FP-SNS-STBOX1.2.1.0.pdsc: PDSC version is not supported
2026-09-28 21:41:39,870 [ERROR] Engine:463 - C:\Users\Hius\.stm32cubemx\thirdparties\pdsc\STMicroelectronics.FP-SNS-SMARTAG2.1.2.0.pdsc: PDSC version is not supported
2026-09-28 21:41:39,890 [ERROR] Engine:463 - C:\Users\Hius\.stm32cubemx\thirdparties\pdsc\STMicroelectronics.FP-SNS-FLIGHT1.5.1.0.pdsc: PDSC version is not supported
2026-09-28 21:41:39,930 [INFO] LogOutputStream:76 - [STDOUT_REDIRECT] 1 : Invalid condition id : UX_CORESTACK_Condition cause : null
2026-09-28 21:41:39,931 [INFO] LogOutputStream:76 - [STDOUT_REDIRECT] 1 : Invalid condition id : UX_CORESTACK_Condition cause : null
2026-09-28 21:41:39,933 [INFO] LogOutputStream:76 - [STDOUT_REDIRECT] 1 : Invalid condition id : UX_CORESTACK_Condition cause : null
2026-09-28 21:41:39,933 [INFO] LogOutputStream:76 - [STDOUT_REDIRECT] 1 : Invalid condition id : UX_CORESTACK_Condition cause : null
2026-09-28 21:41:39,933 [INFO] LogOutputStream:76 - [STDOUT_REDIRECT] 1 : Invalid condition id : UX_CORESTACK_Condition cause : null
2026-09-28 21:41:39,953 [WARN] PackLoader:238 - Cannot read IP mode file for STMicroelectronics.X-CUBE-AZRTOS-WL.2.0.0
2026-09-28 21:41:39,975 [WARN] PackLoader:238 - Cannot read IP mode file for STMicroelectronics.X-CUBE-BLE2.3.3.0
2026-09-28 21:41:39,992 [ERROR] Engine:463 - C:\Users\Hius\.stm32cubemx\thirdparties\pdsc\Avnet-IOTCONNECT.X-CUBE-iotc-st67-sdk.1.0.0.pdsc: PDSC version is not supported
2026-09-28 21:41:40,016 [ERROR] Engine:463 - C:\Users\Hius\.stm32cubemx\thirdparties\pdsc\Infineon.AIROC-Wi-Fi-Bluetooth-STM32.1.8.0.pdsc: PDSC version is not supported
2026-09-28 21:41:40,040 [WARN] PackLoader:238 - Cannot read IP mode file for STMicroelectronics.X-CUBE-NFC9.1.0.0
2026-09-28 21:41:40,360 [WARN] PackLoader:238 - Cannot read IP mode file for STMicroelectronics.X-CUBE-BLE1.7.1.0
2026-09-28 21:41:40,381 [WARN] PackLoader:238 - Cannot read IP mode file for wolfSSL.I-CUBE-wolfMQTT.1.19.2
2026-09-28 21:41:40,407 [WARN] PackLoader:238 - Cannot read IP mode file for STMicroelectronics.X-CUBE-EEPRMA1.5.2.0
2026-09-28 21:41:40,433 [INFO] DbMcusJson:93 - JSON generation date=Mon Jun 07 15:53:21 ICT 2021 (1623056001)
2026-09-28 21:41:40,454 [WARN] PackLoader:238 - Cannot read IP mode file for STMicroelectronics.X-CUBE-AZRTOS-G0.1.1.0
2026-09-28 21:41:40,480 [WARN] PackLoader:238 - Cannot read IP mode file for STMicroelectronics.X-CUBE-NFC4.3.0.0
2026-09-28 21:41:40,500 [ERROR] Engine:463 - C:\Users\Hius\.stm32cubemx\thirdparties\pdsc\EmbeddedOffice.I-CUBE-FS-RTOS.1.0.1.pdsc: PDSC version is not supported
2026-09-28 21:41:40,524 [WARN] PackLoader:238 - Cannot read IP mode file for wolfSSL.I-CUBE-wolfTPM.3.8.0
2026-09-28 21:41:40,543 [ERROR] Engine:463 - C:\Users\Hius\.stm32cubemx\thirdparties\pdsc\STMicroelectronics.X-CUBE-TCPP.4.2.0.pdsc: PDSC version is not supported
2026-09-28 21:41:40,560 [ERROR] Engine:463 - C:\Users\Hius\.stm32cubemx\thirdparties\pdsc\RealThread.X-CUBE-RT-Thread_Nano.4.1.1.pdsc: PDSC version is not supported
2026-09-28 21:41:40,584 [WARN] PackLoader:238 - Cannot read IP mode file for STMicroelectronics.FP-ATR-SIGFOX1.3.2.0
2026-09-28 21:41:40,601 [ERROR] Engine:463 - C:\Users\Hius\.stm32cubemx\thirdparties\pdsc\ITTIA_DB.I-CUBE-ITTIADB.8.9.0.pdsc: PDSC version is not supported
2026-09-28 21:41:40,614 [ERROR] Engine:463 - C:\Users\Hius\.stm32cubemx\thirdparties\pdsc\Cesanta.I-CUBE-Mongoose.7.21.7.pdsc: PDSC version is not supported
2026-09-28 21:41:40,639 [WARN] PackLoader:238 - Cannot read IP mode file for STMicroelectronics.X-CUBE-NFC6.3.2.0
2026-09-28 21:41:40,666 [WARN] PackLoader:238 - Cannot read IP mode file for STMicroelectronics.X-CUBE-AI.10.2.1
2026-09-28 21:41:40,740 [WARN] PackLoader:238 - Cannot read IP mode file for SEGGER.I-CUBE-embOS.1.3.1
2026-09-28 21:41:40,830 [ERROR] Engine:463 - C:\Users\Hius\.stm32cubemx\thirdparties\pdsc\STMicroelectronics.FP-SNS-STAIOTCFT.2.0.0.pdsc: PDSC version is not supported
2026-09-28 21:41:40,855 [WARN] PackLoader:238 - Cannot read IP mode file for STMicroelectronics.X-CUBE-NFC13.1.0.0
2026-09-28 21:41:40,878 [WARN] PackLoader:238 - Cannot read IP mode file for STMicroelectronics.X-CUBE-PM33A1.1.0.0
2026-09-28 21:41:40,933 [WARN] PackLoader:238 - Cannot read IP mode file for STMicroelectronics.X-CUBE-AZRTOS-F4.1.1.0
2026-09-28 21:41:40,950 [WARN] PackLoader:238 - Cannot read IP mode file for STMicroelectronics.X-CUBE-ISPU.2.1.0
2026-09-28 21:41:40,970 [ERROR] Engine:463 - C:\Users\Hius\.stm32cubemx\thirdparties\pdsc\STMicroelectronics.X-CUBE-IPS.3.2.0.pdsc: PDSC version is not supported
2026-09-28 21:41:40,990 [ERROR] Engine:463 - C:\Users\Hius\.stm32cubemx\thirdparties\pdsc\STMicroelectronics.eDS-WB_DPC_TT-BIDIR.2.1.1.pdsc: PDSC version is not supported
2026-09-28 21:41:41,015 [WARN] PackLoader:238 - Cannot read IP mode file for STMicroelectronics.X-CUBE-NFC12.1.0.0
2026-09-28 21:41:41,073 [WARN] PackLoader:238 - Cannot read IP mode file for STMicroelectronics.X-CUBE-AZRTOS-L5.2.0.0
2026-09-28 21:41:41,100 [WARN] PackLoader:238 - Cannot read IP mode file for STMicroelectronics.X-CUBE-ALGOBUILD.1.5.0
2026-09-28 21:41:41,119 [ERROR] Engine:463 - C:\Users\Hius\.stm32cubemx\thirdparties\pdsc\STMicroelectronics.eDS-WB_DPC_VIENNA.1.2.0.pdsc: PDSC version is not supported
2026-09-28 21:41:41,198 [WARN] PackLoader:238 - Cannot read IP mode file for STMicroelectronics.X-CUBE-MEMS1.13.0.0
2026-09-28 21:41:41,310 [INFO] DbMcus:175 - Found 1951 MCUs (1903 are supported by CubeMX, 1903 are visible in CubeMX)
2026-09-28 21:41:41,315 [INFO] ApiDb:251 - Load user favorites file C:\Users\Hius/.stm32cubeide/favorites.mcus.txt: 0 item(s)
2026-09-28 21:41:41,315 [INFO] ApiDb:255 - User favorites MCUs=[]
2026-09-28 21:41:41,315 [INFO] DbMcus:187 - Set 0 / 0 favorites MCUs
2026-09-28 21:41:41,373 [ERROR] Engine:463 - C:\Users\Hius\.stm32cubemx\thirdparties\pdsc\STMicroelectronics.eDS-WB_DPC_3PH2L-BIDIR.1.1.1.pdsc: PDSC version is not supported
2026-09-28 21:41:41,401 [ERROR] Engine:463 - C:\Users\Hius\.stm32cubemx\thirdparties\pdsc\STMicroelectronics.X-CUBE-ST67W61.1.3.0.pdsc: PDSC version is not supported
2026-09-28 21:41:41,423 [WARN] PackLoader:238 - Cannot read IP mode file for STMicroelectronics.X-CUBE-TOUCHGFX.4.26.1
2026-09-28 21:41:41,439 [ERROR] Engine:463 - C:\Users\Hius\.stm32cubemx\thirdparties\pdsc\STMicroelectronics.X-CUBE-DPower.1.3.0.pdsc: PDSC version is not supported
2026-09-28 21:41:41,489 [WARN] ConditionMgr:437 - getConditionDescription Invalid condition id : LAN8742 Phy interface Condition cause : null
2026-09-28 21:41:41,495 [WARN] PackLoader:238 - Cannot read IP mode file for STMicroelectronics.X-CUBE-AZRTOS-L4.2.0.0
2026-09-28 21:41:41,497 [WARN] ConditionMgr:1038 - genDependencies : Invalid condition id : LAN8742 Phy interface Condition cause : null
2026-09-28 21:41:41,497 [WARN] ConditionMgr:1038 - genDependencies : Invalid condition id : LAN8742 Phy interface Condition cause : null
2026-09-28 21:41:41,498 [WARN] ConditionMgr:1038 - genDependencies : Invalid condition id : LAN8742 Phy interface Condition cause : null
2026-09-28 21:41:41,518 [WARN] PackLoader:238 - Cannot read IP mode file for STMicroelectronics.X-CUBE-SFXS2LP1.4.0.0
2026-09-28 21:41:41,535 [WARN] PackLoader:238 - Cannot read IP mode file for STMicroelectronics.X-CUBE-WB05N.2.1.0
2026-09-28 21:41:41,580 [WARN] ConditionMgr:437 - getConditionDescription Invalid condition id : UX DEVICE CLASS RTOS Condition cause : null
2026-09-28 21:41:41,580 [WARN] ConditionMgr:437 - getConditionDescription Invalid condition id : UX DEVICE CLASS RTOS Condition cause : null
2026-09-28 21:41:41,583 [WARN] PackLoader:238 - Cannot read IP mode file for STMicroelectronics.X-CUBE-AZRTOS-WB.2.0.0
2026-09-28 21:41:41,584 [WARN] ConditionMgr:1038 - genDependencies : Invalid condition id : UX DEVICE CLASS RTOS Condition cause : null
2026-09-28 21:41:41,584 [WARN] ConditionMgr:1038 - genDependencies : Invalid condition id : UX DEVICE CLASS RTOS Condition cause : null
2026-09-28 21:41:41,586 [WARN] ConditionMgr:1038 - genDependencies : Invalid condition id : UX DEVICE CLASS RTOS Condition cause : null
2026-09-28 21:41:41,586 [WARN] ConditionMgr:1038 - genDependencies : Invalid condition id : UX DEVICE CLASS RTOS Condition cause : null
2026-09-28 21:41:41,586 [WARN] ConditionMgr:1038 - genDependencies : Invalid condition id : UX DEVICE CLASS RTOS Condition cause : null
2026-09-28 21:41:41,601 [ERROR] Engine:463 - C:\Users\Hius\.stm32cubemx\thirdparties\pdsc\quantropi.X-CUBE-qispace-sdk-base.2.1.0.pdsc: PDSC version is not supported
2026-09-28 21:41:41,628 [WARN] PackLoader:238 - Cannot read IP mode file for STMicroelectronics.X-CUBE-STSE01.2.0.0
2026-09-28 21:41:41,675 [WARN] PackLoader:238 - Cannot read IP mode file for STMicroelectronics.X-CUBE-SUBG2.5.0.0
2026-09-28 21:41:41,725 [WARN] PackLoader:238 - Cannot read IP mode file for STMicroelectronics.X-CUBE-AZRTOS-G4.2.0.0
2026-09-28 21:41:41,744 [WARN] PackLoader:238 - Cannot read IP mode file for wolfSSL.I-CUBE-wolfSSH.1.4.20
2026-09-28 21:41:41,769 [WARN] PackLoader:238 - Cannot read IP mode file for STMicroelectronics.X-CUBE-NFC7.2.0.0
2026-09-28 21:41:41,788 [ERROR] Engine:463 - C:\Users\Hius\.stm32cubemx\thirdparties\pdsc\STMicroelectronics.X-CUBE-BLEMGR.4.2.0.pdsc: PDSC version is not supported
2026-09-28 21:41:41,807 [ERROR] Engine:463 - C:\Users\Hius\.stm32cubemx\thirdparties\pdsc\STMicroelectronics.X-CUBE-ALS.1.0.2.pdsc: PDSC version is not supported
2026-09-28 21:41:41,825 [ERROR] Engine:463 - C:\Users\Hius\.stm32cubemx\thirdparties\pdsc\STMicroelectronics.X-CUBE-TOF1.3.4.3.pdsc: PDSC version is not supported
2026-09-28 21:41:41,825 [INFO] ThirdParty:915 - Integrity check success = true
2026-09-28 21:41:41,825 [INFO] IntegrityCheckThread:94 - exiting critical section [integrity check]
2026-09-28 21:41:41,825 [INFO] IntegrityCheckThread:97 - End integrity checks thread
2026-09-28 21:41:41,830 [INFO] DbMcusDocs:79 - Found 669 MCUs documents
2026-09-28 21:41:41,831 [INFO] ApiDb:276 - Save user favorites file C:\Users\Hius/.stm32cubeide/favorites.mcus.txt: 0 item(s)
2026-09-28 21:41:41,832 [INFO] ApiDb:280 - User favorites MCUs=[]
2026-09-28 21:41:41,832 [INFO] DbMcusXml:100 - Load MCU database from D:\STM32CubeIDE_1.7.0\STM32CubeIDE\plugins\com.st.stm32cube.common.mx_6.3.0.202107141111\\db\/mcu/families.xml
2026-09-28 21:41:42,996 [INFO] DbMcusJson:93 - JSON generation date=Mon Jun 07 15:53:21 ICT 2021 (1623056001)
2026-09-28 21:41:43,687 [INFO] DbMcus:175 - Found 1951 MCUs (1903 are supported by CubeMX, 1903 are visible in CubeMX)
2026-09-28 21:41:43,688 [INFO] ApiDb:251 - Load user favorites file C:\Users\Hius/.stm32cubeide/favorites.mcus.txt: 0 item(s)
2026-09-28 21:41:43,688 [INFO] ApiDb:255 - User favorites MCUs=[]
2026-09-28 21:41:43,688 [INFO] DbMcus:187 - Set 0 / 0 favorites MCUs
2026-09-28 21:41:43,734 [INFO] DbBoardsDocs:143 - JSON generation date=Tue Jun 01 12:52:40 ICT 2021 (1622526760)
2026-09-28 21:41:43,765 [INFO] DbBoardsPdsc:90 - Found 25 items
2026-09-28 21:41:43,789 [INFO] DbBoardsPdsc:90 - Found 9 items
2026-09-28 21:41:43,840 [INFO] DbBoardsPdsc:90 - Found 33 items
2026-09-28 21:41:43,865 [INFO] DbBoardsPdsc:90 - Found 1 items
2026-09-28 21:41:43,887 [INFO] DbBoardsPdsc:90 - Found 48 items
2026-09-28 21:41:43,917 [INFO] DbBoardsPdsc:90 - Found 43 items
2026-09-28 21:41:43,940 [INFO] DbBoardsPdsc:90 - Found 2 items
2026-09-28 21:41:43,964 [INFO] DbBoardsPdsc:90 - Found 5 items
2026-09-28 21:41:43,970 [WARN] DbBoardsPdsc:254 - Board STM32H7B3I-DK: unknown feature type=Audio, name=, username=Audio stereo codec with Headphone Amp (CS42L51-CNZ), n=1
2026-09-28 21:41:43,970 [WARN] DbBoardsPdsc:254 - Board STM32H735G-DK: unknown feature type=Audio, name=, username=Audio stereo codec with Headphone Amp (WM8994ECS/R), n=1
2026-09-28 21:41:43,975 [WARN] DbBoardsPdsc:254 - Board STM32H7B3I-EVAL: unknown feature type=Audio, name=, username=Multi-Channel Audio Codec (CS42L51-CNZ), n=1
2026-09-28 21:41:43,975 [WARN] DbBoardsPdsc:254 - Board STM32H7B3I-EVAL: unknown feature type=Meter, name=, username=Power-metering and Temperature-monitoring with sigma-delta modulators, n=1
2026-09-28 21:41:43,975 [WARN] DbBoardsPdsc:254 - Board STM32H7B3I-EVAL: unknown feature type=Motor, name=, username=Motor Control, n=1
2026-09-28 21:41:43,975 [WARN] DbBoardsPdsc:254 - Board STM32U575I-EV: unknown feature type=joystick, name=, username=4-direction joystick with selection button, n=1
2026-09-28 21:41:44,009 [INFO] DbBoardsJson:86 - JSON generation date=Tue Jun 01 12:52:40 ICT 2021 (1622526760)
2026-09-28 21:41:44,015 [INFO] DbBoards:117 - Found 166 boards (163 are supported by CubeMX)
2026-09-28 21:41:44,032 [INFO] DbBoardsDocs:143 - JSON generation date=Tue Jun 01 12:52:40 ICT 2021 (1622526760)
2026-09-28 21:41:44,062 [INFO] DbBoardsDocs:79 - Found 193 boards documents
2026-09-28 21:41:44,062 [WARN] DbBoards:127 - board B-L462E-CELL1 has no document id list !
2026-09-28 21:41:44,062 [WARN] DbBoards:127 - board B-L475E-IOT01A2 has no document id list !
2026-09-28 21:41:44,062 [WARN] DbBoards:127 - board B-U585I-IOT02A has no document id list !
2026-09-28 21:41:44,062 [WARN] DbBoards:127 - board NUCLEO-G0B1RE has no document id list !
2026-09-28 21:41:44,062 [WARN] DbBoards:127 - board NUCLEO-H743ZI has no document id list !
2026-09-28 21:41:44,062 [WARN] DbBoards:127 - board NUCLEO-L4A6ZG has no document id list !
2026-09-28 21:41:44,070 [WARN] DbBoards:127 - board NUCLEO-U575ZI-Q has no document id list !
2026-09-28 21:41:44,070 [WARN] DbBoards:127 - board NUCLEO-WB15CC has no document id list !
2026-09-28 21:41:44,070 [WARN] DbBoards:127 - board NUCLEO-WB55RG has no document id list !
2026-09-28 21:41:44,070 [WARN] DbBoards:127 - board NUCLEO-WL55JC2 has no document id list !
2026-09-28 21:41:44,070 [WARN] DbBoards:127 - board P-NUCLEO-WB55-Nucleo has no document id list !
2026-09-28 21:41:44,070 [WARN] DbBoards:127 - board P-NUCLEO-WB55-USBDongle has no document id list !
2026-09-28 21:41:44,070 [WARN] DbBoards:127 - board STEVAL-BFA001V1B has no document id list !
2026-09-28 21:41:44,070 [WARN] DbBoards:127 - board STEVAL-BFA001V2B has no document id list !
2026-09-28 21:41:44,070 [WARN] DbBoards:127 - board STEVAL-IDP005V1 has no document id list !
2026-09-28 21:41:44,070 [WARN] DbBoards:127 - board STEVAL-IDP005V2 has no document id list !
2026-09-28 21:41:44,070 [WARN] DbBoards:127 - board STEVAL-MKSBOX1V1 has no document id list !
2026-09-28 21:41:44,070 [WARN] DbBoards:127 - board STEVAL-STWINKT1 has no document id list !
2026-09-28 21:41:44,070 [WARN] DbBoards:127 - board STEVAL-STWINKT1B has no document id list !
2026-09-28 21:41:44,070 [WARN] DbBoards:127 - board STM32F401C-DISCO has no document id list !
2026-09-28 21:41:44,070 [WARN] DbBoards:127 - board STM32F769I-DISC1 has no document id list !
2026-09-28 21:41:44,070 [WARN] DbBoards:127 - board STM32G0C1E-EV has no document id list !
2026-09-28 21:41:44,070 [WARN] DbBoards:127 - board STM32G474E-EVAL1 has no document id list !
2026-09-28 21:41:44,070 [WARN] DbBoards:127 - board STM32H743I-EVAL2 has no document id list !
2026-09-28 21:41:44,070 [WARN] DbBoards:127 - board STM32H747I-DISC1 has no document id list !
2026-09-28 21:41:44,070 [WARN] DbBoards:127 - board STM32H753I-EVAL2 has no document id list !
2026-09-28 21:41:44,070 [WARN] DbBoards:127 - board STM32L-DISCOVERY has no document id list !
2026-09-28 21:41:44,075 [WARN] DbBoards:127 - board STM32MP157A-DK1 has no document id list !
2026-09-28 21:41:44,075 [WARN] DbBoards:127 - board STM32MP157D-DK1 has no document id list !
2026-09-28 21:41:44,075 [WARN] DbBoards:127 - board STM32MP157D-EV1 has no document id list !
2026-09-28 21:41:44,075 [WARN] DbBoards:127 - board STM32MP157F-DK2 has no document id list !
2026-09-28 21:41:44,075 [WARN] DbBoards:127 - board STM32MP157F-EV1 has no document id list !
2026-09-28 21:41:44,075 [WARN] DbBoards:127 - board STM32U575I-EV has no document id list !
2026-09-28 21:41:44,075 [WARN] DbBoards:127 - board STM32WB5MM-DK has no document id list !
2026-09-28 21:41:47,525 [INFO] ApiDb:251 - Load user favorites file C:\Users\Hius/.stm32cubeide/favorites.boards.txt: 0 item(s)
2026-09-28 21:41:47,525 [INFO] ApiDb:255 - User favorites Boards=[]
2026-09-28 21:41:47,525 [INFO] DbBoards:206 - Set 0 / 0 favorites Boards
2026-09-28 21:41:47,551 [INFO] DbBoardsDocs:79 - Found 386 boards documents
2026-09-28 21:41:47,551 [INFO] ApiDb:276 - Save user favorites file C:\Users\Hius/.stm32cubeide/favorites.boards.txt: 0 item(s)
2026-09-28 21:41:47,551 [INFO] ApiDb:280 - User favorites Boards=[]
2026-09-28 21:41:47,553 [INFO] DbBoardsPdsc:90 - Found 25 items
2026-09-28 21:41:47,553 [INFO] DbBoardsPdsc:90 - Found 9 items
2026-09-28 21:41:47,553 [INFO] DbBoardsPdsc:90 - Found 33 items
2026-09-28 21:41:47,560 [INFO] DbBoardsPdsc:90 - Found 1 items
2026-09-28 21:41:47,567 [INFO] DbBoardsPdsc:90 - Found 48 items
2026-09-28 21:41:47,574 [INFO] DbBoardsPdsc:90 - Found 43 items
2026-09-28 21:41:47,574 [INFO] DbBoardsPdsc:90 - Found 2 items
2026-09-28 21:41:47,574 [INFO] DbBoardsPdsc:90 - Found 5 items
2026-09-28 21:41:47,582 [WARN] DbBoardsPdsc:254 - Board STM32H7B3I-DK: unknown feature type=Audio, name=, username=Audio stereo codec with Headphone Amp (CS42L51-CNZ), n=1
2026-09-28 21:41:47,583 [WARN] DbBoardsPdsc:254 - Board STM32H735G-DK: unknown feature type=Audio, name=, username=Audio stereo codec with Headphone Amp (WM8994ECS/R), n=1
2026-09-28 21:41:47,584 [WARN] DbBoardsPdsc:254 - Board STM32H7B3I-EVAL: unknown feature type=Audio, name=, username=Multi-Channel Audio Codec (CS42L51-CNZ), n=1
2026-09-28 21:41:47,584 [WARN] DbBoardsPdsc:254 - Board STM32H7B3I-EVAL: unknown feature type=Meter, name=, username=Power-metering and Temperature-monitoring with sigma-delta modulators, n=1
2026-09-28 21:41:47,584 [WARN] DbBoardsPdsc:254 - Board STM32H7B3I-EVAL: unknown feature type=Motor, name=, username=Motor Control, n=1
2026-09-28 21:41:47,584 [WARN] DbBoardsPdsc:254 - Board STM32U575I-EV: unknown feature type=joystick, name=, username=4-direction joystick with selection button, n=1
2026-09-28 21:41:47,605 [INFO] DbBoardsJson:86 - JSON generation date=Tue Jun 01 12:52:40 ICT 2021 (1622526760)
2026-09-28 21:41:47,610 [INFO] DbBoards:117 - Found 166 boards (163 are supported by CubeMX)
2026-09-28 21:41:47,610 [WARN] DbBoards:127 - board B-L462E-CELL1 has no document id list !
2026-09-28 21:41:47,610 [WARN] DbBoards:127 - board B-L475E-IOT01A2 has no document id list !
2026-09-28 21:41:47,610 [WARN] DbBoards:127 - board B-U585I-IOT02A has no document id list !
2026-09-28 21:41:47,610 [WARN] DbBoards:127 - board NUCLEO-G0B1RE has no document id list !
2026-09-28 21:41:47,610 [WARN] DbBoards:127 - board NUCLEO-H743ZI has no document id list !
2026-09-28 21:41:47,610 [WARN] DbBoards:127 - board NUCLEO-L4A6ZG has no document id list !
2026-09-28 21:41:47,610 [WARN] DbBoards:127 - board NUCLEO-U575ZI-Q has no document id list !
2026-09-28 21:41:47,610 [WARN] DbBoards:127 - board NUCLEO-WB15CC has no document id list !
2026-09-28 21:41:47,610 [WARN] DbBoards:127 - board NUCLEO-WB55RG has no document id list !
2026-09-28 21:41:47,610 [WARN] DbBoards:127 - board NUCLEO-WL55JC2 has no document id list !
2026-09-28 21:41:47,610 [WARN] DbBoards:127 - board P-NUCLEO-WB55-Nucleo has no document id list !
2026-09-28 21:41:47,610 [WARN] DbBoards:127 - board P-NUCLEO-WB55-USBDongle has no document id list !
2026-09-28 21:41:47,610 [WARN] DbBoards:127 - board STEVAL-BFA001V1B has no document id list !
2026-09-28 21:41:47,610 [WARN] DbBoards:127 - board STEVAL-BFA001V2B has no document id list !
2026-09-28 21:41:47,610 [WARN] DbBoards:127 - board STEVAL-IDP005V1 has no document id list !
2026-09-28 21:41:47,610 [WARN] DbBoards:127 - board STEVAL-IDP005V2 has no document id list !
2026-09-28 21:41:47,610 [WARN] DbBoards:127 - board STEVAL-MKSBOX1V1 has no document id list !
2026-09-28 21:41:47,610 [WARN] DbBoards:127 - board STEVAL-STWINKT1 has no document id list !
2026-09-28 21:41:47,610 [WARN] DbBoards:127 - board STEVAL-STWINKT1B has no document id list !
2026-09-28 21:41:47,610 [WARN] DbBoards:127 - board STM32F401C-DISCO has no document id list !
2026-09-28 21:41:47,610 [WARN] DbBoards:127 - board STM32F769I-DISC1 has no document id list !
2026-09-28 21:41:47,610 [WARN] DbBoards:127 - board STM32G0C1E-EV has no document id list !
2026-09-28 21:41:47,610 [WARN] DbBoards:127 - board STM32G474E-EVAL1 has no document id list !
2026-09-28 21:41:47,610 [WARN] DbBoards:127 - board STM32H743I-EVAL2 has no document id list !
2026-09-28 21:41:47,610 [WARN] DbBoards:127 - board STM32H747I-DISC1 has no document id list !
2026-09-28 21:41:47,610 [WARN] DbBoards:127 - board STM32H753I-EVAL2 has no document id list !
2026-09-28 21:41:47,610 [WARN] DbBoards:127 - board STM32L-DISCOVERY has no document id list !
2026-09-28 21:41:47,610 [WARN] DbBoards:127 - board STM32MP157A-DK1 has no document id list !
2026-09-28 21:41:47,610 [WARN] DbBoards:127 - board STM32MP157D-DK1 has no document id list !
2026-09-28 21:41:47,610 [WARN] DbBoards:127 - board STM32MP157D-EV1 has no document id list !
2026-09-28 21:41:47,610 [WARN] DbBoards:127 - board STM32MP157F-DK2 has no document id list !
2026-09-28 21:41:47,610 [WARN] DbBoards:127 - board STM32MP157F-EV1 has no document id list !
2026-09-28 21:41:47,610 [WARN] DbBoards:127 - board STM32U575I-EV has no document id list !
2026-09-28 21:41:47,610 [WARN] DbBoards:127 - board STM32WB5MM-DK has no document id list !
2026-09-28 21:41:49,054 [INFO] ApiDb:251 - Load user favorites file C:\Users\Hius/.stm32cubeide/favorites.boards.txt: 0 item(s)
2026-09-28 21:41:49,054 [INFO] ApiDb:255 - User favorites Boards=[]
2026-09-28 21:41:49,054 [INFO] DbBoards:206 - Set 0 / 0 favorites Boards
2026-09-28 21:41:49,061 [ERROR] TargetSelectorAdapter:232 - Unable to refresh data
2026-09-28 21:41:49,640 [INFO] McuFinderGlobals:52 - Set McuFinderConnectedMode to false
2026-09-28 21:41:49,854 [INFO] CrossSelectorPresenter:1330 - Cross Selector saved comparison directory: C:\Users\Hius\.stmcufinder\plugins\mcufinder\mcu\cs_comparisons_mx
2026-09-28 21:41:49,864 [INFO] MultiScanPanel:197 - Auto-refresh data requested => check proxy status ongoing
2026-09-28 21:41:49,864 [INFO] MultiScanPanel:201 - Proxy status is invalid
2026-09-28 21:41:49,868 [INFO] FinderPluginLoader:87 - Searching for filters in installed packs
2026-09-28 21:41:50,499 [WARN] DetailPanel:314 - Failed to get advertising image, set to default
2026-09-28 21:42:27,529 [INFO] MainUpdater:2671 - connection check result : 10
2026-09-28 21:42:27,529 [INFO] MainUpdater:2671 - connection check result : 10
2026-09-28 21:42:27,623 [INFO] MicroXplorer:448 - Change Database Path : 
2026-09-28 21:42:27,623 [INFO] MicroXplorer:478 - Change Database Version : DB.6.0.30
2026-09-28 21:42:27,623 [WARN] ThirdParty:813 - waiting for thirdparty lock release [close project]
2026-09-28 21:42:27,623 [INFO] ThirdParty:815 - entering critical section [close project]
2026-09-28 21:42:27,623 [INFO] ThirdParty:825 - exiting critical section [close project]
2026-09-28 21:42:27,630 [INFO] PinOutPanel:1463 - setPackage(No Configuration,No Configuration)
2026-09-28 21:42:27,632 [INFO] UtilMem:74 - Begin LoadConfig() Used Memory: 1026964024 Bytes (1073741824)
2026-09-28 21:42:27,632 [INFO] MicroXplorer:448 - Change Database Path : 
2026-09-28 21:42:27,632 [INFO] MicroXplorer:478 - Change Database Version : DB.6.0.30
2026-09-28 21:42:27,632 [INFO] OpenFileManager:313 - Change cursor
2026-09-28 21:42:28,871 [INFO] Context:592 - Trying to add GPIOservice into a context  which must be forbidden
2026-09-28 21:42:29,195 [INFO] ImportTextPane:167 - (OptionalMessage_ERROR) Unable to find key (Mcu.ThirdPartyNb) in loaded IOC file
2026-09-28 21:42:29,196 [INFO] ImportTextPane:167 - (OptionalMessage_ERROR) Unable to find key (Mcu.PinsNb) in loaded IOC file
2026-09-28 21:42:29,196 [INFO] ImportTextPane:167 - (OptionalMessage_ERROR) Unable to find key (Mcu.IPNb) in loaded IOC file
2026-09-28 21:42:29,265 [WARN] ApiManager:304 - Cannot register API 'Board Extension:PM33A1' from pack STMicroelectronics.X-CUBE-PM33A1.1.0.0: no header file found
2026-09-28 21:42:29,269 [WARN] ApiManager:304 - Cannot register API 'Board Extension:NFC09A1' from pack STMicroelectronics.X-CUBE-NFC9.1.0.0: no header file found
2026-09-28 21:42:29,273 [WARN] ApiManager:304 - Cannot register API 'Wireless:BlueNRG-MS' from pack STMicroelectronics.X-CUBE-BLE1.7.1.0: no header file found
2026-09-28 21:42:29,275 [WARN] ApiManager:304 - Cannot register API 'Board Extension:EEPRMA2' from pack STMicroelectronics.X-CUBE-EEPRMA1.5.2.0: no header file found
2026-09-28 21:42:29,275 [WARN] ApiManager:304 - Cannot register API 'Board Extension:PGEEZ1' from pack STMicroelectronics.X-CUBE-EEPRMA1.5.2.0: no header file found
2026-09-28 21:42:29,276 [WARN] ApiManager:304 - Cannot register API 'Board Extension:EEICA1' from pack STMicroelectronics.X-CUBE-EEPRMA1.5.2.0: no header file found
2026-09-28 21:42:29,276 [WARN] ApiManager:304 - Cannot register API 'Board Part:M24' from pack STMicroelectronics.X-CUBE-EEPRMA1.5.2.0: no header file found
2026-09-28 21:42:29,276 [WARN] ApiManager:304 - Cannot register API 'Board Part:M95' from pack STMicroelectronics.X-CUBE-EEPRMA1.5.2.0: no header file found
2026-09-28 21:42:29,276 [WARN] ApiManager:304 - Cannot register API 'Board Part:M95P32' from pack STMicroelectronics.X-CUBE-EEPRMA1.5.2.0: no header file found
2026-09-28 21:42:29,276 [WARN] ApiManager:304 - Cannot register API 'Board Part:M24256E-F' from pack STMicroelectronics.X-CUBE-EEPRMA1.5.2.0: no header file found
2026-09-28 21:42:29,276 [WARN] ApiManager:304 - Cannot register API 'Board Part:M24M01E-F' from pack STMicroelectronics.X-CUBE-EEPRMA1.5.2.0: no header file found
2026-09-28 21:42:29,276 [WARN] ApiManager:304 - Cannot register API 'PGEEZ1:SPI' from pack STMicroelectronics.X-CUBE-EEPRMA1.5.2.0: no header file found
2026-09-28 21:42:29,276 [WARN] ApiManager:304 - Cannot register API 'PGEEZ1:QDSPI' from pack STMicroelectronics.X-CUBE-EEPRMA1.5.2.0: no header file found
2026-09-28 21:42:29,279 [WARN] ApiManager:304 - Cannot register API 'Board Extension:NFC12A1' from pack STMicroelectronics.X-CUBE-NFC12.1.0.0: no header file found
2026-09-28 21:42:29,291 [WARN] ApiManager:304 - Cannot register API 'Board Extension:SAFEA1' from pack STMicroelectronics.X-CUBE-STSE01.2.0.0: no header file found
2026-09-28 21:42:29,291 [WARN] ApiManager:304 - Cannot register API 'Board Extension:ESE01A1' from pack STMicroelectronics.X-CUBE-STSE01.2.0.0: no header file found
2026-09-28 21:42:29,291 [WARN] ApiManager:304 - Cannot register API 'Board Extension:ESE02A1' from pack STMicroelectronics.X-CUBE-STSE01.2.0.0: no header file found
2026-09-28 21:42:29,292 [WARN] ApiManager:304 - Cannot register API 'Board Part:STSAFEA110' from pack STMicroelectronics.X-CUBE-STSE01.2.0.0: no header file found
2026-09-28 21:42:29,292 [WARN] ApiManager:304 - Cannot register API 'Board Part:STSAFEA120' from pack STMicroelectronics.X-CUBE-STSE01.2.0.0: no header file found
2026-09-28 21:42:29,292 [WARN] ApiManager:304 - Cannot register API 'Board Part:STSAFEL010' from pack STMicroelectronics.X-CUBE-STSE01.2.0.0: no header file found
2026-09-28 21:42:29,292 [WARN] ApiManager:304 - Cannot register API 'Security:STM32_Cryptographic' from pack STMicroelectronics.X-CUBE-STSE01.2.0.0: no header file found
2026-09-28 21:42:29,292 [WARN] ApiManager:304 - Cannot register API 'Security:STSELib' from pack STMicroelectronics.X-CUBE-STSE01.2.0.0: no header file found
2026-09-28 21:42:29,303 [INFO] RtosManager:484 - Registered RTOS mode: class=CMSIS, group=RTOS, mode=CMSIS_V1, owner=FREERTOS
2026-09-28 21:42:29,303 [INFO] RtosManager:484 - Registered RTOS mode: class=CMSIS, group=RTOS2, mode=CMSIS_V2, owner=FREERTOS
2026-09-28 21:42:29,304 [INFO] RtosManager:484 - Registered RTOS mode: class=RTOS, group=Core, mode=CMSIS_V1, owner=FREERTOS
2026-09-28 21:42:29,304 [INFO] RtosManager:484 - Registered RTOS mode: class=RTOS, group=Core, mode=CMSIS_V2, owner=FREERTOS
2026-09-28 21:42:29,304 [WARN] ModelIntegratedComponent:181 - Missing modes for component STMicroelectronics:FreeRTOS:0.0.1:STMicroelectronics:RTOS:FreeRTOS:Core:::10.2.0:
2026-09-28 21:42:29,308 [WARN] ApiManager:304 - Cannot register API 'Board Extension:NFC04A1' from pack STMicroelectronics.X-CUBE-NFC4.3.0.0: no header file found
2026-09-28 21:42:29,314 [WARN] ApiManager:304 - Cannot register API 'Board Extension:S2868A1' from pack STMicroelectronics.X-CUBE-SUBG2.5.0.0: no header file found
2026-09-28 21:42:29,314 [WARN] ApiManager:304 - Cannot register API 'Board Extension:S2868A2' from pack STMicroelectronics.X-CUBE-SUBG2.5.0.0: no header file found
2026-09-28 21:42:29,314 [WARN] ApiManager:304 - Cannot register API 'Board Extension:S2915A1' from pack STMicroelectronics.X-CUBE-SUBG2.5.0.0: no header file found
2026-09-28 21:42:29,524 [WARN] ApiManager:304 - Cannot register API 'Board Extension:IKS02A1' from pack STMicroelectronics.X-CUBE-MEMS1.13.0.0: no header file found
2026-09-28 21:42:29,524 [WARN] ApiManager:304 - Cannot register API 'Board Extension:IKS4A1' from pack STMicroelectronics.X-CUBE-MEMS1.13.0.0: no header file found
2026-09-28 21:42:29,524 [WARN] ApiManager:304 - Cannot register API 'Board Extension:IKS5A1' from pack STMicroelectronics.X-CUBE-MEMS1.13.0.0: no header file found
2026-09-28 21:42:29,540 [WARN] ApiManager:304 - Cannot register API 'Board Extension:NFC07A1' from pack STMicroelectronics.X-CUBE-NFC7.2.0.0: no header file found
2026-09-28 21:42:29,540 [WARN] ApiManager:304 - Cannot register API 'Board Extension:GNSS1A1' from pack STMicroelectronics.X-CUBE-GNSS1.7.1.1: no header file found
2026-09-28 21:42:29,540 [WARN] ApiManager:304 - Cannot register API 'Board Support:Custom' from pack STMicroelectronics.X-CUBE-GNSS1.7.1.1: no header file found
2026-09-28 21:42:29,540 [WARN] ApiManager:304 - Cannot register API 'Data Exchange:lib_gnss' from pack STMicroelectronics.X-CUBE-GNSS1.7.1.1: no header file found
2026-09-28 21:42:29,540 [WARN] ApiManager:304 - Cannot register API 'Board Extension:NFC10A1' from pack STMicroelectronics.X-CUBE-NFC10.1.0.0: no header file found
2026-09-28 21:42:29,549 [WARN] ModelIntegratedComponent:60 - No mode defined for component null
2026-09-28 21:42:29,549 [WARN] ModelIntegratedComponent:60 - No mode defined for component null
2026-09-28 21:42:29,549 [WARN] ModelIntegratedComponent:60 - No mode defined for component null
2026-09-28 21:42:29,549 [WARN] ModelIntegratedComponent:60 - No mode defined for component null
2026-09-28 21:42:29,549 [WARN] ModelIntegratedComponent:60 - No mode defined for component null
2026-09-28 21:42:29,549 [WARN] ModelIntegratedComponent:60 - No mode defined for component null
2026-09-28 21:42:29,549 [WARN] ModelIntegratedComponent:60 - No mode defined for component null
2026-09-28 21:42:29,549 [WARN] ModelIntegratedComponent:60 - No mode defined for component null
2026-09-28 21:42:29,549 [WARN] ModelIntegratedComponent:60 - No mode defined for component null
2026-09-28 21:42:29,549 [WARN] ModelIntegratedComponent:60 - No mode defined for component null
2026-09-28 21:42:29,549 [WARN] ModelIntegratedComponent:60 - No mode defined for component null
2026-09-28 21:42:29,549 [WARN] ModelIntegratedComponent:60 - No mode defined for component null
2026-09-28 21:42:29,549 [WARN] ModelIntegratedComponent:60 - No mode defined for component null
2026-09-28 21:42:29,549 [WARN] ModelIntegratedComponent:60 - No mode defined for component null
2026-09-28 21:42:29,549 [WARN] ModelIntegratedComponent:60 - No mode defined for component null
2026-09-28 21:42:29,549 [WARN] ModelIntegratedComponent:60 - No mode defined for component null
2026-09-28 21:42:29,549 [WARN] ModelIntegratedComponent:60 - No mode defined for component null
2026-09-28 21:42:29,549 [WARN] ModelIntegratedComponent:60 - No mode defined for component null
2026-09-28 21:42:29,549 [WARN] ModelIntegratedComponent:60 - No mode defined for component null
2026-09-28 21:42:29,549 [WARN] ModelIntegratedComponent:60 - No mode defined for component null
2026-09-28 21:42:29,549 [WARN] ModelIntegratedComponent:60 - No mode defined for component null
2026-09-28 21:42:29,549 [WARN] ModelIntegratedComponent:60 - No mode defined for component null
2026-09-28 21:42:29,549 [WARN] ModelIntegratedComponent:60 - No mode defined for component null
2026-09-28 21:42:29,549 [WARN] ModelIntegratedComponent:60 - No mode defined for component null
2026-09-28 21:42:29,549 [WARN] ModelIntegratedComponent:60 - No mode defined for component null
2026-09-28 21:42:29,549 [WARN] ModelIntegratedComponent:60 - No mode defined for component null
2026-09-28 21:42:29,549 [WARN] ModelIntegratedComponent:60 - No mode defined for component null
2026-09-28 21:42:29,549 [WARN] ModelIntegratedComponent:60 - No mode defined for component null
2026-09-28 21:42:29,549 [WARN] ModelIntegratedComponent:60 - No mode defined for component null
2026-09-28 21:42:29,549 [WARN] ModelIntegratedComponent:60 - No mode defined for component null
2026-09-28 21:42:29,549 [WARN] ModelIntegratedComponent:60 - No mode defined for component null
2026-09-28 21:42:29,554 [WARN] ApiManager:304 - Cannot register API 'Board Extension:NFC06A1' from pack STMicroelectronics.X-CUBE-NFC6.3.2.0: no header file found
2026-09-28 21:42:29,554 [WARN] ApiManager:304 - Cannot register API 'Board Extension:NFC08A1' from pack STMicroelectronics.X-CUBE-NFC6.3.2.0: no header file found
2026-09-28 21:42:29,564 [WARN] ApiManager:304 - Cannot register API 'Board Extension:S2868A1' from pack STMicroelectronics.X-CUBE-SFXS2LP1.4.0.0: no header file found
2026-09-28 21:42:29,564 [WARN] ApiManager:304 - Cannot register API 'Board Extension:S2868A2' from pack STMicroelectronics.X-CUBE-SFXS2LP1.4.0.0: no header file found
2026-09-28 21:42:29,564 [WARN] ApiManager:304 - Cannot register API 'Board Extension:S2915A1' from pack STMicroelectronics.X-CUBE-SFXS2LP1.4.0.0: no header file found
2026-09-28 21:42:29,564 [WARN] ApiManager:304 - Cannot register API 'Wireless:BlueNRG-2' from pack STMicroelectronics.X-CUBE-BLE2.3.3.0: no header file found
2026-09-28 21:42:29,569 [WARN] ApiManager:304 - Cannot register API 'Board Extension:NFC13A1' from pack STMicroelectronics.X-CUBE-NFC13.1.0.0: no header file found
2026-09-28 21:42:29,569 [WARN] ApiManager:304 - Cannot register API 'Wireless:STM32WB05N' from pack STMicroelectronics.X-CUBE-WB05N.2.1.0: no header file found
2026-09-28 21:42:32,161 [INFO] UtilMem:74 - End LoadConfig() Used Memory: 993749536 Bytes (1073741824)
2026-09-28 21:42:32,174 [WARN] ThirdParty:779 - waiting for thirdparty lock release [change project]
2026-09-28 21:42:32,174 [INFO] ThirdParty:781 - entering critical section [change project]
2026-09-28 21:42:32,174 [INFO] ThirdParty:967 - CMSIS Pack Vendor :STMicroelectronics X-CUBE-AZRTOS-H7 3.5.0
2026-09-28 21:42:32,174 [INFO] ThirdParty:967 - CMSIS Pack Vendor :STMicroelectronics X-CUBE-PM33A1 1.0.0
2026-09-28 21:42:32,174 [INFO] ThirdParty:967 - CMSIS Pack Vendor :STMicroelectronics X-CUBE-NFC9 1.0.0
2026-09-28 21:42:32,174 [INFO] ThirdParty:967 - CMSIS Pack Vendor :STMicroelectronics USB_HOST 2.0.0
2026-09-28 21:42:32,174 [INFO] ThirdParty:967 - CMSIS Pack Vendor :STMicroelectronics FP-ATR-ASTRA1 2.0.3
2026-09-28 21:42:32,186 [INFO] ThirdParty:967 - CMSIS Pack Vendor :STMicroelectronics X-CUBE-AZRTOS-F4 1.1.0
2026-09-28 21:42:32,186 [INFO] ThirdParty:967 - CMSIS Pack Vendor :STMicroelectronics X-CUBE-BLE1 7.1.0
2026-09-28 21:42:32,186 [INFO] ThirdParty:967 - CMSIS Pack Vendor :wolfSSL I-CUBE-wolfMQTT 1.19.2
2026-09-28 21:42:32,186 [INFO] ThirdParty:967 - CMSIS Pack Vendor :STMicroelectronics USB_DEVICE 3.0.0
2026-09-28 21:42:32,186 [INFO] ThirdParty:967 - CMSIS Pack Vendor :STMicroelectronics X-CUBE-ISPU 2.1.0
2026-09-28 21:42:32,186 [INFO] ThirdParty:967 - CMSIS Pack Vendor :STMicroelectronics X-CUBE-EEPRMA1 5.2.0
2026-09-28 21:42:32,186 [INFO] ThirdParty:967 - CMSIS Pack Vendor :STMicroelectronics X-CUBE-AZRTOS-WB 2.0.0
2026-09-28 21:42:32,186 [INFO] ThirdParty:967 - CMSIS Pack Vendor :STMicroelectronics X-CUBE-NFC12 1.0.0
2026-09-28 21:42:32,186 [INFO] ThirdParty:967 - CMSIS Pack Vendor :STMicroelectronics X-CUBE-AZRTOS-F7 1.1.0
2026-09-28 21:42:32,186 [INFO] ThirdParty:967 - CMSIS Pack Vendor :STMicroelectronics X-CUBE-AZRTOS-L5 2.0.0
2026-09-28 21:42:32,186 [INFO] ThirdParty:967 - CMSIS Pack Vendor :STMicroelectronics USB_DEVICE 2.0.0
2026-09-28 21:42:32,186 [INFO] ThirdParty:967 - CMSIS Pack Vendor :STMicroelectronics X-CUBE-STSE01 2.0.0
2026-09-28 21:42:32,186 [INFO] ThirdParty:967 - CMSIS Pack Vendor :STMicroelectronics X-CUBE-ALGOBUILD 1.5.0
2026-09-28 21:42:32,186 [INFO] ThirdParty:967 - CMSIS Pack Vendor :STMicroelectronics FreeRTOS 0.0.1
2026-09-28 21:42:32,186 [INFO] ThirdParty:967 - CMSIS Pack Vendor :STMicroelectronics X-CUBE-AZRTOS-H7RS 1.3.0
2026-09-28 21:42:32,186 [INFO] ThirdParty:967 - CMSIS Pack Vendor :STMicroelectronics X-CUBE-AZRTOS-G0 1.1.0
2026-09-28 21:42:32,186 [INFO] ThirdParty:967 - CMSIS Pack Vendor :STMicroelectronics X-CUBE-NFC4 3.0.0
2026-09-28 21:42:32,186 [INFO] ThirdParty:967 - CMSIS Pack Vendor :STMicroelectronics X-CUBE-SUBG2 5.0.0
2026-09-28 21:42:32,186 [INFO] ThirdParty:967 - CMSIS Pack Vendor :STMicroelectronics lwIP 2.0.3
2026-09-28 21:42:32,186 [INFO] ThirdParty:967 - CMSIS Pack Vendor :STMicroelectronics X-CUBE-MEMS1 13.0.0
2026-09-28 21:42:32,186 [INFO] ThirdParty:967 - CMSIS Pack Vendor :STMicroelectronics USB_HOST 1.0.0
2026-09-28 21:42:32,186 [INFO] ThirdParty:967 - CMSIS Pack Vendor :STMicroelectronics X-CUBE-AZRTOS-G4 2.0.0
2026-09-28 21:42:32,186 [INFO] ThirdParty:967 - CMSIS Pack Vendor :STMicroelectronics PDM2PCM 3.1.0
2026-09-28 21:42:32,186 [INFO] ThirdParty:967 - CMSIS Pack Vendor :STMicroelectronics PDM2PCM 3.3.0
2026-09-28 21:42:32,186 [INFO] ThirdParty:967 - CMSIS Pack Vendor :wolfSSL I-CUBE-wolfTPM 3.8.0
2026-09-28 21:42:32,186 [INFO] ThirdParty:967 - CMSIS Pack Vendor :wolfSSL I-CUBE-wolfSSH 1.4.20
2026-09-28 21:42:32,186 [INFO] ThirdParty:967 - CMSIS Pack Vendor :STMicroelectronics X-CUBE-NFC7 2.0.0
2026-09-28 21:42:32,186 [INFO] ThirdParty:967 - CMSIS Pack Vendor :STMicroelectronics X-CUBE-GNSS1 7.1.1
2026-09-28 21:42:32,186 [INFO] ThirdParty:967 - CMSIS Pack Vendor :STMicroelectronics FP-ATR-SIGFOX1 3.2.0
2026-09-28 21:42:32,186 [INFO] ThirdParty:967 - CMSIS Pack Vendor :STMicroelectronics X-CUBE-NFC10 1.0.0
2026-09-28 21:42:32,186 [INFO] ThirdParty:967 - CMSIS Pack Vendor :STMicroelectronics HAL Drivers 0.0.0
2026-09-28 21:42:32,186 [INFO] ThirdParty:967 - CMSIS Pack Vendor :STMicroelectronics MBEDTLS 2.16.2
2026-09-28 21:42:32,186 [INFO] ThirdParty:967 - CMSIS Pack Vendor :wolfSSL I-CUBE-wolfSSL 5.9.2
2026-09-28 21:42:32,186 [INFO] ThirdParty:967 - CMSIS Pack Vendor :STMicroelectronics MBEDTLS 2.14.1
2026-09-28 21:42:32,189 [INFO] ThirdParty:967 - CMSIS Pack Vendor :STMicroelectronics X-CUBE-TOUCHGFX 4.26.1
2026-09-28 21:42:32,189 [INFO] ThirdParty:967 - CMSIS Pack Vendor :STMicroelectronics X-CUBE-NFC6 3.2.0
2026-09-28 21:42:32,189 [INFO] ThirdParty:967 - CMSIS Pack Vendor :STMicroelectronics X-CUBE-AI 10.2.1
2026-09-28 21:42:32,189 [INFO] ThirdParty:967 - CMSIS Pack Vendor :STMicroelectronics X-CUBE-AZRTOS-WL 2.0.0
2026-09-28 21:42:32,189 [INFO] ThirdParty:967 - CMSIS Pack Vendor :SEGGER I-CUBE-embOS 1.3.1
2026-09-28 21:42:32,189 [INFO] ThirdParty:967 - CMSIS Pack Vendor :STMicroelectronics USB_DEVICE 1.0.0
2026-09-28 21:42:32,189 [INFO] ThirdParty:967 - CMSIS Pack Vendor :STMicroelectronics X-CUBE-AZRTOS-L4 2.0.0
2026-09-28 21:42:32,189 [INFO] ThirdParty:967 - CMSIS Pack Vendor :STMicroelectronics ThreadX 0.0.2
2026-09-28 21:42:32,189 [INFO] ThirdParty:967 - CMSIS Pack Vendor :STMicroelectronics lwIP 2.1.2
2026-09-28 21:42:32,189 [INFO] ThirdParty:967 - CMSIS Pack Vendor :STMicroelectronics X-CUBE-SFXS2LP1 4.0.0
2026-09-28 21:42:32,189 [INFO] ThirdParty:967 - CMSIS Pack Vendor :STMicroelectronics X-CUBE-BLE2 3.3.0
2026-09-28 21:42:32,189 [INFO] ThirdParty:967 - CMSIS Pack Vendor :STMicroelectronics X-CUBE-NFC13 1.0.0
2026-09-28 21:42:32,189 [INFO] ThirdParty:967 - CMSIS Pack Vendor :STMicroelectronics PDM2PCM 3.2.0
2026-09-28 21:42:32,189 [INFO] ThirdParty:967 - CMSIS Pack Vendor :STMicroelectronics X-CUBE-WB05N 2.1.0
2026-09-28 21:42:32,189 [INFO] ThirdParty:787 - exiting critical section [change project]
2026-09-28 21:42:32,516 [INFO] PinOutPanel:1463 - setPackage(No Configuration,No Configuration)
2026-09-28 21:42:32,516 [INFO] PinOutPanel:1463 - setPackage(STM32F103C6Ux,UFQFPN48)
2026-09-28 21:42:33,009 [INFO] UtilMem:74 - Before build in PCC Used Memory: 1003077856 Bytes (1073741824)
2026-09-28 21:42:33,932 [INFO] UtilMem:74 - After build in PCC Used Memory: 1038419240 Bytes (1073741824)
2026-09-28 21:42:33,964 [INFO] IPUIPlugin:74 - create IPUIPlugin
2026-09-28 21:42:33,965 [INFO] IPUIPlugin:74 - create IPUIPlugin
2026-09-28 21:42:33,965 [INFO] IPUIPlugin:74 - create IPUIPlugin
2026-09-28 21:42:33,965 [INFO] IPUIPlugin:74 - create IPUIPlugin
2026-09-28 21:42:33,965 [INFO] IPUIPlugin:74 - create IPUIPlugin
2026-09-28 21:42:33,965 [INFO] IPUIPlugin:74 - create IPUIPlugin
2026-09-28 21:42:33,966 [INFO] IPUIPlugin:74 - create IPUIPlugin
2026-09-28 21:42:33,966 [INFO] IPUIPlugin:74 - create IPUIPlugin
2026-09-28 21:42:33,966 [INFO] IPUIPlugin:74 - create IPUIPlugin
2026-09-28 21:42:33,966 [INFO] IPUIPlugin:74 - create IPUIPlugin
2026-09-28 21:42:33,966 [INFO] IPUIPlugin:74 - create IPUIPlugin
2026-09-28 21:42:33,966 [INFO] IPUIPlugin:74 - create IPUIPlugin
2026-09-28 21:42:33,966 [INFO] IPUIPlugin:74 - create IPUIPlugin
2026-09-28 21:42:33,966 [INFO] IPUIPlugin:74 - create IPUIPlugin
2026-09-28 21:42:33,966 [INFO] IPUIPlugin:74 - create IPUIPlugin
2026-09-28 21:42:33,966 [INFO] IPUIPlugin:74 - create IPUIPlugin
2026-09-28 21:42:33,966 [INFO] IPUIPlugin:74 - create IPUIPlugin
2026-09-28 21:42:33,966 [INFO] IPUIPlugin:74 - create IPUIPlugin
2026-09-28 21:42:33,966 [INFO] IPUIPlugin:74 - create IPUIPlugin
2026-09-28 21:42:33,969 [INFO] IPUIPlugin:74 - create IPUIPlugin
2026-09-28 21:42:33,969 [INFO] IPUIPlugin:74 - create IPUIPlugin
2026-09-28 21:42:33,969 [INFO] IPUIPlugin:74 - create IPUIPlugin
2026-09-28 21:42:33,969 [INFO] IPUIPlugin:74 - create IPUIPlugin
2026-09-28 21:42:34,109 [INFO] OpenFileManager:333 - Restore cursor
2026-09-28 21:42:34,480 [INFO] UtilMem:74 - End SaveConfig() Used Memory: 1011736688 Bytes (1073741824)
2026-09-28 21:42:34,539 [INFO] UtilMem:74 - End SaveConfig() Used Memory: 1024319600 Bytes (1073741824)
2026-09-28 21:42:35,232 [INFO] BlockDiagram:2740 - set Specific Code input for plugin: NVIC
2026-09-28 21:42:35,232 [INFO] BlockDiagram:2740 - set Specific Code input for plugin: SYS
2026-09-28 21:42:35,232 [INFO] BlockDiagram:2740 - set Specific Code input for plugin: RCC
2026-09-28 21:42:35,233 [INFO] CodeGenerator:663 - code generatio: config db path: D:\STM32CubeIDE_1.7.0\STM32CubeIDE\plugins\com.st.stm32cube.common.mx_6.3.0.202107141111\\db\
2026-09-28 21:42:35,680 [INFO] CodeEngine:239 - oldGeneratedFile, D:\Lab_VXL\Lab 1\Ex1\MXTmpFiles\license.tmp_save
2026-09-28 21:42:36,083 [INFO] CodeEngine:257 - Generated code: D:\Lab_VXL\Lab 1\Ex1\MXTmpFiles\license.tmp
2026-09-28 21:42:36,268 [INFO] CodeEngine:239 - oldGeneratedFile, D:\Lab_VXL\Lab 1\Ex1\Core\Src\stm32f1xx_it.c_save
2026-09-28 21:42:36,439 [INFO] CodeEngine:257 - Generated code: D:\Lab_VXL\Lab 1\Ex1\Core\Src\stm32f1xx_it.c
2026-09-28 21:42:36,449 [INFO] CodeEngine:239 - oldGeneratedFile, D:\Lab_VXL\Lab 1\Ex1\Core\Inc\stm32f1xx_it.h_save
2026-09-28 21:42:36,544 [INFO] CodeEngine:257 - Generated code: D:\Lab_VXL\Lab 1\Ex1\Core\Inc\stm32f1xx_it.h
2026-09-28 21:42:36,571 [INFO] CodeEngine:239 - oldGeneratedFile, D:\Lab_VXL\Lab 1\Ex1\Core\Src\stm32f1xx_hal_msp.c_save
2026-09-28 21:42:36,738 [INFO] CodeEngine:257 - Generated code: D:\Lab_VXL\Lab 1\Ex1\Core\Src\stm32f1xx_hal_msp.c
2026-09-28 21:42:36,752 [INFO] CodeEngine:239 - oldGeneratedFile, D:\Lab_VXL\Lab 1\Ex1\MXTmpFiles\system.tmp_save
2026-09-28 21:42:36,839 [INFO] CodeEngine:257 - Generated code: D:\Lab_VXL\Lab 1\Ex1\MXTmpFiles\system.tmp
2026-09-28 21:42:36,859 [INFO] CodeEngine:239 - oldGeneratedFile, D:\Lab_VXL\Lab 1\Ex1\Core\Inc\stm32f1xx_hal_conf.h_save
2026-09-28 21:42:36,981 [INFO] CodeEngine:257 - Generated code: D:\Lab_VXL\Lab 1\Ex1\Core\Inc\stm32f1xx_hal_conf.h
2026-09-28 21:42:37,056 [INFO] CodeEngine:239 - oldGeneratedFile, D:\Lab_VXL\Lab 1\Ex1\Core\Inc\main.h_save
2026-09-28 21:42:37,177 [INFO] CodeEngine:257 - Generated code: D:\Lab_VXL\Lab 1\Ex1\Core\Inc\main.h
2026-09-28 21:42:37,191 [INFO] CodeEngine:239 - oldGeneratedFile, D:\Lab_VXL\Lab 1\Ex1\Core\Src\main.c_save
2026-09-28 21:42:37,386 [INFO] CodeEngine:257 - Generated code: D:\Lab_VXL\Lab 1\Ex1\Core\Src\main.c
2026-09-28 21:42:38,587 [INFO] ProjectBuilder:2578 - Time for Copy HAL[1] : 101mS.
2026-09-28 21:42:38,592 [INFO] ProjectBuilder:3622 - Project Generator version: 3.14.1
2026-09-28 21:42:39,482 [INFO] ConfigFileManager:1271 - The Die is : DIE412
2026-09-28 21:42:39,513 [INFO] ApiDbMcu:468 - Load IP Config File for FATFS
2026-09-28 21:42:39,559 [INFO] ApiDbMcu:468 - Load IP Config File for FREERTOS
2026-09-28 21:42:39,598 [INFO] ApiDbMcu:468 - Load IP Config File for USB_DEVICE
2026-09-28 21:42:45,809 [INFO] ProjectBuilder:3789 - Time for Generating toolchain IDE Files: 7217mS.
2026-09-28 21:42:45,809 [INFO] ProjectBuilder:2457 - Time for Copy CMSIS : 0mS.
2026-09-28 21:42:45,809 [INFO] ProjectBuilder:2457 - Time for Copy CMSIS : 0mS.
2026-09-28 21:42:46,928 [INFO] McuFinderGlobals:52 - Set McuFinderConnectedMode to true
2026-09-28 21:42:46,931 [INFO] ApiDb:276 - Save user favorites file C:\Users\Hius/.stm32cubeide/favorites.mcus.txt: 0 item(s)
2026-09-28 21:42:46,931 [INFO] ApiDb:280 - User favorites MCUs=[]
2026-09-28 21:45:32,213 [INFO] UtilMem:74 - End SaveConfig() Used Memory: 997768816 Bytes (1073741824)
2026-09-28 21:45:32,292 [INFO] UtilMem:74 - End SaveConfig() Used Memory: 1010613680 Bytes (1073741824)
2026-09-28 21:45:33,556 [INFO] UtilMem:74 - End SaveConfig() Used Memory: 995577528 Bytes (1073741824)
2026-09-28 21:45:33,936 [INFO] BlockDiagram:2740 - set Specific Code input for plugin: NVIC
2026-09-28 21:45:33,936 [INFO] BlockDiagram:2740 - set Specific Code input for plugin: SYS
2026-09-28 21:45:33,939 [INFO] BlockDiagram:2740 - set Specific Code input for plugin: GPIO
2026-09-28 21:45:33,939 [INFO] BlockDiagram:2740 - set Specific Code input for plugin: RCC
2026-09-28 21:45:33,946 [INFO] CodeGenerator:663 - code generatio: config db path: D:\STM32CubeIDE_1.7.0\STM32CubeIDE\plugins\com.st.stm32cube.common.mx_6.3.0.202107141111\\db\
2026-09-28 21:45:34,476 [INFO] CodeEngine:239 - oldGeneratedFile, D:\Lab_VXL\Lab 1\Ex1\MXTmpFiles\license.tmp_save
2026-09-28 21:45:34,551 [INFO] CodeEngine:257 - Generated code: D:\Lab_VXL\Lab 1\Ex1\MXTmpFiles\license.tmp
2026-09-28 21:45:34,616 [INFO] CodeEngine:239 - oldGeneratedFile, D:\Lab_VXL\Lab 1\Ex1\MXTmpFiles\gpio.tmp_save
2026-09-28 21:45:34,722 [INFO] CodeEngine:257 - Generated code: D:\Lab_VXL\Lab 1\Ex1\MXTmpFiles\gpio.tmp
2026-09-28 21:45:34,751 [INFO] CodeEngine:239 - oldGeneratedFile, D:\Lab_VXL\Lab 1\Ex1\Core\Src\stm32f1xx_it.c_save
2026-09-28 21:45:34,866 [INFO] CodeEngine:257 - Generated code: D:\Lab_VXL\Lab 1\Ex1\Core\Src\stm32f1xx_it.c
2026-09-28 21:45:34,876 [INFO] CodeEngine:239 - oldGeneratedFile, D:\Lab_VXL\Lab 1\Ex1\Core\Inc\stm32f1xx_it.h_save
2026-09-28 21:45:34,966 [INFO] CodeEngine:257 - Generated code: D:\Lab_VXL\Lab 1\Ex1\Core\Inc\stm32f1xx_it.h
2026-09-28 21:45:34,990 [INFO] CodeEngine:239 - oldGeneratedFile, D:\Lab_VXL\Lab 1\Ex1\Core\Src\stm32f1xx_hal_msp.c_save
2026-09-28 21:45:35,130 [INFO] CodeEngine:257 - Generated code: D:\Lab_VXL\Lab 1\Ex1\Core\Src\stm32f1xx_hal_msp.c
2026-09-28 21:45:35,132 [INFO] CodeEngine:239 - oldGeneratedFile, D:\Lab_VXL\Lab 1\Ex1\MXTmpFiles\system.tmp_save
2026-09-28 21:45:35,220 [INFO] CodeEngine:257 - Generated code: D:\Lab_VXL\Lab 1\Ex1\MXTmpFiles\system.tmp
2026-09-28 21:45:35,239 [INFO] CodeEngine:239 - oldGeneratedFile, D:\Lab_VXL\Lab 1\Ex1\Core\Inc\stm32f1xx_hal_conf.h_save
2026-09-28 21:45:35,361 [INFO] CodeEngine:257 - Generated code: D:\Lab_VXL\Lab 1\Ex1\Core\Inc\stm32f1xx_hal_conf.h
2026-09-28 21:45:35,408 [INFO] CodeEngine:239 - oldGeneratedFile, D:\Lab_VXL\Lab 1\Ex1\Core\Inc\main.h_save
2026-09-28 21:45:35,526 [INFO] CodeEngine:257 - Generated code: D:\Lab_VXL\Lab 1\Ex1\Core\Inc\main.h
2026-09-28 21:45:35,535 [INFO] CodeEngine:239 - oldGeneratedFile, D:\Lab_VXL\Lab 1\Ex1\Core\Src\main.c_save
2026-09-28 21:45:35,676 [INFO] CodeEngine:257 - Generated code: D:\Lab_VXL\Lab 1\Ex1\Core\Src\main.c
2026-09-28 21:45:37,368 [INFO] ProjectBuilder:2578 - Time for Copy HAL[1] : 83mS.
2026-09-28 21:45:37,372 [INFO] ProjectBuilder:3622 - Project Generator version: 3.14.1
2026-09-28 21:45:38,216 [INFO] ConfigFileManager:1271 - The Die is : DIE412
2026-09-28 21:45:41,348 [INFO] ProjectBuilder:3789 - Time for Generating toolchain IDE Files: 3976mS.
2026-09-28 21:45:41,349 [INFO] ProjectBuilder:2457 - Time for Copy CMSIS : 1mS.
2026-09-28 21:45:41,350 [INFO] ProjectBuilder:2457 - Time for Copy CMSIS : 0mS.
2026-09-28 21:53:47,458 [INFO] MainUpdater:2671 - connection check result : 10
2026-09-28 21:53:47,458 [INFO] McuFinderGlobals:52 - Set McuFinderConnectedMode to true
2026-09-28 21:53:48,237 [INFO] ServerAccessManage:362 - Download File mcusAds.json._tmp_
2026-09-28 21:53:48,398 [INFO] LoadUrlFilesThread:145 - End of LoadUrlFiles Thread
2026-09-28 21:54:08,514 [ERROR] ServerAccessManage:1016 - HTTP unexpected response (522) for https://stmcufinder.com/API/getFiles.php?
2026-09-28 21:54:08,515 [ERROR] ServerAccessManage:531 - Error during Access to HTTP Server. : mcusDocs.json._tmp_.
2026-09-28 21:54:09,923 [INFO] LoadUrlFilesThread:145 - End of LoadUrlFiles Thread
2026-09-28 21:54:10,963 [INFO] DbMcusAds:47 - JSON generation date=Tue Sep 22 19:25:16 ICT 2026 (1790079916640)
2026-09-28 21:54:10,977 [INFO] DbMcusDocs:143 - JSON generation date=Mon Jun 07 15:53:21 ICT 2021 (1623056001)
2026-09-28 21:54:11,312 [INFO] DbMcusDocs:79 - Found 669 MCUs documents
2026-09-28 21:54:11,313 [INFO] ApiDb:276 - Save user favorites file C:\Users\Hius/.stm32cubeide/favorites.mcus.txt: 0 item(s)
2026-09-28 21:54:11,314 [INFO] ApiDb:280 - User favorites MCUs=[]
2026-09-28 21:54:11,314 [INFO] DbMcusXml:100 - Load MCU database from D:\STM32CubeIDE_1.7.0\STM32CubeIDE\plugins\com.st.stm32cube.common.mx_6.3.0.202107141111\\db\/mcu/families.xml
2026-09-28 21:54:12,605 [ERROR] LogOutputStream:74 - [STDERR_REDIRECT] Exception in thread "AWT-EventQueue-0" java.lang.OutOfMemoryError: Java heap space
2026-09-28 21:54:12,608 [ERROR] LogOutputStream:74 - [STDERR_REDIRECT] 	at java.base/java.lang.StringUTF16.newBytesFor(StringUTF16.java:52)
2026-09-28 21:54:12,609 [ERROR] LogOutputStream:74 - [STDERR_REDIRECT] 	at java.base/java.lang.AbstractStringBuilder.inflate(AbstractStringBuilder.java:228)
2026-09-28 21:54:12,609 [ERROR] LogOutputStream:74 - [STDERR_REDIRECT] 	at java.base/java.lang.AbstractStringBuilder.appendChars(AbstractStringBuilder.java:1680)
2026-09-28 21:54:12,609 [ERROR] LogOutputStream:74 - [STDERR_REDIRECT] 	at java.base/java.lang.AbstractStringBuilder.append(AbstractStringBuilder.java:687)
2026-09-28 21:54:12,609 [ERROR] LogOutputStream:74 - [STDERR_REDIRECT] 	at java.base/java.lang.StringBuilder.append(StringBuilder.java:228)
2026-09-28 21:54:12,609 [ERROR] LogOutputStream:74 - [STDERR_REDIRECT] 	at java.base/java.io.BufferedReader.readLine(BufferedReader.java:372)
2026-09-28 21:54:12,609 [ERROR] LogOutputStream:74 - [STDERR_REDIRECT] 	at java.base/java.io.BufferedReader.readLine(BufferedReader.java:392)
2026-09-28 21:54:12,609 [ERROR] LogOutputStream:74 - [STDERR_REDIRECT] 	at com.st.microxplorer.mcufinder.db.DbUtils.getJsonFromFile(DbUtils.java:102)
2026-09-28 21:54:12,617 [ERROR] LogOutputStream:74 - [STDERR_REDIRECT] 	at com.st.microxplorer.mcufinder.db.DbMcusJson.loadJsonArrayFromFile(DbMcusJson.java:87)
2026-09-28 21:54:12,617 [ERROR] LogOutputStream:74 - [STDERR_REDIRECT] 	at com.st.microxplorer.mcufinder.db.DbMcusJson.<init>(DbMcusJson.java:51)
2026-09-28 21:54:12,617 [ERROR] LogOutputStream:74 - [STDERR_REDIRECT] 	at com.st.microxplorer.mcufinder.db.DbMcus.getDbManager(DbMcus.java:101)
2026-09-28 21:54:12,617 [ERROR] LogOutputStream:74 - [STDERR_REDIRECT] 	at com.st.microxplorer.mcufinder.db.DbMcus.resetDbManager(DbMcus.java:216)
2026-09-28 21:54:12,617 [ERROR] LogOutputStream:74 - [STDERR_REDIRECT] 	at com.st.microxplorer.mcufinder.gui.WebUtils.downloadDbFiles(WebUtils.java:876)
2026-09-28 21:54:12,617 [ERROR] LogOutputStream:74 - [STDERR_REDIRECT] 	at com.st.stm32cube.common.mx.targetselector.TargetSelectorAdapter$4.run(TargetSelectorAdapter.java:222)
2026-09-28 21:54:12,626 [ERROR] LogOutputStream:74 - [STDERR_REDIRECT] 	at com.st.stm32cube.common.mx.oss.core.awtswtbridge.AwtEnvironment$2.run(AwtEnvironment.java:166)
2026-09-28 21:54:12,627 [ERROR] LogOutputStream:74 - [STDERR_REDIRECT] 	at java.desktop/java.awt.event.InvocationEvent.dispatch(InvocationEvent.java:313)
2026-09-28 21:54:12,628 [ERROR] LogOutputStream:74 - [STDERR_REDIRECT] 	at java.desktop/java.awt.EventQueue.dispatchEventImpl(EventQueue.java:770)
2026-09-28 21:54:12,629 [ERROR] LogOutputStream:74 - [STDERR_REDIRECT] 	at java.desktop/java.awt.EventQueue$4.run(EventQueue.java:721)
2026-09-28 21:54:12,630 [ERROR] LogOutputStream:74 - [STDERR_REDIRECT] 	at java.desktop/java.awt.EventQueue$4.run(EventQueue.java:715)
2026-09-28 21:54:12,631 [ERROR] LogOutputStream:74 - [STDERR_REDIRECT] 	at java.base/java.security.AccessController.doPrivileged(Native Method)
2026-09-28 21:54:12,633 [ERROR] LogOutputStream:74 - [STDERR_REDIRECT] 	at java.base/java.security.ProtectionDomain$JavaSecurityAccessImpl.doIntersectionPrivilege(ProtectionDomain.java:85)
2026-09-28 21:54:12,634 [ERROR] LogOutputStream:74 - [STDERR_REDIRECT] 	at java.desktop/java.awt.EventQueue.dispatchEvent(EventQueue.java:740)
2026-09-28 21:54:12,635 [ERROR] LogOutputStream:74 - [STDERR_REDIRECT] 	at java.desktop/java.awt.EventDispatchThread.pumpOneEventForFilters(EventDispatchThread.java:203)
2026-09-28 21:54:12,636 [ERROR] LogOutputStream:74 - [STDERR_REDIRECT] 	at java.desktop/java.awt.EventDispatchThread.pumpEventsForFilter(EventDispatchThread.java:124)
2026-09-28 21:54:12,637 [ERROR] LogOutputStream:74 - [STDERR_REDIRECT] 	at java.desktop/java.awt.EventDispatchThread.pumpEventsForHierarchy(EventDispatchThread.java:113)
2026-09-28 21:54:12,639 [ERROR] LogOutputStream:74 - [STDERR_REDIRECT] 	at java.desktop/java.awt.EventDispatchThread.pumpEvents(EventDispatchThread.java:109)
2026-09-28 21:54:12,640 [ERROR] LogOutputStream:74 - [STDERR_REDIRECT] 	at java.desktop/java.awt.EventDispatchThread.pumpEvents(EventDispatchThread.java:101)
2026-09-28 21:54:12,641 [ERROR] LogOutputStream:74 - [STDERR_REDIRECT] 	at java.desktop/java.awt.EventDispatchThread.run(EventDispatchThread.java:90)
2026-09-28 21:54:12,717 [INFO] McuFinderGlobals:52 - Set McuFinderConnectedMode to false
2026-09-28 21:54:12,799 [INFO] CrossSelectorPresenter:1330 - Cross Selector saved comparison directory: C:\Users\Hius\.stmcufinder\plugins\mcufinder\mcu\cs_comparisons_mx
2026-09-28 21:54:12,801 [INFO] MultiScanPanel:197 - Auto-refresh data requested => check proxy status ongoing
2026-09-28 21:54:12,801 [INFO] MultiScanPanel:201 - Proxy status is invalid
2026-09-28 21:54:12,801 [INFO] FinderPluginLoader:87 - Searching for filters in installed packs
2026-09-28 21:54:12,857 [WARN] DetailPanel:314 - Failed to get advertising image, set to default
2026-09-28 21:54:22,198 [INFO] McuFinderGlobals:52 - Set McuFinderConnectedMode to true
2026-09-28 21:54:22,779 [INFO] ApiDb:276 - Save user favorites file C:\Users\Hius/.stm32cubeide/favorites.mcus.txt: 0 item(s)
2026-09-28 21:54:22,781 [INFO] ApiDb:280 - User favorites MCUs=[]
2026-09-28 21:54:42,387 [INFO] Activator:177 - 


2026-09-28 21:54:42,392 [INFO] Activator:178 - !SESSION log4j initialized
2026-09-28 21:54:51,778 [INFO] McuFinderGlobals:39 - Set McuFinder mode to 2 (CubeIDE integrated)
2026-09-28 21:54:52,046 [INFO] ApplicationProperties:181 - Using Application install path: D:\STM32CubeIDE_1.7.0\STM32CubeIDE\plugins\com.st.stm32cube.common.mx_6.3.0.202107141111
2026-09-28 21:54:52,057 [INFO] DbMcusXml:74 - Set database path to: D:\STM32CubeIDE_1.7.0\STM32CubeIDE\plugins\com.st.stm32cube.common.mx_6.3.0.202107141111\\db\/mcu/
2026-09-28 21:54:52,064 [INFO] DbBoardsPdsc:56 - Set plugin database path to: D:\STM32CubeIDE_1.7.0\STM32CubeIDE\plugins\com.st.stm32cube.common.mx_6.3.0.202107141111\\db\/plugins/boardmanager/
2026-09-28 21:54:52,064 [INFO] DbMcus:258 - Set plugin images path to: D:\STM32CubeIDE_1.7.0\STM32CubeIDE\plugins\com.st.stm32cube.common.mx_6.3.0.202107141111\\db\/plugins/mcufinder/images/
2026-09-28 21:54:52,064 [INFO] DbBoards:264 - Set plugin images path to: D:\STM32CubeIDE_1.7.0\STM32CubeIDE\plugins\com.st.stm32cube.common.mx_6.3.0.202107141111\\db\/plugins/mcufinder/images/
2026-09-28 21:54:52,066 [INFO] DbExamples:333 - Set plugin images path to: D:\STM32CubeIDE_1.7.0\STM32CubeIDE\plugins\com.st.stm32cube.common.mx_6.3.0.202107141111\\db\/plugins/mcufinder/images/
2026-09-28 21:54:52,066 [INFO] DbMcusAds:119 - Set database path to: C:\Users\Hius\.stmcufinder\plugins\mcufinder//mcu/
2026-09-28 21:54:52,066 [INFO] DbMcusDocs:110 - Set database path to: C:\Users\Hius\.stmcufinder\plugins\mcufinder//mcu/
2026-09-28 21:54:52,066 [INFO] DbMcusJson:64 - Set database path to: C:\Users\Hius\.stmcufinder\plugins\mcufinder//mcu/
2026-09-28 21:54:52,066 [INFO] DbBoardsDocs:110 - Set database path to: C:\Users\Hius\.stmcufinder\plugins\mcufinder//mcu/
2026-09-28 21:54:52,066 [INFO] DbBoardsJson:57 - Set database path to: C:\Users\Hius\.stmcufinder\plugins\mcufinder//mcu/
2026-09-28 21:54:52,077 [INFO] CrossReferenceDbSqlite:196 - Set database path to: C:\Users\Hius\.stmcufinder\plugins\mcufinder//mcu/cs/
2026-09-28 21:54:52,077 [INFO] DbExamplesSqlite:767 - Set database path to: C:\Users\Hius\.stmcufinder\plugins\mcufinder//mcu/
2026-09-28 21:54:52,189 [INFO] RulesReader:57 - Compatibility file has been processed (242 Rules)
2026-09-28 21:54:52,277 [INFO] DbMcusXml:74 - Set database path to: D:\STM32CubeIDE_1.7.0\STM32CubeIDE\plugins\com.st.stm32cube.common.mx_6.3.0.202107141111\\db\/mcu/
2026-09-28 21:54:52,277 [INFO] DbBoardsPdsc:56 - Set plugin database path to: D:\STM32CubeIDE_1.7.0\STM32CubeIDE\plugins\com.st.stm32cube.common.mx_6.3.0.202107141111\\db\/plugins/boardmanager/
2026-09-28 21:54:52,277 [INFO] DbMcus:258 - Set plugin images path to: D:\STM32CubeIDE_1.7.0\STM32CubeIDE\plugins\com.st.stm32cube.common.mx_6.3.0.202107141111\\db\/plugins/mcufinder/images/
2026-09-28 21:54:52,277 [INFO] DbBoards:264 - Set plugin images path to: D:\STM32CubeIDE_1.7.0\STM32CubeIDE\plugins\com.st.stm32cube.common.mx_6.3.0.202107141111\\db\/plugins/mcufinder/images/
2026-09-28 21:54:52,277 [INFO] DbExamples:333 - Set plugin images path to: D:\STM32CubeIDE_1.7.0\STM32CubeIDE\plugins\com.st.stm32cube.common.mx_6.3.0.202107141111\\db\/plugins/mcufinder/images/
2026-09-28 21:54:52,277 [WARN] DbFile:35 - Overriding database path with different value: C:\Users\Hius\.stmcufinder\plugins\mcufinder/ => C:\Users\Hius\.stmcufinder\plugins\mcufinder
2026-09-28 21:54:52,277 [INFO] DbMcusAds:119 - Set database path to: C:\Users\Hius\.stmcufinder\plugins\mcufinder//mcu/
2026-09-28 21:54:52,277 [WARN] DbFile:35 - Overriding database path with different value: C:\Users\Hius\.stmcufinder\plugins\mcufinder/ => C:\Users\Hius\.stmcufinder\plugins\mcufinder
2026-09-28 21:54:52,277 [INFO] DbMcusDocs:110 - Set database path to: C:\Users\Hius\.stmcufinder\plugins\mcufinder//mcu/
2026-09-28 21:54:52,277 [WARN] DbFile:35 - Overriding database path with different value: C:\Users\Hius\.stmcufinder\plugins\mcufinder/ => C:\Users\Hius\.stmcufinder\plugins\mcufinder
2026-09-28 21:54:52,277 [INFO] DbMcusJson:64 - Set database path to: C:\Users\Hius\.stmcufinder\plugins\mcufinder//mcu/
2026-09-28 21:54:52,277 [WARN] DbFile:35 - Overriding database path with different value: C:\Users\Hius\.stmcufinder\plugins\mcufinder/ => C:\Users\Hius\.stmcufinder\plugins\mcufinder
2026-09-28 21:54:52,277 [INFO] DbBoardsDocs:110 - Set database path to: C:\Users\Hius\.stmcufinder\plugins\mcufinder//mcu/
2026-09-28 21:54:52,277 [WARN] DbFile:35 - Overriding database path with different value: C:\Users\Hius\.stmcufinder\plugins\mcufinder/ => C:\Users\Hius\.stmcufinder\plugins\mcufinder
2026-09-28 21:54:52,277 [INFO] DbBoardsJson:57 - Set database path to: C:\Users\Hius\.stmcufinder\plugins\mcufinder//mcu/
2026-09-28 21:54:52,277 [WARN] DbFile:35 - Overriding database path with different value: C:\Users\Hius\.stmcufinder\plugins\mcufinder/ => C:\Users\Hius\.stmcufinder\plugins\mcufinder
2026-09-28 21:54:52,277 [WARN] DbFile:35 - Overriding database path with different value: C:\Users\Hius\.stmcufinder\plugins\mcufinder/ => C:\Users\Hius\.stmcufinder\plugins\mcufinder
2026-09-28 21:54:52,277 [INFO] CrossReferenceDbSqlite:196 - Set database path to: C:\Users\Hius\.stmcufinder\plugins\mcufinder//mcu/cs/
2026-09-28 21:54:52,277 [WARN] DbFile:35 - Overriding database path with different value: C:\Users\Hius\.stmcufinder\plugins\mcufinder/ => C:\Users\Hius\.stmcufinder\plugins\mcufinder
2026-09-28 21:54:52,277 [INFO] DbExamplesSqlite:767 - Set database path to: C:\Users\Hius\.stmcufinder\plugins\mcufinder//mcu/
2026-09-28 21:54:52,343 [INFO] MainPanel:214 - HeapMemory: 268435456
2026-09-28 21:54:52,400 [INFO] DbMcusXml:74 - Set database path to: D:\STM32CubeIDE_1.7.0\STM32CubeIDE\plugins\com.st.stm32cube.common.mx_6.3.0.202107141111\\db\/mcu/
2026-09-28 21:54:52,400 [INFO] DbBoardsPdsc:56 - Set plugin database path to: D:\STM32CubeIDE_1.7.0\STM32CubeIDE\plugins\com.st.stm32cube.common.mx_6.3.0.202107141111\\db\/plugins/boardmanager/
2026-09-28 21:54:52,400 [INFO] DbMcus:258 - Set plugin images path to: D:\STM32CubeIDE_1.7.0\STM32CubeIDE\plugins\com.st.stm32cube.common.mx_6.3.0.202107141111\\db\/plugins/mcufinder/images/
2026-09-28 21:54:52,400 [INFO] DbBoards:264 - Set plugin images path to: D:\STM32CubeIDE_1.7.0\STM32CubeIDE\plugins\com.st.stm32cube.common.mx_6.3.0.202107141111\\db\/plugins/mcufinder/images/
2026-09-28 21:54:52,400 [INFO] DbExamples:333 - Set plugin images path to: D:\STM32CubeIDE_1.7.0\STM32CubeIDE\plugins\com.st.stm32cube.common.mx_6.3.0.202107141111\\db\/plugins/mcufinder/images/
2026-09-28 21:54:52,400 [WARN] DbFile:35 - Overriding database path with different value: C:\Users\Hius\.stmcufinder\plugins\mcufinder/ => C:\Users\Hius\.stmcufinder\plugins\mcufinder
2026-09-28 21:54:52,400 [INFO] DbMcusAds:119 - Set database path to: C:\Users\Hius\.stmcufinder\plugins\mcufinder//mcu/
2026-09-28 21:54:52,400 [WARN] DbFile:35 - Overriding database path with different value: C:\Users\Hius\.stmcufinder\plugins\mcufinder/ => C:\Users\Hius\.stmcufinder\plugins\mcufinder
2026-09-28 21:54:52,400 [INFO] DbMcusDocs:110 - Set database path to: C:\Users\Hius\.stmcufinder\plugins\mcufinder//mcu/
2026-09-28 21:54:52,400 [WARN] DbFile:35 - Overriding database path with different value: C:\Users\Hius\.stmcufinder\plugins\mcufinder/ => C:\Users\Hius\.stmcufinder\plugins\mcufinder
2026-09-28 21:54:52,400 [INFO] DbMcusJson:64 - Set database path to: C:\Users\Hius\.stmcufinder\plugins\mcufinder//mcu/
2026-09-28 21:54:52,400 [WARN] DbFile:35 - Overriding database path with different value: C:\Users\Hius\.stmcufinder\plugins\mcufinder/ => C:\Users\Hius\.stmcufinder\plugins\mcufinder
2026-09-28 21:54:52,400 [INFO] DbBoardsDocs:110 - Set database path to: C:\Users\Hius\.stmcufinder\plugins\mcufinder//mcu/
2026-09-28 21:54:52,400 [WARN] DbFile:35 - Overriding database path with different value: C:\Users\Hius\.stmcufinder\plugins\mcufinder/ => C:\Users\Hius\.stmcufinder\plugins\mcufinder
2026-09-28 21:54:52,400 [INFO] DbBoardsJson:57 - Set database path to: C:\Users\Hius\.stmcufinder\plugins\mcufinder//mcu/
2026-09-28 21:54:52,400 [WARN] DbFile:35 - Overriding database path with different value: C:\Users\Hius\.stmcufinder\plugins\mcufinder/ => C:\Users\Hius\.stmcufinder\plugins\mcufinder
2026-09-28 21:54:52,400 [WARN] DbFile:35 - Overriding database path with different value: C:\Users\Hius\.stmcufinder\plugins\mcufinder/ => C:\Users\Hius\.stmcufinder\plugins\mcufinder
2026-09-28 21:54:52,400 [INFO] CrossReferenceDbSqlite:196 - Set database path to: C:\Users\Hius\.stmcufinder\plugins\mcufinder//mcu/cs/
2026-09-28 21:54:52,400 [WARN] DbFile:35 - Overriding database path with different value: C:\Users\Hius\.stmcufinder\plugins\mcufinder/ => C:\Users\Hius\.stmcufinder\plugins\mcufinder
2026-09-28 21:54:52,400 [INFO] DbExamplesSqlite:767 - Set database path to: C:\Users\Hius\.stmcufinder\plugins\mcufinder//mcu/
2026-09-28 21:54:52,420 [INFO] ApplicationProperties:181 - Using Application install path: D:\STM32CubeIDE_1.7.0\STM32CubeIDE\plugins\com.st.stm32cube.common.mx_6.3.0.202107141111
2026-09-28 21:54:52,420 [INFO] PluginManage:188 - Search for loadable plugins [exclusion list=, ]
2026-09-28 21:54:52,420 [INFO] PluginManage:302 - Check plugin analytics
2026-09-28 21:54:52,576 [INFO] AnalyticsPlugin:257 - Accepted Software Licenses: 
2026-09-28 21:54:52,576 [INFO] AnalyticsPlugin:259 - Accepted CMSIS Pack Licenses: 
2026-09-28 21:54:52,584 [INFO] AnalyticsPlugin:261 - Accepted Firmware Licenses: 
2026-09-28 21:54:52,584 [INFO] PluginManage:352 - Loaded plugin analytics (category:tool,tabindex:-1)
2026-09-28 21:54:52,584 [INFO] PluginManage:302 - Check plugin clock
2026-09-28 21:54:52,594 [INFO] PluginManage:352 - Loaded plugin clock (category:base,tabindex:2)
2026-09-28 21:54:52,594 [INFO] PluginManage:302 - Check plugin ddr
2026-09-28 21:54:52,596 [INFO] PluginManage:352 - Loaded plugin ddr (category:tool,tabindex:6)
2026-09-28 21:54:52,596 [INFO] PluginManage:302 - Check plugin filemanager
2026-09-28 21:54:52,708 [INFO] PluginManage:352 - Loaded plugin filemanager (category:base,tabindex:10)
2026-09-28 21:54:52,708 [INFO] PluginManage:302 - Check plugin ipmanager
2026-09-28 21:54:52,716 [INFO] PluginManage:352 - Loaded plugin ipmanager (category:base,tabindex:5)
2026-09-28 21:54:52,718 [INFO] PluginManage:302 - Check plugin pinoutandconfiguration
2026-09-28 21:54:52,724 [INFO] PluginManage:352 - Loaded plugin pinoutandconfiguration (category:base,tabindex:1)
2026-09-28 21:54:52,724 [INFO] PluginManage:302 - Check plugin pinoutconfig
2026-09-28 21:54:52,750 [INFO] PluginManage:352 - Loaded plugin pinoutconfig (category:base,tabindex:0)
2026-09-28 21:54:52,752 [INFO] PluginManage:302 - Check plugin power
2026-09-28 21:54:52,763 [INFO] PluginManage:352 - Loaded plugin power (category:power,tabindex:4)
2026-09-28 21:54:52,763 [INFO] PluginManage:302 - Check plugin projectmanager
2026-09-28 21:54:52,782 [INFO] PluginManage:352 - Loaded plugin projectmanager (category:projectmanager,tabindex:3)
2026-09-28 21:54:52,782 [INFO] PluginManage:302 - Check plugin thirdparty
2026-09-28 21:54:52,898 [WARN] IntegrityCheckThread:78 - waiting for thirdparty lock release [integrity check]
2026-09-28 21:54:52,898 [INFO] PluginManage:352 - Loaded plugin thirdparty (category:base,tabindex:-1)
2026-09-28 21:54:52,898 [INFO] IntegrityCheckThread:80 - entering critical section [integrity check]
2026-09-28 21:54:52,898 [INFO] PluginManage:302 - Check plugin tools
2026-09-28 21:54:52,898 [INFO] ThirdPartyUpdaterWithRetryManager:66 - Updater plugin not ready yet. [1/15]
2026-09-28 21:54:52,902 [INFO] PluginManage:352 - Loaded plugin tools (category:base,tabindex:7)
2026-09-28 21:54:52,902 [INFO] PluginManage:302 - Check plugin tutovideos
2026-09-28 21:54:53,086 [INFO] PluginManage:352 - Loaded plugin tutovideos (category:base,tabindex:-1)
2026-09-28 21:54:53,086 [INFO] PluginManage:302 - Check plugin updater
2026-09-28 21:54:53,096 [INFO] PluginManage:352 - Loaded plugin updater (category:base,tabindex:12)
2026-09-28 21:54:53,096 [INFO] PluginManage:275 - PluginManage : Loaded plugins [13]
2026-09-28 21:54:53,272 [INFO] PinOutPanel:1463 - setPackage(No Configuration,No Configuration)
2026-09-28 21:54:53,359 [INFO] IPUIPlugin:74 - create IPUIPlugin
2026-09-28 21:54:53,359 [INFO] PluginManager:213 - loadIPPluginJar : add adc
2026-09-28 21:54:53,359 [INFO] IPUIPlugin:74 - create IPUIPlugin
2026-09-28 21:54:53,359 [INFO] PluginManager:213 - loadIPPluginJar : add aes
2026-09-28 21:54:53,366 [INFO] IPUIPlugin:74 - create IPUIPlugin
2026-09-28 21:54:53,366 [INFO] PluginManager:213 - loadIPPluginJar : add can
2026-09-28 21:54:53,366 [INFO] IPUIPlugin:74 - create IPUIPlugin
2026-09-28 21:54:53,366 [INFO] PluginManager:213 - loadIPPluginJar : add comp
2026-09-28 21:54:53,366 [INFO] IPUIPlugin:74 - create IPUIPlugin
2026-09-28 21:54:53,366 [INFO] PluginManager:213 - loadIPPluginJar : add cryp
2026-09-28 21:54:53,371 [INFO] IPUIPlugin:74 - create IPUIPlugin
2026-09-28 21:54:53,371 [INFO] PluginManager:213 - loadIPPluginJar : add dfsdm
2026-09-28 21:54:53,376 [INFO] IPUIPlugin:74 - create IPUIPlugin
2026-09-28 21:54:53,376 [INFO] PluginManager:213 - loadIPPluginJar : add dma
2026-09-28 21:54:53,376 [INFO] IPUIPlugin:74 - create IPUIPlugin
2026-09-28 21:54:53,376 [INFO] PluginManager:213 - loadIPPluginJar : add dma3
2026-09-28 21:54:53,376 [INFO] IPUIPlugin:74 - create IPUIPlugin
2026-09-28 21:54:53,376 [INFO] PluginManager:213 - loadIPPluginJar : add fatfs
2026-09-28 21:54:53,382 [INFO] IPUIPlugin:74 - create IPUIPlugin
2026-09-28 21:54:53,382 [INFO] PluginManager:213 - loadIPPluginJar : add fmc
2026-09-28 21:54:53,386 [INFO] IPUIPlugin:74 - create IPUIPlugin
2026-09-28 21:54:53,386 [INFO] PluginManager:213 - loadIPPluginJar : add freertos
2026-09-28 21:54:53,386 [INFO] IPUIPlugin:74 - create IPUIPlugin
2026-09-28 21:54:53,386 [INFO] PluginManager:213 - loadIPPluginJar : add genericplugin
2026-09-28 21:54:53,386 [INFO] IPUIPlugin:74 - create IPUIPlugin
2026-09-28 21:54:53,386 [INFO] PluginManager:213 - loadIPPluginJar : add gfxmmu
2026-09-28 21:54:53,396 [INFO] IPUIPlugin:74 - create IPUIPlugin
2026-09-28 21:54:53,396 [INFO] PluginManager:213 - loadIPPluginJar : add gic
2026-09-28 21:54:53,398 [INFO] IPUIPlugin:74 - create IPUIPlugin
2026-09-28 21:54:53,398 [INFO] PluginManager:213 - loadIPPluginJar : add gpio
2026-09-28 21:54:53,398 [INFO] IPUIPlugin:74 - create IPUIPlugin
2026-09-28 21:54:53,398 [INFO] PluginManager:213 - loadIPPluginJar : add gtzc
2026-09-28 21:54:53,398 [INFO] IPUIPlugin:74 - create IPUIPlugin
2026-09-28 21:54:53,398 [INFO] PluginManager:213 - loadIPPluginJar : add hash
2026-09-28 21:54:53,406 [INFO] IPUIPlugin:74 - create IPUIPlugin
2026-09-28 21:54:53,406 [INFO] PluginManager:213 - loadIPPluginJar : add i2c
2026-09-28 21:54:53,406 [INFO] IPUIPlugin:74 - create IPUIPlugin
2026-09-28 21:54:53,406 [INFO] PluginManager:213 - loadIPPluginJar : add i2s
2026-09-28 21:54:53,411 [INFO] IPUIPlugin:74 - create IPUIPlugin
2026-09-28 21:54:53,411 [INFO] PluginManager:213 - loadIPPluginJar : add ipddr
2026-09-28 21:54:53,416 [INFO] IPUIPlugin:74 - create IPUIPlugin
2026-09-28 21:54:53,416 [INFO] PluginManager:213 - loadIPPluginJar : add linkedlist
2026-09-28 21:54:53,416 [INFO] IPUIPlugin:74 - create IPUIPlugin
2026-09-28 21:54:53,416 [INFO] PluginManager:213 - loadIPPluginJar : add lorawan
2026-09-28 21:54:53,416 [INFO] IPUIPlugin:74 - create IPUIPlugin
2026-09-28 21:54:53,416 [INFO] PluginManager:213 - loadIPPluginJar : add ltdc
2026-09-28 21:54:53,426 [INFO] IPUIPlugin:74 - create IPUIPlugin
2026-09-28 21:54:53,426 [INFO] PluginManager:213 - loadIPPluginJar : add mdma
2026-09-28 21:54:53,432 [INFO] IPUIPlugin:74 - create IPUIPlugin
2026-09-28 21:54:53,432 [INFO] PluginManager:213 - loadIPPluginJar : add nvic
2026-09-28 21:54:53,436 [INFO] IPUIPlugin:74 - create IPUIPlugin
2026-09-28 21:54:53,436 [INFO] PluginManager:213 - loadIPPluginJar : add opamp
2026-09-28 21:54:53,436 [INFO] IPUIPlugin:74 - create IPUIPlugin
2026-09-28 21:54:53,436 [INFO] PluginManager:213 - loadIPPluginJar : add openamp
2026-09-28 21:54:53,436 [INFO] IPUIPlugin:74 - create IPUIPlugin
2026-09-28 21:54:53,436 [INFO] PluginManager:213 - loadIPPluginJar : add pdm2pcm
2026-09-28 21:54:53,446 [INFO] IPUIPlugin:74 - create IPUIPlugin
2026-09-28 21:54:53,446 [INFO] PluginManager:213 - loadIPPluginJar : add plateformsettings
2026-09-28 21:54:53,446 [INFO] IPUIPlugin:74 - create IPUIPlugin
2026-09-28 21:54:53,446 [INFO] PluginManager:213 - loadIPPluginJar : add quadspi
2026-09-28 21:54:53,453 [INFO] IPUIPlugin:74 - create IPUIPlugin
2026-09-28 21:54:53,455 [INFO] PluginManager:213 - loadIPPluginJar : add resmgrutility
2026-09-28 21:54:53,456 [INFO] IPUIPlugin:74 - create IPUIPlugin
2026-09-28 21:54:53,456 [INFO] PluginManager:213 - loadIPPluginJar : add sai
2026-09-28 21:54:53,459 [INFO] IPUIPlugin:74 - create IPUIPlugin
2026-09-28 21:54:53,459 [INFO] PluginManager:213 - loadIPPluginJar : add spi
2026-09-28 21:54:53,463 [INFO] IPUIPlugin:74 - create IPUIPlugin
2026-09-28 21:54:53,463 [INFO] PluginManager:213 - loadIPPluginJar : add stm32_wpan
2026-09-28 21:54:53,465 [INFO] IPUIPlugin:74 - create IPUIPlugin
2026-09-28 21:54:53,465 [INFO] PluginManager:213 - loadIPPluginJar : add tim
2026-09-28 21:54:53,466 [INFO] IPUIPlugin:74 - create IPUIPlugin
2026-09-28 21:54:53,466 [INFO] PluginManager:213 - loadIPPluginJar : add touchsensing
2026-09-28 21:54:53,466 [INFO] IPUIPlugin:74 - create IPUIPlugin
2026-09-28 21:54:53,466 [INFO] PluginManager:213 - loadIPPluginJar : add tracer_emb
2026-09-28 21:54:53,466 [INFO] IPUIPlugin:74 - create IPUIPlugin
2026-09-28 21:54:53,466 [INFO] PluginManager:213 - loadIPPluginJar : add ts
2026-09-28 21:54:53,466 [INFO] IPUIPlugin:74 - create IPUIPlugin
2026-09-28 21:54:53,466 [INFO] PluginManager:213 - loadIPPluginJar : add tsc
2026-09-28 21:54:53,466 [INFO] IPUIPlugin:74 - create IPUIPlugin
2026-09-28 21:54:53,466 [INFO] PluginManager:213 - loadIPPluginJar : add ucpd
2026-09-28 21:54:53,466 [INFO] IPUIPlugin:74 - create IPUIPlugin
2026-09-28 21:54:53,466 [INFO] PluginManager:213 - loadIPPluginJar : add usart
2026-09-28 21:54:53,476 [INFO] IPUIPlugin:74 - create IPUIPlugin
2026-09-28 21:54:53,476 [INFO] PluginManager:213 - loadIPPluginJar : add usbx
2026-09-28 21:54:53,792 [FATAL] Updater:294 - Updater called before beeing initialized
2026-09-28 21:54:53,966 [FATAL] Updater:294 - Updater called before beeing initialized
2026-09-28 21:54:53,976 [INFO] DbMcusAds:47 - JSON generation date=Tue Sep 22 19:25:16 ICT 2026 (1790079916640)
2026-09-28 21:54:53,976 [FATAL] Updater:294 - Updater called before beeing initialized
2026-09-28 21:54:54,012 [WARN] DetailPanel:314 - Failed to get advertising image, set to default
2026-09-28 21:54:54,126 [FATAL] Updater:294 - Updater called before beeing initialized
2026-09-28 21:54:54,129 [FATAL] Updater:294 - Updater called before beeing initialized
2026-09-28 21:54:54,129 [FATAL] Updater:294 - Updater called before beeing initialized
2026-09-28 21:54:54,129 [WARN] DetailPanel:314 - Failed to get advertising image, set to default
2026-09-28 21:54:54,129 [FATAL] Updater:294 - Updater called before beeing initialized
2026-09-28 21:54:54,186 [ERROR] Updater:1075 - MainUpdater not yet initialized. External WinMGr cannot be set.
2026-09-28 21:54:54,186 [INFO] Updater:1012 - Updater Version found : 6.3.0
2026-09-28 21:54:54,206 [INFO] ApplicationProperties:181 - Using Application install path: D:\STM32CubeIDE_1.7.0\STM32CubeIDE\plugins\com.st.stm32cube.common.mx_6.3.0.202107141111
2026-09-28 21:54:54,844 [INFO] MainUpdater:2671 - connection check result : 10
2026-09-28 21:54:54,844 [INFO] MainUpdater:265 - Updater Check For Update Now.
2026-09-28 21:54:54,846 [INFO] MicroXplorer:478 - Change Database Version : DB.6.0.30
2026-09-28 21:54:55,032 [INFO] CheckServerUpdateThread:112 - End of CheckServer Thread
2026-09-28 21:54:55,063 [INFO] MainUpdater:2671 - connection check result : 10
2026-09-28 21:54:55,066 [INFO] McuFinderGlobals:52 - Set McuFinderConnectedMode to true
2026-09-28 21:54:55,565 [INFO] ServerAccessManage:362 - Download File mcusAds.json._tmp_
2026-09-28 21:54:55,692 [INFO] LoadUrlFilesThread:145 - End of LoadUrlFiles Thread
2026-09-28 21:54:55,912 [WARN] MainUpdater:1122 - Updater busy. Cannot search thirdparties
2026-09-28 21:54:55,912 [INFO] ThirdPartyUpdaterWithRetryManager:92 - Updater plugin is busy. [1/15]
2026-09-28 21:54:58,920 [WARN] MainUpdater:1122 - Updater busy. Cannot search thirdparties
2026-09-28 21:54:58,920 [INFO] ThirdPartyUpdaterWithRetryManager:92 - Updater plugin is busy. [2/15]
2026-09-28 21:55:01,927 [WARN] MainUpdater:1122 - Updater busy. Cannot search thirdparties
2026-09-28 21:55:01,927 [INFO] ThirdPartyUpdaterWithRetryManager:92 - Updater plugin is busy. [3/15]
2026-09-28 21:55:04,937 [WARN] MainUpdater:1122 - Updater busy. Cannot search thirdparties
2026-09-28 21:55:04,938 [INFO] ThirdPartyUpdaterWithRetryManager:92 - Updater plugin is busy. [4/15]
2026-09-28 21:55:07,939 [WARN] MainUpdater:1122 - Updater busy. Cannot search thirdparties
2026-09-28 21:55:07,939 [INFO] ThirdPartyUpdaterWithRetryManager:92 - Updater plugin is busy. [5/15]
2026-09-28 21:55:10,947 [WARN] MainUpdater:1122 - Updater busy. Cannot search thirdparties
2026-09-28 21:55:10,951 [INFO] ThirdPartyUpdaterWithRetryManager:92 - Updater plugin is busy. [6/15]
2026-09-28 21:55:13,966 [WARN] MainUpdater:1122 - Updater busy. Cannot search thirdparties
2026-09-28 21:55:13,966 [INFO] ThirdPartyUpdaterWithRetryManager:92 - Updater plugin is busy. [7/15]
2026-09-28 21:55:15,543 [ERROR] ServerAccessManage:1016 - HTTP unexpected response (522) for https://stmcufinder.com/API/getFiles.php?
2026-09-28 21:55:15,545 [ERROR] ServerAccessManage:531 - Error during Access to HTTP Server. : mcusDocs.json._tmp_.
2026-09-28 21:55:16,907 [INFO] LoadUrlFilesThread:145 - End of LoadUrlFiles Thread
2026-09-28 21:55:17,274 [WARN] PackLoader:238 - Cannot read IP mode file for STMicroelectronics.X-CUBE-AZRTOS-H7.3.5.0
2026-09-28 21:55:17,296 [WARN] PackLoader:238 - Cannot read IP mode file for STMicroelectronics.FP-ATR-ASTRA1.2.0.3
2026-09-28 21:55:17,301 [ERROR] Engine:463 - C:\Users\Hius\.stm32cubemx\thirdparties\pdsc\STMicroelectronics.X-CUBE-SMBUS.2.1.1.pdsc: PDSC version is not supported
2026-09-28 21:55:17,326 [WARN] PackLoader:238 - Cannot read IP mode file for STMicroelectronics.X-CUBE-AZRTOS-F7.1.1.0
2026-09-28 21:55:17,334 [ERROR] Engine:463 - C:\Users\Hius\.stm32cubemx\thirdparties\pdsc\STMicroelectronics.X-CUBE-FREERTOS.1.6.0.pdsc: PDSC version is not supported
2026-09-28 21:55:17,337 [ERROR] Engine:463 - C:\Users\Hius\.stm32cubemx\thirdparties\pdsc\STMicroelectronics.FP-SNS-MOTENV1.5.1.0.pdsc: PDSC version is not supported
2026-09-28 21:55:17,357 [WARN] PackLoader:238 - Cannot read IP mode file for STMicroelectronics.X-CUBE-AZRTOS-H7RS.1.3.0
2026-09-28 21:55:17,366 [ERROR] Engine:463 - C:\Users\Hius\.stm32cubemx\thirdparties\pdsc\WES.I-CUBE-Cesium.1.4.0.pdsc: PDSC version is not supported
2026-09-28 21:55:17,366 [ERROR] Engine:463 - C:\Users\Hius\.stm32cubemx\thirdparties\pdsc\STMicroelectronics.X-CUBE-DISPLAY.3.0.0.pdsc: PDSC version is not supported
2026-09-28 21:55:17,376 [WARN] PackLoader:238 - Cannot read IP mode file for STMicroelectronics.X-CUBE-GNSS1.7.1.1
2026-09-28 21:55:17,379 [ERROR] Engine:463 - C:\Users\Hius\.stm32cubemx\thirdparties\pdsc\STMicroelectronics.FP-SNS-MOTENVWB1.1.5.0.pdsc: PDSC version is not supported
2026-09-28 21:55:17,386 [WARN] PackLoader:238 - Cannot read IP mode file for STMicroelectronics.X-CUBE-NFC10.1.0.0
2026-09-28 21:55:17,389 [ERROR] Engine:463 - C:\Users\Hius\.stm32cubemx\thirdparties\pdsc\STMicroelectronics.X-CUBE-ST60.1.1.0.pdsc: PDSC version is not supported
2026-09-28 21:55:17,389 [ERROR] Engine:463 - C:\Users\Hius\.stm32cubemx\thirdparties\pdsc\emotas.I-CUBE-CANOPEN.1.3.0.pdsc: PDSC version is not supported
2026-09-28 21:55:17,396 [WARN] PackLoader:238 - Cannot read IP mode file for wolfSSL.I-CUBE-wolfSSL.5.9.2
2026-09-28 21:55:17,396 [ERROR] Engine:463 - C:\Users\Hius\.stm32cubemx\thirdparties\pdsc\STMicroelectronics.X-CUBE-WBA.1.1.0.pdsc: PDSC version is not supported
2026-09-28 21:55:17,396 [ERROR] Engine:463 - C:\Users\Hius\.stm32cubemx\thirdparties\pdsc\STMicroelectronics.FP-SNS-STBOX1.2.1.0.pdsc: PDSC version is not supported
2026-09-28 21:55:17,406 [ERROR] Engine:463 - C:\Users\Hius\.stm32cubemx\thirdparties\pdsc\STMicroelectronics.FP-SNS-SMARTAG2.1.2.0.pdsc: PDSC version is not supported
2026-09-28 21:55:17,406 [ERROR] Engine:463 - C:\Users\Hius\.stm32cubemx\thirdparties\pdsc\STMicroelectronics.FP-SNS-FLIGHT1.5.1.0.pdsc: PDSC version is not supported
2026-09-28 21:55:17,417 [INFO] LogOutputStream:76 - [STDOUT_REDIRECT] 1 : Invalid condition id : UX_CORESTACK_Condition cause : null
2026-09-28 21:55:17,417 [INFO] LogOutputStream:76 - [STDOUT_REDIRECT] 1 : Invalid condition id : UX_CORESTACK_Condition cause : null
2026-09-28 21:55:17,417 [INFO] LogOutputStream:76 - [STDOUT_REDIRECT] 1 : Invalid condition id : UX_CORESTACK_Condition cause : null
2026-09-28 21:55:17,421 [INFO] LogOutputStream:76 - [STDOUT_REDIRECT] 1 : Invalid condition id : UX_CORESTACK_Condition cause : null
2026-09-28 21:55:17,421 [INFO] LogOutputStream:76 - [STDOUT_REDIRECT] 1 : Invalid condition id : UX_CORESTACK_Condition cause : null
2026-09-28 21:55:17,426 [WARN] PackLoader:238 - Cannot read IP mode file for STMicroelectronics.X-CUBE-AZRTOS-WL.2.0.0
2026-09-28 21:55:17,426 [WARN] PackLoader:238 - Cannot read IP mode file for STMicroelectronics.X-CUBE-BLE2.3.3.0
2026-09-28 21:55:17,426 [ERROR] Engine:463 - C:\Users\Hius\.stm32cubemx\thirdparties\pdsc\Avnet-IOTCONNECT.X-CUBE-iotc-st67-sdk.1.0.0.pdsc: PDSC version is not supported
2026-09-28 21:55:17,437 [ERROR] Engine:463 - C:\Users\Hius\.stm32cubemx\thirdparties\pdsc\Infineon.AIROC-Wi-Fi-Bluetooth-STM32.1.8.0.pdsc: PDSC version is not supported
2026-09-28 21:55:17,452 [WARN] PackLoader:238 - Cannot read IP mode file for STMicroelectronics.X-CUBE-NFC9.1.0.0
2026-09-28 21:55:17,462 [WARN] PackLoader:238 - Cannot read IP mode file for STMicroelectronics.X-CUBE-BLE1.7.1.0
2026-09-28 21:55:17,466 [WARN] PackLoader:238 - Cannot read IP mode file for wolfSSL.I-CUBE-wolfMQTT.1.19.2
2026-09-28 21:55:17,475 [WARN] PackLoader:238 - Cannot read IP mode file for STMicroelectronics.X-CUBE-EEPRMA1.5.2.0
2026-09-28 21:55:17,510 [WARN] PackLoader:238 - Cannot read IP mode file for STMicroelectronics.X-CUBE-AZRTOS-G0.1.1.0
2026-09-28 21:55:17,517 [WARN] PackLoader:238 - Cannot read IP mode file for STMicroelectronics.X-CUBE-NFC4.3.0.0
2026-09-28 21:55:17,522 [ERROR] Engine:463 - C:\Users\Hius\.stm32cubemx\thirdparties\pdsc\EmbeddedOffice.I-CUBE-FS-RTOS.1.0.1.pdsc: PDSC version is not supported
2026-09-28 21:55:17,526 [WARN] PackLoader:238 - Cannot read IP mode file for wolfSSL.I-CUBE-wolfTPM.3.8.0
2026-09-28 21:55:17,526 [ERROR] Engine:463 - C:\Users\Hius\.stm32cubemx\thirdparties\pdsc\STMicroelectronics.X-CUBE-TCPP.4.2.0.pdsc: PDSC version is not supported
2026-09-28 21:55:17,526 [ERROR] Engine:463 - C:\Users\Hius\.stm32cubemx\thirdparties\pdsc\RealThread.X-CUBE-RT-Thread_Nano.4.1.1.pdsc: PDSC version is not supported
2026-09-28 21:55:17,536 [WARN] PackLoader:238 - Cannot read IP mode file for STMicroelectronics.FP-ATR-SIGFOX1.3.2.0
2026-09-28 21:55:17,536 [ERROR] Engine:463 - C:\Users\Hius\.stm32cubemx\thirdparties\pdsc\ITTIA_DB.I-CUBE-ITTIADB.8.9.0.pdsc: PDSC version is not supported
2026-09-28 21:55:17,536 [ERROR] Engine:463 - C:\Users\Hius\.stm32cubemx\thirdparties\pdsc\Cesanta.I-CUBE-Mongoose.7.21.7.pdsc: PDSC version is not supported
2026-09-28 21:55:17,546 [WARN] PackLoader:238 - Cannot read IP mode file for STMicroelectronics.X-CUBE-NFC6.3.2.0
2026-09-28 21:55:17,550 [WARN] PackLoader:238 - Cannot read IP mode file for STMicroelectronics.X-CUBE-AI.10.2.1
2026-09-28 21:55:17,582 [WARN] PackLoader:238 - Cannot read IP mode file for SEGGER.I-CUBE-embOS.1.3.1
2026-09-28 21:55:17,670 [ERROR] Engine:463 - C:\Users\Hius\.stm32cubemx\thirdparties\pdsc\STMicroelectronics.FP-SNS-STAIOTCFT.2.0.0.pdsc: PDSC version is not supported
2026-09-28 21:55:17,683 [WARN] PackLoader:238 - Cannot read IP mode file for STMicroelectronics.X-CUBE-NFC13.1.0.0
2026-09-28 21:55:17,689 [WARN] PackLoader:238 - Cannot read IP mode file for STMicroelectronics.X-CUBE-PM33A1.1.0.0
2026-09-28 21:55:17,711 [WARN] PackLoader:238 - Cannot read IP mode file for STMicroelectronics.X-CUBE-AZRTOS-F4.1.1.0
2026-09-28 21:55:17,720 [WARN] PackLoader:238 - Cannot read IP mode file for STMicroelectronics.X-CUBE-ISPU.2.1.0
2026-09-28 21:55:17,725 [ERROR] Engine:463 - C:\Users\Hius\.stm32cubemx\thirdparties\pdsc\STMicroelectronics.X-CUBE-IPS.3.2.0.pdsc: PDSC version is not supported
2026-09-28 21:55:17,727 [ERROR] Engine:463 - C:\Users\Hius\.stm32cubemx\thirdparties\pdsc\STMicroelectronics.eDS-WB_DPC_TT-BIDIR.2.1.1.pdsc: PDSC version is not supported
2026-09-28 21:55:17,734 [WARN] PackLoader:238 - Cannot read IP mode file for STMicroelectronics.X-CUBE-NFC12.1.0.0
2026-09-28 21:55:17,760 [WARN] PackLoader:238 - Cannot read IP mode file for STMicroelectronics.X-CUBE-AZRTOS-L5.2.0.0
2026-09-28 21:55:17,768 [WARN] PackLoader:238 - Cannot read IP mode file for STMicroelectronics.X-CUBE-ALGOBUILD.1.5.0
2026-09-28 21:55:17,770 [ERROR] Engine:463 - C:\Users\Hius\.stm32cubemx\thirdparties\pdsc\STMicroelectronics.eDS-WB_DPC_VIENNA.1.2.0.pdsc: PDSC version is not supported
2026-09-28 21:55:17,812 [WARN] PackLoader:238 - Cannot read IP mode file for STMicroelectronics.X-CUBE-MEMS1.13.0.0
2026-09-28 21:55:17,922 [ERROR] Engine:463 - C:\Users\Hius\.stm32cubemx\thirdparties\pdsc\STMicroelectronics.eDS-WB_DPC_3PH2L-BIDIR.1.1.1.pdsc: PDSC version is not supported
2026-09-28 21:55:17,923 [ERROR] Engine:463 - C:\Users\Hius\.stm32cubemx\thirdparties\pdsc\STMicroelectronics.X-CUBE-ST67W61.1.3.0.pdsc: PDSC version is not supported
2026-09-28 21:55:17,926 [WARN] PackLoader:238 - Cannot read IP mode file for STMicroelectronics.X-CUBE-TOUCHGFX.4.26.1
2026-09-28 21:55:17,926 [ERROR] Engine:463 - C:\Users\Hius\.stm32cubemx\thirdparties\pdsc\STMicroelectronics.X-CUBE-DPower.1.3.0.pdsc: PDSC version is not supported
2026-09-28 21:55:17,955 [WARN] ConditionMgr:437 - getConditionDescription Invalid condition id : LAN8742 Phy interface Condition cause : null
2026-09-28 21:55:17,956 [WARN] PackLoader:238 - Cannot read IP mode file for STMicroelectronics.X-CUBE-AZRTOS-L4.2.0.0
2026-09-28 21:55:17,956 [WARN] ConditionMgr:1038 - genDependencies : Invalid condition id : LAN8742 Phy interface Condition cause : null
2026-09-28 21:55:17,956 [WARN] ConditionMgr:1038 - genDependencies : Invalid condition id : LAN8742 Phy interface Condition cause : null
2026-09-28 21:55:17,958 [WARN] ConditionMgr:1038 - genDependencies : Invalid condition id : LAN8742 Phy interface Condition cause : null
2026-09-28 21:55:17,964 [WARN] PackLoader:238 - Cannot read IP mode file for STMicroelectronics.X-CUBE-SFXS2LP1.4.0.0
2026-09-28 21:55:17,970 [WARN] PackLoader:238 - Cannot read IP mode file for STMicroelectronics.X-CUBE-WB05N.2.1.0
2026-09-28 21:55:17,984 [WARN] ConditionMgr:437 - getConditionDescription Invalid condition id : UX DEVICE CLASS RTOS Condition cause : null
2026-09-28 21:55:17,984 [WARN] ConditionMgr:437 - getConditionDescription Invalid condition id : UX DEVICE CLASS RTOS Condition cause : null
2026-09-28 21:55:17,986 [WARN] PackLoader:238 - Cannot read IP mode file for STMicroelectronics.X-CUBE-AZRTOS-WB.2.0.0
2026-09-28 21:55:17,988 [WARN] ConditionMgr:1038 - genDependencies : Invalid condition id : UX DEVICE CLASS RTOS Condition cause : null
2026-09-28 21:55:17,988 [WARN] ConditionMgr:1038 - genDependencies : Invalid condition id : UX DEVICE CLASS RTOS Condition cause : null
2026-09-28 21:55:17,988 [WARN] ConditionMgr:1038 - genDependencies : Invalid condition id : UX DEVICE CLASS RTOS Condition cause : null
2026-09-28 21:55:17,988 [WARN] ConditionMgr:1038 - genDependencies : Invalid condition id : UX DEVICE CLASS RTOS Condition cause : null
2026-09-28 21:55:17,988 [WARN] ConditionMgr:1038 - genDependencies : Invalid condition id : UX DEVICE CLASS RTOS Condition cause : null
2026-09-28 21:55:17,990 [ERROR] Engine:463 - C:\Users\Hius\.stm32cubemx\thirdparties\pdsc\quantropi.X-CUBE-qispace-sdk-base.2.1.0.pdsc: PDSC version is not supported
2026-09-28 21:55:17,998 [WARN] PackLoader:238 - Cannot read IP mode file for STMicroelectronics.X-CUBE-STSE01.2.0.0
2026-09-28 21:55:18,006 [WARN] PackLoader:238 - Cannot read IP mode file for STMicroelectronics.X-CUBE-SUBG2.5.0.0
2026-09-28 21:55:18,026 [WARN] PackLoader:238 - Cannot read IP mode file for STMicroelectronics.X-CUBE-AZRTOS-G4.2.0.0
2026-09-28 21:55:18,040 [WARN] PackLoader:238 - Cannot read IP mode file for wolfSSL.I-CUBE-wolfSSH.1.4.20
2026-09-28 21:55:18,046 [WARN] PackLoader:238 - Cannot read IP mode file for STMicroelectronics.X-CUBE-NFC7.2.0.0
2026-09-28 21:55:18,049 [ERROR] Engine:463 - C:\Users\Hius\.stm32cubemx\thirdparties\pdsc\STMicroelectronics.X-CUBE-BLEMGR.4.2.0.pdsc: PDSC version is not supported
2026-09-28 21:55:18,049 [ERROR] Engine:463 - C:\Users\Hius\.stm32cubemx\thirdparties\pdsc\STMicroelectronics.X-CUBE-ALS.1.0.2.pdsc: PDSC version is not supported
2026-09-28 21:55:18,056 [ERROR] Engine:463 - C:\Users\Hius\.stm32cubemx\thirdparties\pdsc\STMicroelectronics.X-CUBE-TOF1.3.4.3.pdsc: PDSC version is not supported
2026-09-28 21:55:18,056 [INFO] ThirdParty:915 - Integrity check success = true
2026-09-28 21:55:18,056 [INFO] IntegrityCheckThread:94 - exiting critical section [integrity check]
2026-09-28 21:55:18,056 [INFO] IntegrityCheckThread:97 - End integrity checks thread
2026-09-28 21:55:18,223 [INFO] DbMcusAds:47 - JSON generation date=Tue Sep 22 19:25:16 ICT 2026 (1790079916640)
2026-09-28 21:55:18,252 [INFO] DbMcusDocs:143 - JSON generation date=Mon Jun 07 15:53:21 ICT 2021 (1623056001)
2026-09-28 21:55:18,253 [INFO] DbMcusXml:100 - Load MCU database from D:\STM32CubeIDE_1.7.0\STM32CubeIDE\plugins\com.st.stm32cube.common.mx_6.3.0.202107141111\\db\/mcu/families.xml
2026-09-28 21:55:19,120 [INFO] DbMcusJson:93 - JSON generation date=Mon Jun 07 15:53:21 ICT 2021 (1623056001)
2026-09-28 21:55:19,776 [INFO] DbMcus:175 - Found 1951 MCUs (1903 are supported by CubeMX, 1903 are visible in CubeMX)
2026-09-28 21:55:19,776 [INFO] ApiDb:251 - Load user favorites file C:\Users\Hius/.stm32cubeide/favorites.mcus.txt: 0 item(s)
2026-09-28 21:55:19,776 [INFO] ApiDb:255 - User favorites MCUs=[]
2026-09-28 21:55:19,776 [INFO] DbMcus:187 - Set 0 / 0 favorites MCUs
2026-09-28 21:55:20,086 [INFO] DbMcusDocs:79 - Found 669 MCUs documents
2026-09-28 21:55:20,088 [INFO] ApiDb:276 - Save user favorites file C:\Users\Hius/.stm32cubeide/favorites.mcus.txt: 0 item(s)
2026-09-28 21:55:20,088 [INFO] ApiDb:280 - User favorites MCUs=[]
2026-09-28 21:55:20,088 [INFO] DbMcusXml:100 - Load MCU database from D:\STM32CubeIDE_1.7.0\STM32CubeIDE\plugins\com.st.stm32cube.common.mx_6.3.0.202107141111\\db\/mcu/families.xml
2026-09-28 21:55:20,846 [INFO] DbMcusJson:93 - JSON generation date=Mon Jun 07 15:53:21 ICT 2021 (1623056001)
2026-09-28 21:55:21,468 [INFO] DbMcus:175 - Found 1951 MCUs (1903 are supported by CubeMX, 1903 are visible in CubeMX)
2026-09-28 21:55:21,468 [INFO] ApiDb:251 - Load user favorites file C:\Users\Hius/.stm32cubeide/favorites.mcus.txt: 0 item(s)
2026-09-28 21:55:21,470 [INFO] ApiDb:255 - User favorites MCUs=[]
2026-09-28 21:55:21,470 [INFO] DbMcus:187 - Set 0 / 0 favorites MCUs
2026-09-28 21:55:21,481 [INFO] DbBoardsDocs:143 - JSON generation date=Tue Jun 01 12:52:40 ICT 2021 (1622526760)
2026-09-28 21:55:21,486 [INFO] DbBoardsPdsc:90 - Found 25 items
2026-09-28 21:55:21,486 [INFO] DbBoardsPdsc:90 - Found 9 items
2026-09-28 21:55:21,497 [INFO] DbBoardsPdsc:90 - Found 33 items
2026-09-28 21:55:21,497 [INFO] DbBoardsPdsc:90 - Found 1 items
2026-09-28 21:55:21,499 [INFO] DbBoardsPdsc:90 - Found 48 items
2026-09-28 21:55:21,506 [INFO] DbBoardsPdsc:90 - Found 43 items
2026-09-28 21:55:21,506 [INFO] DbBoardsPdsc:90 - Found 2 items
2026-09-28 21:55:21,511 [INFO] DbBoardsPdsc:90 - Found 5 items
2026-09-28 21:55:21,516 [WARN] DbBoardsPdsc:254 - Board STM32H7B3I-DK: unknown feature type=Audio, name=, username=Audio stereo codec with Headphone Amp (CS42L51-CNZ), n=1
2026-09-28 21:55:21,516 [WARN] DbBoardsPdsc:254 - Board STM32H735G-DK: unknown feature type=Audio, name=, username=Audio stereo codec with Headphone Amp (WM8994ECS/R), n=1
2026-09-28 21:55:21,518 [WARN] DbBoardsPdsc:254 - Board STM32H7B3I-EVAL: unknown feature type=Audio, name=, username=Multi-Channel Audio Codec (CS42L51-CNZ), n=1
2026-09-28 21:55:21,518 [WARN] DbBoardsPdsc:254 - Board STM32H7B3I-EVAL: unknown feature type=Meter, name=, username=Power-metering and Temperature-monitoring with sigma-delta modulators, n=1
2026-09-28 21:55:21,518 [WARN] DbBoardsPdsc:254 - Board STM32H7B3I-EVAL: unknown feature type=Motor, name=, username=Motor Control, n=1
2026-09-28 21:55:21,518 [WARN] DbBoardsPdsc:254 - Board STM32U575I-EV: unknown feature type=joystick, name=, username=4-direction joystick with selection button, n=1
2026-09-28 21:55:21,532 [INFO] DbBoardsJson:86 - JSON generation date=Tue Jun 01 12:52:40 ICT 2021 (1622526760)
2026-09-28 21:55:21,538 [INFO] DbBoards:117 - Found 166 boards (163 are supported by CubeMX)
2026-09-28 21:55:21,548 [INFO] DbBoardsDocs:143 - JSON generation date=Tue Jun 01 12:52:40 ICT 2021 (1622526760)
2026-09-28 21:55:21,566 [INFO] DbBoardsDocs:79 - Found 193 boards documents
2026-09-28 21:55:21,566 [WARN] DbBoards:127 - board B-L462E-CELL1 has no document id list !
2026-09-28 21:55:21,566 [WARN] DbBoards:127 - board B-L475E-IOT01A2 has no document id list !
2026-09-28 21:55:21,566 [WARN] DbBoards:127 - board B-U585I-IOT02A has no document id list !
2026-09-28 21:55:21,568 [WARN] DbBoards:127 - board NUCLEO-G0B1RE has no document id list !
2026-09-28 21:55:21,568 [WARN] DbBoards:127 - board NUCLEO-H743ZI has no document id list !
2026-09-28 21:55:21,568 [WARN] DbBoards:127 - board NUCLEO-L4A6ZG has no document id list !
2026-09-28 21:55:21,570 [WARN] DbBoards:127 - board NUCLEO-U575ZI-Q has no document id list !
2026-09-28 21:55:21,570 [WARN] DbBoards:127 - board NUCLEO-WB15CC has no document id list !
2026-09-28 21:55:21,570 [WARN] DbBoards:127 - board NUCLEO-WB55RG has no document id list !
2026-09-28 21:55:21,570 [WARN] DbBoards:127 - board NUCLEO-WL55JC2 has no document id list !
2026-09-28 21:55:21,570 [WARN] DbBoards:127 - board P-NUCLEO-WB55-Nucleo has no document id list !
2026-09-28 21:55:21,570 [WARN] DbBoards:127 - board P-NUCLEO-WB55-USBDongle has no document id list !
2026-09-28 21:55:21,570 [WARN] DbBoards:127 - board STEVAL-BFA001V1B has no document id list !
2026-09-28 21:55:21,570 [WARN] DbBoards:127 - board STEVAL-BFA001V2B has no document id list !
2026-09-28 21:55:21,570 [WARN] DbBoards:127 - board STEVAL-IDP005V1 has no document id list !
2026-09-28 21:55:21,570 [WARN] DbBoards:127 - board STEVAL-IDP005V2 has no document id list !
2026-09-28 21:55:21,570 [WARN] DbBoards:127 - board STEVAL-MKSBOX1V1 has no document id list !
2026-09-28 21:55:21,570 [WARN] DbBoards:127 - board STEVAL-STWINKT1 has no document id list !
2026-09-28 21:55:21,570 [WARN] DbBoards:127 - board STEVAL-STWINKT1B has no document id list !
2026-09-28 21:55:21,570 [WARN] DbBoards:127 - board STM32F401C-DISCO has no document id list !
2026-09-28 21:55:21,572 [WARN] DbBoards:127 - board STM32F769I-DISC1 has no document id list !
2026-09-28 21:55:21,572 [WARN] DbBoards:127 - board STM32G0C1E-EV has no document id list !
2026-09-28 21:55:21,572 [WARN] DbBoards:127 - board STM32G474E-EVAL1 has no document id list !
2026-09-28 21:55:21,572 [WARN] DbBoards:127 - board STM32H743I-EVAL2 has no document id list !
2026-09-28 21:55:21,572 [WARN] DbBoards:127 - board STM32H747I-DISC1 has no document id list !
2026-09-28 21:55:21,572 [WARN] DbBoards:127 - board STM32H753I-EVAL2 has no document id list !
2026-09-28 21:55:21,574 [WARN] DbBoards:127 - board STM32L-DISCOVERY has no document id list !
2026-09-28 21:55:21,574 [WARN] DbBoards:127 - board STM32MP157A-DK1 has no document id list !
2026-09-28 21:55:21,574 [WARN] DbBoards:127 - board STM32MP157D-DK1 has no document id list !
2026-09-28 21:55:21,574 [WARN] DbBoards:127 - board STM32MP157D-EV1 has no document id list !
2026-09-28 21:55:21,574 [WARN] DbBoards:127 - board STM32MP157F-DK2 has no document id list !
2026-09-28 21:55:21,574 [WARN] DbBoards:127 - board STM32MP157F-EV1 has no document id list !
2026-09-28 21:55:21,574 [WARN] DbBoards:127 - board STM32U575I-EV has no document id list !
2026-09-28 21:55:21,574 [WARN] DbBoards:127 - board STM32WB5MM-DK has no document id list !
2026-09-28 21:55:23,338 [INFO] ApiDb:251 - Load user favorites file C:\Users\Hius/.stm32cubeide/favorites.boards.txt: 0 item(s)
2026-09-28 21:55:23,338 [INFO] ApiDb:255 - User favorites Boards=[]
2026-09-28 21:55:23,338 [INFO] DbBoards:206 - Set 0 / 0 favorites Boards
2026-09-28 21:55:23,351 [INFO] DbBoardsDocs:79 - Found 386 boards documents
2026-09-28 21:55:23,351 [INFO] ApiDb:276 - Save user favorites file C:\Users\Hius/.stm32cubeide/favorites.boards.txt: 0 item(s)
2026-09-28 21:55:23,351 [INFO] ApiDb:280 - User favorites Boards=[]
2026-09-28 21:55:23,356 [INFO] DbBoardsPdsc:90 - Found 25 items
2026-09-28 21:55:23,356 [INFO] DbBoardsPdsc:90 - Found 9 items
2026-09-28 21:55:23,362 [INFO] DbBoardsPdsc:90 - Found 33 items
2026-09-28 21:55:23,362 [INFO] DbBoardsPdsc:90 - Found 1 items
2026-09-28 21:55:23,366 [INFO] DbBoardsPdsc:90 - Found 48 items
2026-09-28 21:55:23,366 [INFO] DbBoardsPdsc:90 - Found 43 items
2026-09-28 21:55:23,366 [INFO] DbBoardsPdsc:90 - Found 2 items
2026-09-28 21:55:23,366 [INFO] DbBoardsPdsc:90 - Found 5 items
2026-09-28 21:55:23,376 [WARN] DbBoardsPdsc:254 - Board STM32H7B3I-DK: unknown feature type=Audio, name=, username=Audio stereo codec with Headphone Amp (CS42L51-CNZ), n=1
2026-09-28 21:55:23,376 [WARN] DbBoardsPdsc:254 - Board STM32H735G-DK: unknown feature type=Audio, name=, username=Audio stereo codec with Headphone Amp (WM8994ECS/R), n=1
2026-09-28 21:55:23,378 [WARN] DbBoardsPdsc:254 - Board STM32H7B3I-EVAL: unknown feature type=Audio, name=, username=Multi-Channel Audio Codec (CS42L51-CNZ), n=1
2026-09-28 21:55:23,378 [WARN] DbBoardsPdsc:254 - Board STM32H7B3I-EVAL: unknown feature type=Meter, name=, username=Power-metering and Temperature-monitoring with sigma-delta modulators, n=1
2026-09-28 21:55:23,378 [WARN] DbBoardsPdsc:254 - Board STM32H7B3I-EVAL: unknown feature type=Motor, name=, username=Motor Control, n=1
2026-09-28 21:55:23,378 [WARN] DbBoardsPdsc:254 - Board STM32U575I-EV: unknown feature type=joystick, name=, username=4-direction joystick with selection button, n=1
2026-09-28 21:55:23,391 [INFO] DbBoardsJson:86 - JSON generation date=Tue Jun 01 12:52:40 ICT 2021 (1622526760)
2026-09-28 21:55:23,396 [INFO] DbBoards:117 - Found 166 boards (163 are supported by CubeMX)
2026-09-28 21:55:23,396 [WARN] DbBoards:127 - board B-L462E-CELL1 has no document id list !
2026-09-28 21:55:23,396 [WARN] DbBoards:127 - board B-L475E-IOT01A2 has no document id list !
2026-09-28 21:55:23,396 [WARN] DbBoards:127 - board B-U585I-IOT02A has no document id list !
2026-09-28 21:55:23,396 [WARN] DbBoards:127 - board NUCLEO-G0B1RE has no document id list !
2026-09-28 21:55:23,396 [WARN] DbBoards:127 - board NUCLEO-H743ZI has no document id list !
2026-09-28 21:55:23,396 [WARN] DbBoards:127 - board NUCLEO-L4A6ZG has no document id list !
2026-09-28 21:55:23,396 [WARN] DbBoards:127 - board NUCLEO-U575ZI-Q has no document id list !
2026-09-28 21:55:23,396 [WARN] DbBoards:127 - board NUCLEO-WB15CC has no document id list !
2026-09-28 21:55:23,396 [WARN] DbBoards:127 - board NUCLEO-WB55RG has no document id list !
2026-09-28 21:55:23,396 [WARN] DbBoards:127 - board NUCLEO-WL55JC2 has no document id list !
2026-09-28 21:55:23,396 [WARN] DbBoards:127 - board P-NUCLEO-WB55-Nucleo has no document id list !
2026-09-28 21:55:23,396 [WARN] DbBoards:127 - board P-NUCLEO-WB55-USBDongle has no document id list !
2026-09-28 21:55:23,396 [WARN] DbBoards:127 - board STEVAL-BFA001V1B has no document id list !
2026-09-28 21:55:23,396 [WARN] DbBoards:127 - board STEVAL-BFA001V2B has no document id list !
2026-09-28 21:55:23,396 [WARN] DbBoards:127 - board STEVAL-IDP005V1 has no document id list !
2026-09-28 21:55:23,396 [WARN] DbBoards:127 - board STEVAL-IDP005V2 has no document id list !
2026-09-28 21:55:23,396 [WARN] DbBoards:127 - board STEVAL-MKSBOX1V1 has no document id list !
2026-09-28 21:55:23,396 [WARN] DbBoards:127 - board STEVAL-STWINKT1 has no document id list !
2026-09-28 21:55:23,396 [WARN] DbBoards:127 - board STEVAL-STWINKT1B has no document id list !
2026-09-28 21:55:23,398 [WARN] DbBoards:127 - board STM32F401C-DISCO has no document id list !
2026-09-28 21:55:23,398 [WARN] DbBoards:127 - board STM32F769I-DISC1 has no document id list !
2026-09-28 21:55:23,398 [WARN] DbBoards:127 - board STM32G0C1E-EV has no document id list !
2026-09-28 21:55:23,398 [WARN] DbBoards:127 - board STM32G474E-EVAL1 has no document id list !
2026-09-28 21:55:23,398 [WARN] DbBoards:127 - board STM32H743I-EVAL2 has no document id list !
2026-09-28 21:55:23,398 [WARN] DbBoards:127 - board STM32H747I-DISC1 has no document id list !
2026-09-28 21:55:23,398 [WARN] DbBoards:127 - board STM32H753I-EVAL2 has no document id list !
2026-09-28 21:55:23,398 [WARN] DbBoards:127 - board STM32L-DISCOVERY has no document id list !
2026-09-28 21:55:23,398 [WARN] DbBoards:127 - board STM32MP157A-DK1 has no document id list !
2026-09-28 21:55:23,398 [WARN] DbBoards:127 - board STM32MP157D-DK1 has no document id list !
2026-09-28 21:55:23,398 [WARN] DbBoards:127 - board STM32MP157D-EV1 has no document id list !
2026-09-28 21:55:23,398 [WARN] DbBoards:127 - board STM32MP157F-DK2 has no document id list !
2026-09-28 21:55:23,398 [WARN] DbBoards:127 - board STM32MP157F-EV1 has no document id list !
2026-09-28 21:55:23,398 [WARN] DbBoards:127 - board STM32U575I-EV has no document id list !
2026-09-28 21:55:23,398 [WARN] DbBoards:127 - board STM32WB5MM-DK has no document id list !
2026-09-28 21:55:24,739 [INFO] ApiDb:251 - Load user favorites file C:\Users\Hius/.stm32cubeide/favorites.boards.txt: 0 item(s)
2026-09-28 21:55:24,739 [INFO] ApiDb:255 - User favorites Boards=[]
2026-09-28 21:55:24,739 [INFO] DbBoards:206 - Set 0 / 0 favorites Boards
2026-09-28 21:55:24,739 [ERROR] TargetSelectorAdapter:232 - Unable to refresh data
2026-09-28 21:55:24,908 [INFO] McuFinderGlobals:52 - Set McuFinderConnectedMode to false
2026-09-28 21:55:25,010 [INFO] CrossSelectorPresenter:1330 - Cross Selector saved comparison directory: C:\Users\Hius\.stmcufinder\plugins\mcufinder\mcu\cs_comparisons_mx
2026-09-28 21:55:25,015 [INFO] MultiScanPanel:197 - Auto-refresh data requested => check proxy status ongoing
2026-09-28 21:55:25,015 [INFO] MultiScanPanel:201 - Proxy status is invalid
2026-09-28 21:55:25,015 [INFO] FinderPluginLoader:87 - Searching for filters in installed packs
2026-09-28 21:55:25,436 [WARN] DetailPanel:314 - Failed to get advertising image, set to default
2026-09-28 21:55:25,836 [INFO] ToolPreferences:109 - Table McuList, key=mcufinder_cubeide.mculist: column name not found=Match
2026-09-28 21:55:25,906 [INFO] ToolPreferences:109 - Table McuList, key=mcufinder_cubeide.mculist: column name not found=Match
2026-09-28 21:55:25,974 [INFO] ToolPreferences:109 - Table McuList, key=mcufinder_cubeide.mculist: column name not found=Match
2026-09-28 21:55:47,705 [INFO] McuFinderGlobals:52 - Set McuFinderConnectedMode to true
2026-09-28 21:55:48,045 [INFO] ApiDb:276 - Save user favorites file C:\Users\Hius/.stm32cubeide/favorites.mcus.txt: 0 item(s)
2026-09-28 21:55:48,045 [INFO] ApiDb:280 - User favorites MCUs=[]
2026-09-28 21:56:31,821 [INFO] MainUpdater:2671 - connection check result : 10
2026-09-28 21:56:31,821 [INFO] MainUpdater:2671 - connection check result : 10
2026-09-28 21:56:31,910 [INFO] MicroXplorer:448 - Change Database Path : 
2026-09-28 21:56:31,910 [INFO] MicroXplorer:478 - Change Database Version : DB.6.0.30
2026-09-28 21:56:31,910 [WARN] ThirdParty:813 - waiting for thirdparty lock release [close project]
2026-09-28 21:56:31,910 [INFO] ThirdParty:815 - entering critical section [close project]
2026-09-28 21:56:31,915 [INFO] ThirdParty:825 - exiting critical section [close project]
2026-09-28 21:56:31,915 [INFO] PinOutPanel:1463 - setPackage(No Configuration,No Configuration)
2026-09-28 21:56:31,915 [INFO] UtilMem:74 - Begin LoadConfig() Used Memory: 395118048 Bytes (672137216)
2026-09-28 21:56:31,915 [INFO] MicroXplorer:448 - Change Database Path : 
2026-09-28 21:56:31,915 [INFO] MicroXplorer:478 - Change Database Version : DB.6.0.30
2026-09-28 21:56:31,915 [INFO] OpenFileManager:313 - Change cursor
2026-09-28 21:56:32,685 [INFO] Context:592 - Trying to add GPIOservice into a context  which must be forbidden
2026-09-28 21:56:32,935 [WARN] ApiManager:304 - Cannot register API 'Board Extension:PM33A1' from pack STMicroelectronics.X-CUBE-PM33A1.1.0.0: no header file found
2026-09-28 21:56:32,937 [WARN] ApiManager:304 - Cannot register API 'Board Extension:NFC09A1' from pack STMicroelectronics.X-CUBE-NFC9.1.0.0: no header file found
2026-09-28 21:56:32,941 [WARN] ApiManager:304 - Cannot register API 'Wireless:BlueNRG-MS' from pack STMicroelectronics.X-CUBE-BLE1.7.1.0: no header file found
2026-09-28 21:56:32,945 [WARN] ApiManager:304 - Cannot register API 'Board Extension:EEPRMA2' from pack STMicroelectronics.X-CUBE-EEPRMA1.5.2.0: no header file found
2026-09-28 21:56:32,945 [WARN] ApiManager:304 - Cannot register API 'Board Extension:PGEEZ1' from pack STMicroelectronics.X-CUBE-EEPRMA1.5.2.0: no header file found
2026-09-28 21:56:32,945 [WARN] ApiManager:304 - Cannot register API 'Board Extension:EEICA1' from pack STMicroelectronics.X-CUBE-EEPRMA1.5.2.0: no header file found
2026-09-28 21:56:32,945 [WARN] ApiManager:304 - Cannot register API 'Board Part:M24' from pack STMicroelectronics.X-CUBE-EEPRMA1.5.2.0: no header file found
2026-09-28 21:56:32,945 [WARN] ApiManager:304 - Cannot register API 'Board Part:M95' from pack STMicroelectronics.X-CUBE-EEPRMA1.5.2.0: no header file found
2026-09-28 21:56:32,945 [WARN] ApiManager:304 - Cannot register API 'Board Part:M95P32' from pack STMicroelectronics.X-CUBE-EEPRMA1.5.2.0: no header file found
2026-09-28 21:56:32,945 [WARN] ApiManager:304 - Cannot register API 'Board Part:M24256E-F' from pack STMicroelectronics.X-CUBE-EEPRMA1.5.2.0: no header file found
2026-09-28 21:56:32,945 [WARN] ApiManager:304 - Cannot register API 'Board Part:M24M01E-F' from pack STMicroelectronics.X-CUBE-EEPRMA1.5.2.0: no header file found
2026-09-28 21:56:32,945 [WARN] ApiManager:304 - Cannot register API 'PGEEZ1:SPI' from pack STMicroelectronics.X-CUBE-EEPRMA1.5.2.0: no header file found
2026-09-28 21:56:32,945 [WARN] ApiManager:304 - Cannot register API 'PGEEZ1:QDSPI' from pack STMicroelectronics.X-CUBE-EEPRMA1.5.2.0: no header file found
2026-09-28 21:56:32,945 [WARN] ApiManager:304 - Cannot register API 'Board Extension:NFC12A1' from pack STMicroelectronics.X-CUBE-NFC12.1.0.0: no header file found
2026-09-28 21:56:32,955 [WARN] ApiManager:304 - Cannot register API 'Board Extension:SAFEA1' from pack STMicroelectronics.X-CUBE-STSE01.2.0.0: no header file found
2026-09-28 21:56:32,955 [WARN] ApiManager:304 - Cannot register API 'Board Extension:ESE01A1' from pack STMicroelectronics.X-CUBE-STSE01.2.0.0: no header file found
2026-09-28 21:56:32,955 [WARN] ApiManager:304 - Cannot register API 'Board Extension:ESE02A1' from pack STMicroelectronics.X-CUBE-STSE01.2.0.0: no header file found
2026-09-28 21:56:32,955 [WARN] ApiManager:304 - Cannot register API 'Board Part:STSAFEA110' from pack STMicroelectronics.X-CUBE-STSE01.2.0.0: no header file found
2026-09-28 21:56:32,955 [WARN] ApiManager:304 - Cannot register API 'Board Part:STSAFEA120' from pack STMicroelectronics.X-CUBE-STSE01.2.0.0: no header file found
2026-09-28 21:56:32,955 [WARN] ApiManager:304 - Cannot register API 'Board Part:STSAFEL010' from pack STMicroelectronics.X-CUBE-STSE01.2.0.0: no header file found
2026-09-28 21:56:32,955 [WARN] ApiManager:304 - Cannot register API 'Security:STM32_Cryptographic' from pack STMicroelectronics.X-CUBE-STSE01.2.0.0: no header file found
2026-09-28 21:56:32,955 [WARN] ApiManager:304 - Cannot register API 'Security:STSELib' from pack STMicroelectronics.X-CUBE-STSE01.2.0.0: no header file found
2026-09-28 21:56:32,955 [INFO] RtosManager:484 - Registered RTOS mode: class=CMSIS, group=RTOS, mode=CMSIS_V1, owner=FREERTOS
2026-09-28 21:56:32,955 [INFO] RtosManager:484 - Registered RTOS mode: class=CMSIS, group=RTOS2, mode=CMSIS_V2, owner=FREERTOS
2026-09-28 21:56:32,955 [INFO] RtosManager:484 - Registered RTOS mode: class=RTOS, group=Core, mode=CMSIS_V1, owner=FREERTOS
2026-09-28 21:56:32,955 [INFO] RtosManager:484 - Registered RTOS mode: class=RTOS, group=Core, mode=CMSIS_V2, owner=FREERTOS
2026-09-28 21:56:32,955 [WARN] ModelIntegratedComponent:181 - Missing modes for component STMicroelectronics:FreeRTOS:0.0.1:STMicroelectronics:RTOS:FreeRTOS:Core:::10.2.0:
2026-09-28 21:56:32,964 [WARN] ApiManager:304 - Cannot register API 'Board Extension:NFC04A1' from pack STMicroelectronics.X-CUBE-NFC4.3.0.0: no header file found
2026-09-28 21:56:32,972 [WARN] ApiManager:304 - Cannot register API 'Board Extension:S2868A1' from pack STMicroelectronics.X-CUBE-SUBG2.5.0.0: no header file found
2026-09-28 21:56:32,973 [WARN] ApiManager:304 - Cannot register API 'Board Extension:S2868A2' from pack STMicroelectronics.X-CUBE-SUBG2.5.0.0: no header file found
2026-09-28 21:56:32,973 [WARN] ApiManager:304 - Cannot register API 'Board Extension:S2915A1' from pack STMicroelectronics.X-CUBE-SUBG2.5.0.0: no header file found
2026-09-28 21:56:33,174 [WARN] ApiManager:304 - Cannot register API 'Board Extension:IKS02A1' from pack STMicroelectronics.X-CUBE-MEMS1.13.0.0: no header file found
2026-09-28 21:56:33,174 [WARN] ApiManager:304 - Cannot register API 'Board Extension:IKS4A1' from pack STMicroelectronics.X-CUBE-MEMS1.13.0.0: no header file found
2026-09-28 21:56:33,174 [WARN] ApiManager:304 - Cannot register API 'Board Extension:IKS5A1' from pack STMicroelectronics.X-CUBE-MEMS1.13.0.0: no header file found
2026-09-28 21:56:33,198 [WARN] ApiManager:304 - Cannot register API 'Board Extension:NFC07A1' from pack STMicroelectronics.X-CUBE-NFC7.2.0.0: no header file found
2026-09-28 21:56:33,200 [WARN] ApiManager:304 - Cannot register API 'Board Extension:GNSS1A1' from pack STMicroelectronics.X-CUBE-GNSS1.7.1.1: no header file found
2026-09-28 21:56:33,200 [WARN] ApiManager:304 - Cannot register API 'Board Support:Custom' from pack STMicroelectronics.X-CUBE-GNSS1.7.1.1: no header file found
2026-09-28 21:56:33,200 [WARN] ApiManager:304 - Cannot register API 'Data Exchange:lib_gnss' from pack STMicroelectronics.X-CUBE-GNSS1.7.1.1: no header file found
2026-09-28 21:56:33,202 [WARN] ApiManager:304 - Cannot register API 'Board Extension:NFC10A1' from pack STMicroelectronics.X-CUBE-NFC10.1.0.0: no header file found
2026-09-28 21:56:33,204 [WARN] ModelIntegratedComponent:60 - No mode defined for component null
2026-09-28 21:56:33,204 [WARN] ModelIntegratedComponent:60 - No mode defined for component null
2026-09-28 21:56:33,204 [WARN] ModelIntegratedComponent:60 - No mode defined for component null
2026-09-28 21:56:33,204 [WARN] ModelIntegratedComponent:60 - No mode defined for component null
2026-09-28 21:56:33,204 [WARN] ModelIntegratedComponent:60 - No mode defined for component null
2026-09-28 21:56:33,204 [WARN] ModelIntegratedComponent:60 - No mode defined for component null
2026-09-28 21:56:33,204 [WARN] ModelIntegratedComponent:60 - No mode defined for component null
2026-09-28 21:56:33,204 [WARN] ModelIntegratedComponent:60 - No mode defined for component null
2026-09-28 21:56:33,204 [WARN] ModelIntegratedComponent:60 - No mode defined for component null
2026-09-28 21:56:33,204 [WARN] ModelIntegratedComponent:60 - No mode defined for component null
2026-09-28 21:56:33,204 [WARN] ModelIntegratedComponent:60 - No mode defined for component null
2026-09-28 21:56:33,204 [WARN] ModelIntegratedComponent:60 - No mode defined for component null
2026-09-28 21:56:33,204 [WARN] ModelIntegratedComponent:60 - No mode defined for component null
2026-09-28 21:56:33,204 [WARN] ModelIntegratedComponent:60 - No mode defined for component null
2026-09-28 21:56:33,204 [WARN] ModelIntegratedComponent:60 - No mode defined for component null
2026-09-28 21:56:33,204 [WARN] ModelIntegratedComponent:60 - No mode defined for component null
2026-09-28 21:56:33,204 [WARN] ModelIntegratedComponent:60 - No mode defined for component null
2026-09-28 21:56:33,204 [WARN] ModelIntegratedComponent:60 - No mode defined for component null
2026-09-28 21:56:33,204 [WARN] ModelIntegratedComponent:60 - No mode defined for component null
2026-09-28 21:56:33,204 [WARN] ModelIntegratedComponent:60 - No mode defined for component null
2026-09-28 21:56:33,204 [WARN] ModelIntegratedComponent:60 - No mode defined for component null
2026-09-28 21:56:33,204 [WARN] ModelIntegratedComponent:60 - No mode defined for component null
2026-09-28 21:56:33,204 [WARN] ModelIntegratedComponent:60 - No mode defined for component null
2026-09-28 21:56:33,204 [WARN] ModelIntegratedComponent:60 - No mode defined for component null
2026-09-28 21:56:33,204 [WARN] ModelIntegratedComponent:60 - No mode defined for component null
2026-09-28 21:56:33,204 [WARN] ModelIntegratedComponent:60 - No mode defined for component null
2026-09-28 21:56:33,204 [WARN] ModelIntegratedComponent:60 - No mode defined for component null
2026-09-28 21:56:33,204 [WARN] ModelIntegratedComponent:60 - No mode defined for component null
2026-09-28 21:56:33,204 [WARN] ModelIntegratedComponent:60 - No mode defined for component null
2026-09-28 21:56:33,204 [WARN] ModelIntegratedComponent:60 - No mode defined for component null
2026-09-28 21:56:33,204 [WARN] ModelIntegratedComponent:60 - No mode defined for component null
2026-09-28 21:56:33,204 [WARN] ApiManager:304 - Cannot register API 'Board Extension:NFC06A1' from pack STMicroelectronics.X-CUBE-NFC6.3.2.0: no header file found
2026-09-28 21:56:33,204 [WARN] ApiManager:304 - Cannot register API 'Board Extension:NFC08A1' from pack STMicroelectronics.X-CUBE-NFC6.3.2.0: no header file found
2026-09-28 21:56:33,225 [WARN] ApiManager:304 - Cannot register API 'Board Extension:S2868A1' from pack STMicroelectronics.X-CUBE-SFXS2LP1.4.0.0: no header file found
2026-09-28 21:56:33,225 [WARN] ApiManager:304 - Cannot register API 'Board Extension:S2868A2' from pack STMicroelectronics.X-CUBE-SFXS2LP1.4.0.0: no header file found
2026-09-28 21:56:33,225 [WARN] ApiManager:304 - Cannot register API 'Board Extension:S2915A1' from pack STMicroelectronics.X-CUBE-SFXS2LP1.4.0.0: no header file found
2026-09-28 21:56:33,225 [WARN] ApiManager:304 - Cannot register API 'Wireless:BlueNRG-2' from pack STMicroelectronics.X-CUBE-BLE2.3.3.0: no header file found
2026-09-28 21:56:33,225 [WARN] ApiManager:304 - Cannot register API 'Board Extension:NFC13A1' from pack STMicroelectronics.X-CUBE-NFC13.1.0.0: no header file found
2026-09-28 21:56:33,227 [WARN] ApiManager:304 - Cannot register API 'Wireless:STM32WB05N' from pack STMicroelectronics.X-CUBE-WB05N.2.1.0: no header file found
2026-09-28 21:56:34,950 [INFO] UtilMem:74 - End LoadConfig() Used Memory: 424826048 Bytes (672137216)
2026-09-28 21:56:34,950 [WARN] ThirdParty:779 - waiting for thirdparty lock release [change project]
2026-09-28 21:56:34,950 [INFO] ThirdParty:781 - entering critical section [change project]
2026-09-28 21:56:34,950 [INFO] ThirdParty:967 - CMSIS Pack Vendor :STMicroelectronics X-CUBE-AZRTOS-H7 3.5.0
2026-09-28 21:56:34,950 [INFO] ThirdParty:967 - CMSIS Pack Vendor :STMicroelectronics X-CUBE-PM33A1 1.0.0
2026-09-28 21:56:34,950 [INFO] ThirdParty:967 - CMSIS Pack Vendor :STMicroelectronics X-CUBE-NFC9 1.0.0
2026-09-28 21:56:34,950 [INFO] ThirdParty:967 - CMSIS Pack Vendor :STMicroelectronics USB_HOST 2.0.0
2026-09-28 21:56:34,950 [INFO] ThirdParty:967 - CMSIS Pack Vendor :STMicroelectronics FP-ATR-ASTRA1 2.0.3
2026-09-28 21:56:34,950 [INFO] ThirdParty:967 - CMSIS Pack Vendor :STMicroelectronics X-CUBE-AZRTOS-F4 1.1.0
2026-09-28 21:56:34,950 [INFO] ThirdParty:967 - CMSIS Pack Vendor :STMicroelectronics X-CUBE-BLE1 7.1.0
2026-09-28 21:56:34,950 [INFO] ThirdParty:967 - CMSIS Pack Vendor :wolfSSL I-CUBE-wolfMQTT 1.19.2
2026-09-28 21:56:34,950 [INFO] ThirdParty:967 - CMSIS Pack Vendor :STMicroelectronics USB_DEVICE 3.0.0
2026-09-28 21:56:34,950 [INFO] ThirdParty:967 - CMSIS Pack Vendor :STMicroelectronics X-CUBE-ISPU 2.1.0
2026-09-28 21:56:34,950 [INFO] ThirdParty:967 - CMSIS Pack Vendor :STMicroelectronics X-CUBE-EEPRMA1 5.2.0
2026-09-28 21:56:34,950 [INFO] ThirdParty:967 - CMSIS Pack Vendor :STMicroelectronics X-CUBE-AZRTOS-WB 2.0.0
2026-09-28 21:56:34,950 [INFO] ThirdParty:967 - CMSIS Pack Vendor :STMicroelectronics X-CUBE-NFC12 1.0.0
2026-09-28 21:56:34,950 [INFO] ThirdParty:967 - CMSIS Pack Vendor :STMicroelectronics X-CUBE-AZRTOS-F7 1.1.0
2026-09-28 21:56:34,950 [INFO] ThirdParty:967 - CMSIS Pack Vendor :STMicroelectronics X-CUBE-AZRTOS-L5 2.0.0
2026-09-28 21:56:34,950 [INFO] ThirdParty:967 - CMSIS Pack Vendor :STMicroelectronics USB_DEVICE 2.0.0
2026-09-28 21:56:34,950 [INFO] ThirdParty:967 - CMSIS Pack Vendor :STMicroelectronics X-CUBE-STSE01 2.0.0
2026-09-28 21:56:34,950 [INFO] ThirdParty:967 - CMSIS Pack Vendor :STMicroelectronics X-CUBE-ALGOBUILD 1.5.0
2026-09-28 21:56:34,950 [INFO] ThirdParty:967 - CMSIS Pack Vendor :STMicroelectronics FreeRTOS 0.0.1
2026-09-28 21:56:34,950 [INFO] ThirdParty:967 - CMSIS Pack Vendor :STMicroelectronics X-CUBE-AZRTOS-H7RS 1.3.0
2026-09-28 21:56:34,950 [INFO] ThirdParty:967 - CMSIS Pack Vendor :STMicroelectronics X-CUBE-AZRTOS-G0 1.1.0
2026-09-28 21:56:34,950 [INFO] ThirdParty:967 - CMSIS Pack Vendor :STMicroelectronics X-CUBE-NFC4 3.0.0
2026-09-28 21:56:34,950 [INFO] ThirdParty:967 - CMSIS Pack Vendor :STMicroelectronics X-CUBE-SUBG2 5.0.0
2026-09-28 21:56:34,950 [INFO] ThirdParty:967 - CMSIS Pack Vendor :STMicroelectronics lwIP 2.0.3
2026-09-28 21:56:34,950 [INFO] ThirdParty:967 - CMSIS Pack Vendor :STMicroelectronics X-CUBE-MEMS1 13.0.0
2026-09-28 21:56:34,950 [INFO] ThirdParty:967 - CMSIS Pack Vendor :STMicroelectronics USB_HOST 1.0.0
2026-09-28 21:56:34,950 [INFO] ThirdParty:967 - CMSIS Pack Vendor :STMicroelectronics X-CUBE-AZRTOS-G4 2.0.0
2026-09-28 21:56:34,950 [INFO] ThirdParty:967 - CMSIS Pack Vendor :STMicroelectronics PDM2PCM 3.1.0
2026-09-28 21:56:34,950 [INFO] ThirdParty:967 - CMSIS Pack Vendor :STMicroelectronics PDM2PCM 3.3.0
2026-09-28 21:56:34,950 [INFO] ThirdParty:967 - CMSIS Pack Vendor :wolfSSL I-CUBE-wolfTPM 3.8.0
2026-09-28 21:56:34,950 [INFO] ThirdParty:967 - CMSIS Pack Vendor :wolfSSL I-CUBE-wolfSSH 1.4.20
2026-09-28 21:56:34,950 [INFO] ThirdParty:967 - CMSIS Pack Vendor :STMicroelectronics X-CUBE-NFC7 2.0.0
2026-09-28 21:56:34,950 [INFO] ThirdParty:967 - CMSIS Pack Vendor :STMicroelectronics X-CUBE-GNSS1 7.1.1
2026-09-28 21:56:34,950 [INFO] ThirdParty:967 - CMSIS Pack Vendor :STMicroelectronics FP-ATR-SIGFOX1 3.2.0
2026-09-28 21:56:34,950 [INFO] ThirdParty:967 - CMSIS Pack Vendor :STMicroelectronics X-CUBE-NFC10 1.0.0
2026-09-28 21:56:34,950 [INFO] ThirdParty:967 - CMSIS Pack Vendor :STMicroelectronics HAL Drivers 0.0.0
2026-09-28 21:56:34,950 [INFO] ThirdParty:967 - CMSIS Pack Vendor :STMicroelectronics MBEDTLS 2.16.2
2026-09-28 21:56:34,950 [INFO] ThirdParty:967 - CMSIS Pack Vendor :wolfSSL I-CUBE-wolfSSL 5.9.2
2026-09-28 21:56:34,950 [INFO] ThirdParty:967 - CMSIS Pack Vendor :STMicroelectronics MBEDTLS 2.14.1
2026-09-28 21:56:34,950 [INFO] ThirdParty:967 - CMSIS Pack Vendor :STMicroelectronics X-CUBE-TOUCHGFX 4.26.1
2026-09-28 21:56:34,955 [INFO] ThirdParty:967 - CMSIS Pack Vendor :STMicroelectronics X-CUBE-NFC6 3.2.0
2026-09-28 21:56:34,955 [INFO] ThirdParty:967 - CMSIS Pack Vendor :STMicroelectronics X-CUBE-AI 10.2.1
2026-09-28 21:56:34,955 [INFO] ThirdParty:967 - CMSIS Pack Vendor :STMicroelectronics X-CUBE-AZRTOS-WL 2.0.0
2026-09-28 21:56:34,955 [INFO] ThirdParty:967 - CMSIS Pack Vendor :SEGGER I-CUBE-embOS 1.3.1
2026-09-28 21:56:34,955 [INFO] ThirdParty:967 - CMSIS Pack Vendor :STMicroelectronics USB_DEVICE 1.0.0
2026-09-28 21:56:34,955 [INFO] ThirdParty:967 - CMSIS Pack Vendor :STMicroelectronics X-CUBE-AZRTOS-L4 2.0.0
2026-09-28 21:56:34,955 [INFO] ThirdParty:967 - CMSIS Pack Vendor :STMicroelectronics ThreadX 0.0.2
2026-09-28 21:56:34,955 [INFO] ThirdParty:967 - CMSIS Pack Vendor :STMicroelectronics lwIP 2.1.2
2026-09-28 21:56:34,955 [INFO] ThirdParty:967 - CMSIS Pack Vendor :STMicroelectronics X-CUBE-SFXS2LP1 4.0.0
2026-09-28 21:56:34,955 [INFO] ThirdParty:967 - CMSIS Pack Vendor :STMicroelectronics X-CUBE-BLE2 3.3.0
2026-09-28 21:56:34,955 [INFO] ThirdParty:967 - CMSIS Pack Vendor :STMicroelectronics X-CUBE-NFC13 1.0.0
2026-09-28 21:56:34,955 [INFO] ThirdParty:967 - CMSIS Pack Vendor :STMicroelectronics PDM2PCM 3.2.0
2026-09-28 21:56:34,955 [INFO] ThirdParty:967 - CMSIS Pack Vendor :STMicroelectronics X-CUBE-WB05N 2.1.0
2026-09-28 21:56:34,955 [INFO] ThirdParty:787 - exiting critical section [change project]
2026-09-28 21:56:35,150 [INFO] PinOutPanel:1463 - setPackage(No Configuration,No Configuration)
2026-09-28 21:56:35,157 [INFO] PinOutPanel:1463 - setPackage(STM32F103C6Ux,UFQFPN48)
2026-09-28 21:56:35,555 [INFO] UtilMem:74 - Before build in PCC Used Memory: 324701720 Bytes (672137216)
2026-09-28 21:56:36,145 [INFO] UtilMem:74 - After build in PCC Used Memory: 410806776 Bytes (672137216)
2026-09-28 21:56:36,166 [INFO] IPUIPlugin:74 - create IPUIPlugin
2026-09-28 21:56:36,168 [INFO] IPUIPlugin:74 - create IPUIPlugin
2026-09-28 21:56:36,168 [INFO] IPUIPlugin:74 - create IPUIPlugin
2026-09-28 21:56:36,168 [INFO] IPUIPlugin:74 - create IPUIPlugin
2026-09-28 21:56:36,168 [INFO] IPUIPlugin:74 - create IPUIPlugin
2026-09-28 21:56:36,168 [INFO] IPUIPlugin:74 - create IPUIPlugin
2026-09-28 21:56:36,168 [INFO] IPUIPlugin:74 - create IPUIPlugin
2026-09-28 21:56:36,168 [INFO] IPUIPlugin:74 - create IPUIPlugin
2026-09-28 21:56:36,168 [INFO] IPUIPlugin:74 - create IPUIPlugin
2026-09-28 21:56:36,168 [INFO] IPUIPlugin:74 - create IPUIPlugin
2026-09-28 21:56:36,168 [INFO] IPUIPlugin:74 - create IPUIPlugin
2026-09-28 21:56:36,168 [INFO] IPUIPlugin:74 - create IPUIPlugin
2026-09-28 21:56:36,170 [INFO] IPUIPlugin:74 - create IPUIPlugin
2026-09-28 21:56:36,170 [INFO] IPUIPlugin:74 - create IPUIPlugin
2026-09-28 21:56:36,170 [INFO] IPUIPlugin:74 - create IPUIPlugin
2026-09-28 21:56:36,170 [INFO] IPUIPlugin:74 - create IPUIPlugin
2026-09-28 21:56:36,170 [INFO] IPUIPlugin:74 - create IPUIPlugin
2026-09-28 21:56:36,170 [INFO] IPUIPlugin:74 - create IPUIPlugin
2026-09-28 21:56:36,170 [INFO] IPUIPlugin:74 - create IPUIPlugin
2026-09-28 21:56:36,172 [INFO] IPUIPlugin:74 - create IPUIPlugin
2026-09-28 21:56:36,172 [INFO] IPUIPlugin:74 - create IPUIPlugin
2026-09-28 21:56:36,172 [INFO] IPUIPlugin:74 - create IPUIPlugin
2026-09-28 21:56:36,172 [INFO] IPUIPlugin:74 - create IPUIPlugin
2026-09-28 21:56:36,285 [INFO] OpenFileManager:333 - Restore cursor
2026-09-28 21:56:57,949 [INFO] UtilMem:74 - End SaveConfig() Used Memory: 472367688 Bytes (672137216)
2026-09-28 21:56:58,024 [INFO] UtilMem:74 - End SaveConfig() Used Memory: 485313424 Bytes (672137216)
2026-09-28 21:56:59,976 [INFO] UtilMem:74 - End SaveConfig() Used Memory: 372462256 Bytes (672137216)
2026-09-28 21:57:00,404 [INFO] BlockDiagram:2740 - set Specific Code input for plugin: NVIC
2026-09-28 21:57:00,404 [INFO] BlockDiagram:2740 - set Specific Code input for plugin: SYS
2026-09-28 21:57:00,404 [INFO] BlockDiagram:2740 - set Specific Code input for plugin: GPIO
2026-09-28 21:57:00,404 [INFO] BlockDiagram:2740 - set Specific Code input for plugin: RCC
2026-09-28 21:57:00,414 [INFO] CodeGenerator:663 - code generatio: config db path: D:\STM32CubeIDE_1.7.0\STM32CubeIDE\plugins\com.st.stm32cube.common.mx_6.3.0.202107141111\\db\
2026-09-28 21:57:00,694 [INFO] CodeEngine:239 - oldGeneratedFile, D:\Lab_VXL\Lab 1\Ex2\MXTmpFiles\license.tmp_save
2026-09-28 21:57:01,064 [INFO] CodeEngine:257 - Generated code: D:\Lab_VXL\Lab 1\Ex2\MXTmpFiles\license.tmp
2026-09-28 21:57:01,154 [INFO] CodeEngine:239 - oldGeneratedFile, D:\Lab_VXL\Lab 1\Ex2\MXTmpFiles\gpio.tmp_save
2026-09-28 21:57:01,267 [INFO] CodeEngine:257 - Generated code: D:\Lab_VXL\Lab 1\Ex2\MXTmpFiles\gpio.tmp
2026-09-28 21:57:01,305 [INFO] CodeEngine:239 - oldGeneratedFile, D:\Lab_VXL\Lab 1\Ex2\Core\Src\stm32f1xx_it.c_save
2026-09-28 21:57:01,424 [INFO] CodeEngine:257 - Generated code: D:\Lab_VXL\Lab 1\Ex2\Core\Src\stm32f1xx_it.c
2026-09-28 21:57:01,424 [INFO] CodeEngine:239 - oldGeneratedFile, D:\Lab_VXL\Lab 1\Ex2\Core\Inc\stm32f1xx_it.h_save
2026-09-28 21:57:01,504 [INFO] CodeEngine:257 - Generated code: D:\Lab_VXL\Lab 1\Ex2\Core\Inc\stm32f1xx_it.h
2026-09-28 21:57:01,526 [INFO] CodeEngine:239 - oldGeneratedFile, D:\Lab_VXL\Lab 1\Ex2\Core\Src\stm32f1xx_hal_msp.c_save
2026-09-28 21:57:01,694 [INFO] CodeEngine:257 - Generated code: D:\Lab_VXL\Lab 1\Ex2\Core\Src\stm32f1xx_hal_msp.c
2026-09-28 21:57:01,705 [INFO] CodeEngine:239 - oldGeneratedFile, D:\Lab_VXL\Lab 1\Ex2\MXTmpFiles\system.tmp_save
2026-09-28 21:57:01,784 [INFO] CodeEngine:257 - Generated code: D:\Lab_VXL\Lab 1\Ex2\MXTmpFiles\system.tmp
2026-09-28 21:57:01,799 [INFO] CodeEngine:239 - oldGeneratedFile, D:\Lab_VXL\Lab 1\Ex2\Core\Inc\stm32f1xx_hal_conf.h_save
2026-09-28 21:57:01,917 [INFO] CodeEngine:257 - Generated code: D:\Lab_VXL\Lab 1\Ex2\Core\Inc\stm32f1xx_hal_conf.h
2026-09-28 21:57:01,974 [INFO] CodeEngine:239 - oldGeneratedFile, D:\Lab_VXL\Lab 1\Ex2\Core\Inc\main.h_save
2026-09-28 21:57:02,089 [INFO] CodeEngine:257 - Generated code: D:\Lab_VXL\Lab 1\Ex2\Core\Inc\main.h
2026-09-28 21:57:02,100 [INFO] CodeEngine:239 - oldGeneratedFile, D:\Lab_VXL\Lab 1\Ex2\Core\Src\main.c_save
2026-09-28 21:57:02,264 [INFO] CodeEngine:257 - Generated code: D:\Lab_VXL\Lab 1\Ex2\Core\Src\main.c
2026-09-28 21:57:03,080 [INFO] ProjectBuilder:2578 - Time for Copy HAL[1] : 86mS.
2026-09-28 21:57:03,086 [INFO] ProjectBuilder:3622 - Project Generator version: 3.14.1
2026-09-28 21:57:03,520 [INFO] ConfigFileManager:1271 - The Die is : DIE412
2026-09-28 21:57:03,534 [INFO] ApiDbMcu:468 - Load IP Config File for FATFS
2026-09-28 21:57:03,564 [INFO] ApiDbMcu:468 - Load IP Config File for FREERTOS
2026-09-28 21:57:03,596 [INFO] ApiDbMcu:468 - Load IP Config File for USB_DEVICE
2026-09-28 21:57:05,952 [INFO] ProjectBuilder:3789 - Time for Generating toolchain IDE Files: 2866mS.
2026-09-28 21:57:05,954 [INFO] ProjectBuilder:2457 - Time for Copy CMSIS : 0mS.
2026-09-28 21:57:05,955 [INFO] ProjectBuilder:2457 - Time for Copy CMSIS : 0mS.
